receipt_id,text,label,makro_label,total_belanja
1,cinnamon roll,Coffee Shops,Food & Beverage,66000
2,sunlight lime pop mie ayam tepung segitiga biru indomie goreng fiesta nugget gula pasir garam refina tissue nice s bimoli l beras ramos kopi kapal api mix chitato sapi panggang,Groceries,Food & Beverage,537300
3,paket burger combo paket hemat spicy chicken wings chicken popcorn pudding chocolate ice cream cone cola medium,Fast Food,Food & Beverage,296500
4,paket ayam nasi cola medium take away bag,Fast Food,Food & Beverage,85000
5,capcay seafood cumi saus padang,Restaurants,Food & Beverage,180000
6,body mist wardah lightening toner garnier micellar water,Beauty,Health & Personal Care,97000
7,spaghetti chicken pb burger cheese cola medium,Fast Food,Food & Beverage,125500
8,revvo,Gas & Fuel,Transportation,94000
9,wardah lightening toner skintific moisturizer emina lip cream ellips hair vitamin body mist garnier micellar water maybelline fit me somethinc serum,Beauty,Health & Personal Care,607500
10,tepung segitiga biru sunlight lime pepsodent pop mie ayam ultra milk coklat kecap bango nu green tea aqua mie sedaap soto,Groceries,Food & Beverage,179000
11,vitamin c mg betadine termometer digital,Health,Health & Personal Care,316000
12,roma kelapa chitato sapi panggang pepsodent,Groceries,Food & Beverage,120000
13,ellips hair vitamin body mist,Beauty,Health & Personal Care,82000
14,nasi putih ice cream cone spicy chicken wings burger cheese rice bowl chicken,Fast Food,Food & Beverage,207000
15,ponds face wash hand cream body mist emina lip cream,Beauty,Health & Personal Care,251000
16,bebek goreng capcay seafood gurame bakar bakso urat air mineral jeruk hangat,Restaurants,Food & Beverage,685000
17,oralit sachet betadine panadol biru strip enervon c botol,Health,Health & Personal Care,117000
18,webcam full hd mouse wireless,Electronics & Software,Lifestyle & Entertainment,602500
19,kopi kapal api mix sosis so nice telur ayam gula pasir,Groceries,Food & Beverage,93000
20,service charge air mineral sop iga,Restaurants,Food & Beverage,255000
21,plastik sampah x kain pel super pell rinso deterjen baygon aerosol,Household,Housing & Utilities,383700
22,tol jakarta cikampek bagasi tambahan,Transportation,Transportation,267500
23,travel antarkota tol dalam kota tiket krl,Transportation,Transportation,321000
24,sop iga bebek goreng,Restaurants,Food & Beverage,380000
25,capcay seafood sate ayam tsk,Restaurants,Food & Beverage,90000
26,tiket krl,Transportation,Transportation,4000
27,stella pengharum attack easy molto pewangi sikat wc sos pembersih lantai super pell karbol wangi,Household,Housing & Utilities,342100
28,yakult saus sambal abc sunlight lime indomie ayam bawang tepung segitiga biru,Groceries,Food & Beverage,100000
29,bimoli l roti tawar sari roti frisian flag uht lifebuoy sabun batang pop mie ayam beras ramos piattos sapi panggang,Groceries,Food & Beverage,265500
30,french fries pudding chocolate spicy chicken wings cola medium lemon tea ayam goreng crispy rice bowl chicken paket burger combo nasi putih ice cream cone,Fast Food,Food & Beverage,631500
31,garnier micellar water herborist body butter azarine sunscreen emina lip cream ponds face wash scarlett body scrub body mist,Beauty,Health & Personal Care,736000
32,termometer digital enervon c botol,Health,Health & Personal Care,135700
33,scarlett body scrub,Beauty,Health & Personal Care,78000
34,ayam bakar madu dimsum ayam es cendol,Restaurants,Food & Beverage,137000
35,enervon c botol sanmol tablet obh combi,Health,Health & Personal Care,74000
36,bebek goreng,Restaurants,Food & Beverage,112000
37,soto ayam air mineral,Restaurants,Food & Beverage,36000
38,sunlight lime sikat wc stella pengharum karbol wangi plastik sampah x tissue paseo s rinso deterjen attack easy lap microfiber,Household,Housing & Utilities,628100
39,speaker bluetooth,Electronics & Software,Lifestyle & Entertainment,219000
40,brownies,Coffee Shops,Food & Beverage,31600
41,good day cappuccino le minerale sosis so nice frisian flag uht pop mie ayam kecap bango telur ayam,Groceries,Food & Beverage,178500
42,piattos sapi panggang indomie ayam bawang pop mie ayam le minerale,Groceries,Food & Beverage,26000
43,burger cheese lemon tea french fries,Fast Food,Food & Beverage,80500
44,aqua oreo vanilla teh pucuk mie sedaap soto yakult tissue nice s,Groceries,Food & Beverage,291000
45,flashdisk keyboard usb,Electronics & Software,Lifestyle & Entertainment,255500
46,antangin cair obh combi masker medis hansaplast,Health,Health & Personal Care,96000
47,wipol,Household,Housing & Utilities,110000
48,shell v power kopi kaleng,Gas & Fuel,Transportation,170000
49,anti gores hp keyboard usb,Electronics & Software,Lifestyle & Entertainment,202500
50,termometer digital oralit sachet sanmol tablet,Health,Health & Personal Care,78000
51,nasi goreng spesial jeruk hangat cumi saus padang kwetiau siram sapi sop iga dimsum ayam sate ayam tsk ayam bakar madu mie ayam jamur bebek goreng,Restaurants,Food & Beverage,611900
52,mie sedaap soto fiesta nugget,Groceries,Food & Beverage,220000
53,karbol wangi,Household,Housing & Utilities,22000
54,air mineral cumi saus padang tax resto bakso urat,Restaurants,Food & Beverage,123900
55,ellips hair vitamin maybelline fit me hand cream,Beauty,Health & Personal Care,177900
56,tissue nice s garam refina saus sambal abc tepung segitiga biru beras ramos lifebuoy sabun batang,Groceries,Food & Beverage,342000
57,masker medis komix jahe sanmol tablet,Health,Health & Personal Care,70000
58,pepsodent chitato sapi panggang oreo vanilla kopi kapal api mix,Groceries,Food & Beverage,54500
59,sekrup set rak susun tingkat obeng set lampu led jam dinding storage box l organizer drawer cat tembok gantungan baju set talenan,Home Improvement,Housing & Utilities,1486500
60,lychee tea brownies kopi susu gula aren cappuccino chocolate ice,Coffee Shops,Food & Beverage,507000
61,nasi goreng spesial capcay seafood air mineral mie ayam jamur,Restaurants,Food & Beverage,428600
62,spicy chicken wings cola medium chicken nugget,Fast Food,Food & Beverage,117000
63,oreo vanilla nu green tea bimoli l,Groceries,Food & Beverage,61500
64,tepung segitiga biru le minerale indomie goreng filma minyak l lifebuoy sabun batang,Groceries,Food & Beverage,82800
65,indomie ayam bawang,Groceries,Food & Beverage,4000
66,sekrup set gantungan baju set lampu led rak susun tingkat,Home Improvement,Housing & Utilities,410000
67,chocolate ice kopi susu gula aren es kopi pandan spanish latte cappuccino extra shot cinnamon roll,Coffee Shops,Food & Beverage,184300
68,bakso urat nasi putih mie goreng jawa,Restaurants,Food & Beverage,213000
69,cola medium chicken nugget pudding chocolate lemon tea ice cream cone burger cheese,Fast Food,Food & Beverage,149000
70,oppo a,Electronics & Software,Lifestyle & Entertainment,2104000
71,banana bread extra shot oat milk spanish latte iced americano cinnamon roll caffe latte kopi susu gula aren chocolate ice almond croissant,Coffee Shops,Food & Beverage,730000
72,saus sambal abc sosis so nice filma minyak l lifebuoy sabun batang roti tawar sari roti bimoli l,Groceries,Food & Beverage,120300
73,sosis so nice walls cornetto pop mie ayam,Groceries,Food & Beverage,56000
74,teh pucuk fiesta nugget piattos sapi panggang ultra milk coklat yakult indomie ayam bawang,Groceries,Food & Beverage,251000
75,sambal extra,Fast Food,Food & Beverage,5000
76,lampu led keran air bantal sofa,Home Improvement,Housing & Utilities,228500
77,panadol biru strip paracetamol mg minyak kayu putih,Health,Health & Personal Care,181500
78,revvo,Gas & Fuel,Transportation,448000
79,beras ramos,Groceries,Food & Beverage,300000
80,powerbank flashdisk,Electronics & Software,Lifestyle & Entertainment,430500
81,rinso deterjen super pell kain pel karbol wangi stella pengharum sabun cuci tangan,Household,Housing & Utilities,636000
82,keyboard usb charger fast redmi note,Electronics & Software,Lifestyle & Entertainment,8441000
83,mie ayam jamur soto ayam es teh manis service charge,Restaurants,Food & Beverage,309300
84,revlon lipstick wardah lightening toner makarizo hair mask,Beauty,Health & Personal Care,181000
85,mie goreng jawa,Restaurants,Food & Beverage,81000
86,food container set jam dinding pot tanaman,Home Improvement,Housing & Utilities,392000
87,wipol rinso deterjen baygon aerosol sabun cuci tangan molto pewangi,Household,Housing & Utilities,593700
88,rak susun tingkat organizer drawer,Home Improvement,Housing & Utilities,221500
89,tax resto rice bowl chicken paket hemat,Fast Food,Food & Beverage,163000
90,indomie goreng roma kelapa pepsodent le minerale,Groceries,Food & Beverage,99000
91,kabel roll stop rak susun tingkat food container set pot tanaman cat tembok pisau dapur gantungan baju set jam dinding,Home Improvement,Housing & Utilities,1247500
92,herborist body butter vaseline body lotion hand cream somethinc serum,Beauty,Health & Personal Care,302000
93,take away bag paket burger combo pb chicken nugget french fries sambal extra,Fast Food,Food & Beverage,326700
94,dexlite,Gas & Fuel,Transportation,315000
95,legging sport kemeja oxford topi baseball,Apparel,Lifestyle & Entertainment,622000
96,ponds face wash azarine sunscreen,Beauty,Health & Personal Care,128000
97,service charge nasi goreng spesial jeruk hangat cumi saus padang,Restaurants,Food & Beverage,209000
98,almond croissant brownies,Coffee Shops,Food & Beverage,103000
99,bebek goreng mie goreng jawa mie ayam jamur ayam bakar madu,Restaurants,Food & Beverage,346000
100,tiket ferry airport train parkir mobil tol jakarta cikampek,Transportation,Transportation,232000
101,garam refina kecap bango chitato sapi panggang sosis so nice pop mie ayam mie sedaap soto pepsodent tissue nice s telur ayam frisian flag uht,Groceries,Food & Beverage,324200
102,oreo vanilla teh pucuk,Groceries,Food & Beverage,46000
103,cat tembok obeng set kabel roll stop artificial plant talenan,Home Improvement,Housing & Utilities,590000
104,sambal extra nasi putih cola medium burger cheese take away bag,Fast Food,Food & Beverage,99400
105,kopi kapal api mix telur ayam good day cappuccino yakult chitato sapi panggang lifebuoy sabun batang,Groceries,Food & Beverage,93000
106,mie ayam jamur bebek goreng capcay seafood,Restaurants,Food & Beverage,241000
107,rice bowl chicken service charge,Fast Food,Food & Beverage,27500
108,ayam bakar madu service charge capcay seafood bakso urat service charge es cendol kwetiau siram sapi nasi goreng spesial jeruk hangat cumi saus padang air mineral,Restaurants,Food & Beverage,676200
109,telur ayam yakult,Groceries,Food & Beverage,146000
110,pertalite,Gas & Fuel,Transportation,200000
111,ayam goreng crispy chicken nugget spicy chicken wings,Fast Food,Food & Beverage,152000
112,polo shirt topi baseball ikat pinggang,Apparel,Lifestyle & Entertainment,621000
113,roma kelapa,Groceries,Food & Beverage,9000
114,burger cheese rice bowl chicken ayam goreng crispy,Fast Food,Food & Beverage,103000
115,karbol wangi sabun cuci tangan plastik sampah x sikat wc wipol,Household,Housing & Utilities,537000
116,soto ayam sate ayam tsk,Restaurants,Food & Beverage,134000
117,hansaplast minyak kayu putih,Health,Health & Personal Care,51000
118,antangin cair enervon c botol promag tablet,Health,Health & Personal Care,90500
119,sosis so nice lifebuoy sabun batang beras ramos sunlight lime roti tawar sari roti indomie ayam bawang chitato sapi panggang le minerale tepung segitiga biru pop mie ayam,Groceries,Food & Beverage,403200
120,shell v power,Gas & Fuel,Transportation,576000
121,yakult mie sedaap soto walls cornetto frisian flag uht garam refina,Groceries,Food & Beverage,81000
122,frisian flag uht filma minyak l kopi kapal api mix pop mie ayam tepung segitiga biru good day cappuccino yakult,Groceries,Food & Beverage,237500
123,indomie goreng,Groceries,Food & Beverage,7000
124,garnier micellar water ponds face wash emina lip cream,Beauty,Health & Personal Care,130500
125,case hp,Electronics & Software,Lifestyle & Entertainment,114000
126,gurame bakar kwetiau siram sapi soto ayam nasi goreng spesial bakso urat ayam bakar madu,Restaurants,Food & Beverage,294000
127,gurame bakar nasi goreng spesial,Restaurants,Food & Beverage,309500
128,bp,Gas & Fuel,Transportation,435000
129,sate ayam tsk air mineral tax resto,Restaurants,Food & Beverage,48000
130,le minerale telur ayam indomie goreng,Groceries,Food & Beverage,41000
131,gurame bakar mie ayam jamur nasi goreng spesial service charge,Restaurants,Food & Beverage,515000
132,pudding chocolate,Fast Food,Food & Beverage,10000
133,yakult roti tawar sari roti saus sambal abc piattos sapi panggang sunlight lime gula pasir,Groceries,Food & Beverage,99000
134,take away bag lemon tea chicken nugget french fries,Fast Food,Food & Beverage,84000
135,sambal extra ayam goreng crispy ice cream cone rice bowl chicken,Fast Food,Food & Beverage,229000
136,obeng set sekrup set organizer drawer pisau dapur lampu led storage box l artificial plant,Home Improvement,Housing & Utilities,638300
137,oppo a case hp charger fast,Electronics & Software,Lifestyle & Entertainment,2366000
138,makarizo hair mask garnier micellar water ponds face wash wardah lightening toner azarine sunscreen ellips hair vitamin maybelline fit me skintific moisturizer hand cream pixy bedak two way cake,Beauty,Health & Personal Care,663300
139,sepatu sneakers jeans slim fit,Apparel,Lifestyle & Entertainment,1238000
140,chicken nugget lemon tea burger cheese,Fast Food,Food & Beverage,110000
141,spaghetti chicken paket burger combo chicken nugget take away bag,Fast Food,Food & Beverage,417500
142,beras ramos walls cornetto yakult,Groceries,Food & Beverage,201200
143,shell v power,Gas & Fuel,Transportation,289000
144,panadol biru strip komix jahe paracetamol mg,Health,Health & Personal Care,60000
145,stella pengharum plastik sampah x sikat wc molto pewangi attack easy wipol sunlight lime,Household,Housing & Utilities,353500
146,cumi saus padang bebek goreng es cendol ayam bakar madu nasi goreng spesial,Restaurants,Food & Beverage,251000
147,bodrex flu batuk vitamin c mg sanmol tablet obh combi komix jahe,Health,Health & Personal Care,117300
148,oralit sachet antangin cair,Health,Health & Personal Care,6000
149,shell v power,Gas & Fuel,Transportation,225000
150,jeruk hangat,Restaurants,Food & Beverage,9500
151,ultra milk coklat nu green tea piattos sapi panggang lifebuoy sabun batang,Groceries,Food & Beverage,71200
152,shuttle bandung jkt,Transportation,Transportation,418000
153,pertamax,Gas & Fuel,Transportation,429000
154,promag tablet panadol biru strip komix jahe betadine,Health,Health & Personal Care,102400
155,kopi susu gula aren lychee tea,Coffee Shops,Food & Beverage,70500
156,kopi kapal api mix oreo vanilla pop mie ayam silverqueen,Groceries,Food & Beverage,42000
157,mie goreng jawa nasi putih bebek goreng cumi saus padang bakso urat soto ayam dimsum ayam air mineral gurame bakar sop iga,Restaurants,Food & Beverage,1165000
158,mouse wireless,Electronics & Software,Lifestyle & Entertainment,230000
159,garam refina,Groceries,Food & Beverage,24000
160,es teh manis jeruk hangat bakso urat capcay seafood,Restaurants,Food & Beverage,166800
161,ultra milk coklat,Groceries,Food & Beverage,14000
162,walls cornetto garam refina le minerale silverqueen,Groceries,Food & Beverage,167000
163,sunlight lime teh pucuk beras ramos ultra milk coklat indomie goreng,Groceries,Food & Beverage,350500
164,nasi putih spaghetti chicken cola medium paket hemat spicy chicken wings service charge pudding chocolate,Fast Food,Food & Beverage,264500
165,molto pewangi sikat wc lap microfiber,Household,Housing & Utilities,116500
166,tepung segitiga biru walls cornetto,Groceries,Food & Beverage,38000
167,revvo,Gas & Fuel,Transportation,559000
168,indomie ayam bawang frisian flag uht tepung segitiga biru teh pucuk,Groceries,Food & Beverage,70000
169,sos pembersih lantai rinso deterjen wipol lap microfiber super pell,Household,Housing & Utilities,282000
170,french fries paket burger combo lemon tea paket hemat paket ayam nasi,Fast Food,Food & Beverage,201500
171,keyboard usb usb hub port,Electronics & Software,Lifestyle & Entertainment,496000
172,kopi kapal api mix filma minyak l chitato sapi panggang indomie ayam bawang ultra milk coklat,Groceries,Food & Beverage,157000
173,anti gores hp charger fast redmi note,Electronics & Software,Lifestyle & Entertainment,2779000
174,attack easy kain pel wipol sos pembersih lantai karbol wangi,Household,Housing & Utilities,288000
175,panadol biru strip sanmol tablet komix jahe enervon c botol,Health,Health & Personal Care,143500
176,karbol wangi sikat wc plastik sampah x lap microfiber molto pewangi,Household,Housing & Utilities,182000
177,take away bag cola medium ayam goreng crispy paket burger combo ice cream cone,Fast Food,Food & Beverage,164800
178,pertamax turbo,Gas & Fuel,Transportation,315000
179,pertamax turbo air mineral,Gas & Fuel,Transportation,308200
180,wardah lightening toner herborist body butter skintific moisturizer ellips hair vitamin emina lip cream,Beauty,Health & Personal Care,364000
181,kecap bango bimoli l,Groceries,Food & Beverage,89400
182,organizer drawer storage box l food container set bantal sofa keran air jam dinding,Home Improvement,Housing & Utilities,899600
183,tepung segitiga biru good day cappuccino saus sambal abc filma minyak l walls cornetto frisian flag uht nu green tea,Groceries,Food & Beverage,124000
184,sanmol tablet betadine minyak kayu putih komix jahe,Health,Health & Personal Care,75000
185,kopi susu gula aren extra shot,Coffee Shops,Food & Beverage,69000
186,paket ayam nasi ayam goreng crispy,Fast Food,Food & Beverage,56000
187,rak susun tingkat gantungan baju set cat tembok storage box l organizer drawer kabel roll stop,Home Improvement,Housing & Utilities,1055500
188,organizer drawer sekrup set pisau dapur jam dinding food container set pot tanaman,Home Improvement,Housing & Utilities,491000
189,tolak angin box komix jahe oralit sachet,Health,Health & Personal Care,66100
190,sate ayam tsk pb es cendol,Restaurants,Food & Beverage,53000
191,molto pewangi karbol wangi super pell,Household,Housing & Utilities,154000
192,cinnamon roll cappuccino,Coffee Shops,Food & Beverage,72100
193,stella pengharum attack easy sunlight lime super pell lap microfiber baygon aerosol plastik sampah x sikat wc wipol sabun cuci tangan sos pembersih lantai rinso deterjen,Household,Housing & Utilities,673000
194,paket ayam nasi ayam goreng crispy lemon tea,Fast Food,Food & Beverage,85000
195,antangin cair hansaplast promag tablet termometer digital sanmol tablet,Health,Health & Personal Care,118900
196,silverqueen ultra milk coklat telur ayam,Groceries,Food & Beverage,216500
197,mie goreng jawa,Restaurants,Food & Beverage,38000
198,brownies es kopi pandan kopi susu gula aren lychee tea banana bread almond croissant,Coffee Shops,Food & Beverage,558000
199,nasi putih mie ayam jamur service charge,Restaurants,Food & Beverage,59000
200,chicken nugget,Fast Food,Food & Beverage,19000
201,dexlite,Gas & Fuel,Transportation,252000
202,telur ayam yakult beras ramos saus sambal abc oreo vanilla,Groceries,Food & Beverage,267000
203,almond croissant oat milk cappuccino chocolate ice cheesecake slice brownies,Coffee Shops,Food & Beverage,233500
204,spon cuci piring baygon aerosol sikat wc sabun cuci tangan super pell karbol wangi lap microfiber molto pewangi plastik sampah x,Household,Housing & Utilities,692000
205,ultra milk coklat garam refina aqua roma kelapa kecap bango chitato sapi panggang,Groceries,Food & Beverage,102800
206,silverqueen roti tawar sari roti kopi kapal api mix piattos sapi panggang oreo vanilla tepung segitiga biru,Groceries,Food & Beverage,177400
207,roma kelapa fiesta nugget ultra milk coklat silverqueen nu green tea,Groceries,Food & Beverage,125600
208,chicken popcorn sambal extra cola medium lemon tea,Fast Food,Food & Beverage,187000
209,sambal extra burger cheese,Fast Food,Food & Beverage,130000
210,le minerale good day cappuccino yakult indomie goreng lifebuoy sabun batang tissue nice s,Groceries,Food & Beverage,89800
211,attack easy karbol wangi kain pel tissue paseo s wipol,Household,Housing & Utilities,284500
212,pb rice bowl chicken lemon tea,Fast Food,Food & Beverage,159000
213,nasi putih ayam bakar madu bakso urat cumi saus padang,Restaurants,Food & Beverage,201000
214,mie sedaap soto,Groceries,Food & Beverage,3500
215,good day cappuccino indomie ayam bawang aqua,Groceries,Food & Beverage,28000
216,oat milk croissant butter chocolate ice brownies,Coffee Shops,Food & Beverage,371500
217,tepung segitiga biru tissue nice s roma kelapa,Groceries,Food & Beverage,102500
218,roti tawar sari roti pop mie ayam,Groceries,Food & Beverage,26000
219,kopi kapal api mix indomie ayam bawang pop mie ayam chitato sapi panggang tissue nice s,Groceries,Food & Beverage,61800
220,bp kopi kaleng,Gas & Fuel,Transportation,544800
221,panadol biru strip bodrex flu batuk,Health,Health & Personal Care,31000
222,oreo vanilla le minerale saus sambal abc sosis so nice fiesta nugget good day cappuccino telur ayam bimoli l pepsodent indomie goreng,Groceries,Food & Beverage,347500
223,extra shot chocolate ice lychee tea cappuccino es kopi pandan brownies matcha latte kopi susu gula aren banana bread oat milk,Coffee Shops,Food & Beverage,714500
224,topi baseball,Apparel,Lifestyle & Entertainment,114000
225,rinso deterjen spon cuci piring sabun cuci tangan sikat wc,Household,Housing & Utilities,176500
226,tissue nice s ultra milk coklat mie sedaap soto sosis so nice chitato sapi panggang lifebuoy sabun batang,Groceries,Food & Beverage,76000
227,ultra milk coklat le minerale good day cappuccino,Groceries,Food & Beverage,27000
228,croissant butter iced americano es kopi pandan caffe latte,Coffee Shops,Food & Beverage,167000
229,dexlite,Gas & Fuel,Transportation,434000
230,pepsodent telur ayam yakult,Groceries,Food & Beverage,109000
231,nasi putih es teh manis bebek goreng,Restaurants,Food & Beverage,86000
232,capcay seafood sate ayam tsk jeruk hangat,Restaurants,Food & Beverage,133000
233,bagasi tambahan tiket kereta eksekutif,Transportation,Transportation,888000
234,cheesecake slice spanish latte cappuccino,Coffee Shops,Food & Beverage,194000
235,nu green tea oreo vanilla filma minyak l good day cappuccino,Groceries,Food & Beverage,43000
236,filma minyak l nu green tea pepsodent pop mie ayam,Groceries,Food & Beverage,91000
237,kaos kaki,Apparel,Lifestyle & Entertainment,38000
238,skintific moisturizer vaseline body lotion emina lip cream somethinc serum,Beauty,Health & Personal Care,424000
239,sport bra kaos basic cotton baju anak polo shirt,Apparel,Lifestyle & Entertainment,753400
240,es teh manis es cendol gurame bakar,Restaurants,Food & Beverage,206000
241,pb service charge mie ayam jamur mie goreng jawa,Restaurants,Food & Beverage,90000
242,hand cream wardah lightening toner,Beauty,Health & Personal Care,82000
243,pixy bedak two way cake body mist makarizo hair mask,Beauty,Health & Personal Care,169000
244,azarine sunscreen body mist wardah lightening toner revlon lipstick scarlett body scrub,Beauty,Health & Personal Care,638500
245,bio solar,Gas & Fuel,Transportation,182000
246,good day cappuccino chitato sapi panggang bimoli l indomie goreng tepung segitiga biru teh pucuk roti tawar sari roti piattos sapi panggang indomie ayam bawang sunlight lime beras ramos le minerale,Groceries,Food & Beverage,379000
247,anti gores hp oppo a kabel data type c,Electronics & Software,Lifestyle & Entertainment,2891000
248,walls cornetto tissue nice s piattos sapi panggang filma minyak l aqua telur ayam tepung segitiga biru indomie ayam bawang le minerale kecap bango,Groceries,Food & Beverage,178200
249,garam refina tissue nice s pop mie ayam mie sedaap soto saus sambal abc sosis so nice piattos sapi panggang,Groceries,Food & Beverage,129000
250,kecap bango gula pasir fiesta nugget sosis so nice oreo vanilla walls cornetto bimoli l kopi kapal api mix chitato sapi panggang,Groceries,Food & Beverage,299800
251,bimoli l saus sambal abc piattos sapi panggang filma minyak l roti tawar sari roti gula pasir aqua telur ayam kopi kapal api mix,Groceries,Food & Beverage,363000
252,sambal extra french fries,Fast Food,Food & Beverage,74000
253,gurame bakar nasi goreng spesial ayam bakar madu sop iga service charge,Restaurants,Food & Beverage,405000
254,maybelline fit me body mist hand cream scarlett body scrub azarine sunscreen herborist body butter garnier micellar water pixy bedak two way cake,Beauty,Health & Personal Care,735000
255,bp,Gas & Fuel,Transportation,406000
256,revlon lipstick garnier micellar water azarine sunscreen scarlett body scrub,Beauty,Health & Personal Care,391000
257,somethinc serum emina lip cream hand cream garnier micellar water,Beauty,Health & Personal Care,279000
258,brownies banana bread,Coffee Shops,Food & Beverage,217000
259,airport train,Transportation,Transportation,86500
260,matcha latte lychee tea croissant butter cheesecake slice brownies iced americano service charge,Coffee Shops,Food & Beverage,645700
261,maybelline fit me somethinc serum,Beauty,Health & Personal Care,235000
262,tiket mrt jakarta tiket bus akap,Transportation,Transportation,827000
263,pertamax turbo,Gas & Fuel,Transportation,174000
264,cat tembok storage box l organizer drawer keran air gantungan baju set lampu led kabel roll stop artificial plant rak susun tingkat pisau dapur,Home Improvement,Housing & Utilities,1461400
265,parkir mobil tiket bus transjakarta tiket ferry tiket bus akap,Transportation,Transportation,348000
266,nasi putih kwetiau siram sapi gurame bakar,Restaurants,Food & Beverage,290500
267,vitamin c mg betadine masker medis enervon c botol oralit sachet promag tablet paracetamol mg tolak angin box,Health,Health & Personal Care,380400
268,anti gores hp,Electronics & Software,Lifestyle & Entertainment,73000
269,garam refina kopi kapal api mix ultra milk coklat fiesta nugget tissue nice s sosis so nice tepung segitiga biru sunlight lime,Groceries,Food & Beverage,282900
270,service charge bebek goreng mie ayam jamur cumi saus padang,Restaurants,Food & Beverage,161700
271,aqua roma kelapa yakult,Groceries,Food & Beverage,32000
272,vitamin c mg oralit sachet paracetamol mg hansaplast betadine obh combi antangin cair,Health,Health & Personal Care,174000
273,pixy bedak two way cake azarine sunscreen,Beauty,Health & Personal Care,109000
274,indomie goreng filma minyak l garam refina roma kelapa good day cappuccino kecap bango,Groceries,Food & Beverage,92500
275,kopi susu gula aren spanish latte,Coffee Shops,Food & Beverage,61000
276,yakult fiesta nugget telur ayam sunlight lime nu green tea,Groceries,Food & Beverage,151000
277,walls cornetto kecap bango filma minyak l teh pucuk nu green tea kopi kapal api mix,Groceries,Food & Beverage,175000
278,silverqueen indomie goreng indomie ayam bawang,Groceries,Food & Beverage,36000
279,paket hemat spaghetti chicken paket burger combo,Fast Food,Food & Beverage,202100
280,bio solar,Gas & Fuel,Transportation,156000
281,maybelline fit me pixy bedak two way cake ellips hair vitamin vaseline body lotion,Beauty,Health & Personal Care,387000
282,hand cream makarizo hair mask,Beauty,Health & Personal Care,138000
283,oralit sachet,Health,Health & Personal Care,2000
284,sunlight lime,Household,Housing & Utilities,36000
285,kabel roll stop artificial plant storage box l rak susun tingkat lampu led keran air jam dinding,Home Improvement,Housing & Utilities,1063000
286,silverqueen aqua bimoli l mie sedaap soto good day cappuccino teh pucuk sunlight lime,Groceries,Food & Beverage,221000
287,kopi kapal api mix pop mie ayam nu green tea yakult pepsodent telur ayam,Groceries,Food & Beverage,101000
288,samsung a anti gores hp,Electronics & Software,Lifestyle & Entertainment,3254200
289,tol dalam kota tiket krl bagasi tambahan tiket ferry tiket pesawat domestik,Transportation,Transportation,5136000
290,garnier micellar water body mist ponds face wash wardah lightening toner maybelline fit me pixy bedak two way cake makarizo hair mask emina lip cream,Beauty,Health & Personal Care,518500
291,yakult telur ayam garam refina walls cornetto le minerale sunlight lime frisian flag uht silverqueen,Groceries,Food & Beverage,229400
292,cumi saus padang bakso urat sop iga,Restaurants,Food & Beverage,299000
293,chitato sapi panggang mie sedaap soto,Groceries,Food & Beverage,19000
294,take away bag burger cheese paket hemat spicy chicken wings chicken popcorn,Fast Food,Food & Beverage,238500
295,roma kelapa sunlight lime,Groceries,Food & Beverage,78000
296,frisian flag uht garam refina piattos sapi panggang lifebuoy sabun batang kopi kapal api mix gula pasir pop mie ayam,Groceries,Food & Beverage,112200
297,hansaplast tolak angin box vitamin c mg,Health,Health & Personal Care,160700
298,nu green tea ultra milk coklat tissue nice s fiesta nugget telur ayam frisian flag uht pepsodent walls cornetto tepung segitiga biru kecap bango,Groceries,Food & Beverage,450800
299,mie goreng jawa es cendol bakso urat,Restaurants,Food & Beverage,115000
300,revvo,Gas & Fuel,Transportation,455000
301,oreo vanilla fiesta nugget pepsodent piattos sapi panggang le minerale ultra milk coklat bimoli l saus sambal abc filma minyak l aqua,Groceries,Food & Beverage,370000
302,pertamax,Gas & Fuel,Transportation,325000
303,tax resto service charge,Restaurants,Food & Beverage,34000
304,indomie goreng kopi kapal api mix aqua gula pasir piattos sapi panggang sunlight lime,Groceries,Food & Beverage,198500
305,cola medium spicy chicken wings ice cream cone paket ayam nasi,Fast Food,Food & Beverage,202000
306,wipol kain pel lap microfiber sos pembersih lantai baygon aerosol rinso deterjen,Household,Housing & Utilities,523200
307,sop iga capcay seafood air mineral es cendol gurame bakar,Restaurants,Food & Beverage,888000
308,karbol wangi wipol attack easy kain pel,Household,Housing & Utilities,174000
309,termometer digital bodrex flu batuk promag tablet obh combi,Health,Health & Personal Care,197500
310,pb ayam goreng crispy,Fast Food,Food & Beverage,24000
311,shell v power,Gas & Fuel,Transportation,155000
312,iced americano tax resto,Coffee Shops,Food & Beverage,210000
313,paket ayam nasi chicken nugget rice bowl chicken ayam goreng crispy,Fast Food,Food & Beverage,177000
314,sunlight lime silverqueen pepsodent lifebuoy sabun batang telur ayam le minerale nu green tea pop mie ayam frisian flag uht mie sedaap soto tepung segitiga biru good day cappuccino,Groceries,Food & Beverage,173200
315,paracetamol mg bodrex flu batuk hansaplast masker medis minyak kayu putih vitamin c mg,Health,Health & Personal Care,316500
316,mie sedaap soto nu green tea telur ayam frisian flag uht good day cappuccino kecap bango bimoli l,Groceries,Food & Beverage,163000
317,hand cream makarizo hair mask scarlett body scrub azarine sunscreen wardah lightening toner emina lip cream,Beauty,Health & Personal Care,322400
318,emina lip cream herborist body butter ponds face wash scarlett body scrub makarizo hair mask,Beauty,Health & Personal Care,393000
319,tiket kereta eksekutif tiket bus transjakarta tiket ferry bagasi tambahan,Transportation,Transportation,1113000
320,anti gores hp,Electronics & Software,Lifestyle & Entertainment,74000
321,nasi goreng spesial sate ayam tsk es cendol cumi saus padang mie goreng jawa gurame bakar,Restaurants,Food & Beverage,850000
322,obeng set cat tembok jam dinding,Home Improvement,Housing & Utilities,326000
323,matcha latte caffe latte brownies,Coffee Shops,Food & Beverage,133900
324,telur ayam indomie goreng gula pasir piattos sapi panggang roti tawar sari roti,Groceries,Food & Beverage,82000
325,pisau dapur pot tanaman keran air jam dinding,Home Improvement,Housing & Utilities,400400
326,kopi kapal api mix oreo vanilla garam refina,Groceries,Food & Beverage,22000
327,le minerale filma minyak l,Groceries,Food & Beverage,55000
328,revvo,Gas & Fuel,Transportation,550000
329,tax resto ayam bakar madu es cendol,Restaurants,Food & Beverage,80000
330,garnier micellar water body mist wardah lightening toner,Beauty,Health & Personal Care,208000
331,cheesecake slice caffe latte brownies es kopi pandan kopi susu gula aren banana bread matcha latte,Coffee Shops,Food & Beverage,242500
332,bodrex flu batuk hansaplast vitamin c mg,Health,Health & Personal Care,82500
333,paket burger combo ayam goreng crispy spaghetti chicken pudding chocolate sambal extra,Fast Food,Food & Beverage,418000
334,frisian flag uht good day cappuccino pop mie ayam garam refina sunlight lime mie sedaap soto,Groceries,Food & Beverage,47900
335,croissant butter cheesecake slice caffe latte matcha latte,Coffee Shops,Food & Beverage,207500
336,kain pel sunlight lime plastik sampah x molto pewangi super pell spon cuci piring,Household,Housing & Utilities,486400
337,attack easy tissue paseo s molto pewangi sos pembersih lantai sikat wc,Household,Housing & Utilities,220000
338,tissue paseo s spon cuci piring,Household,Housing & Utilities,31500
339,ayam goreng crispy ice cream cone spicy chicken wings chicken popcorn nasi putih sambal extra pudding chocolate,Fast Food,Food & Beverage,213000
340,molto pewangi lap microfiber super pell attack easy tissue paseo s sabun cuci tangan baygon aerosol sunlight lime,Household,Housing & Utilities,542900
341,pertamax turbo,Gas & Fuel,Transportation,553000
342,es cendol nasi goreng spesial bebek goreng cumi saus padang sop iga,Restaurants,Food & Beverage,489500
343,sosis so nice teh pucuk kopi kapal api mix indomie goreng,Groceries,Food & Beverage,43500
344,karbol wangi spon cuci piring attack easy sunlight lime lap microfiber rinso deterjen sikat wc,Household,Housing & Utilities,493200
345,le minerale saus sambal abc,Groceries,Food & Beverage,39000
346,take away bag chicken nugget sambal extra burger cheese chicken popcorn,Fast Food,Food & Beverage,253000
347,body mist maybelline fit me emina lip cream makarizo hair mask ponds face wash vaseline body lotion hand cream revlon lipstick,Beauty,Health & Personal Care,479000
348,tiket kereta eksekutif,Transportation,Transportation,745000
349,headset bluetooth anti gores hp,Electronics & Software,Lifestyle & Entertainment,366500
350,filma minyak l roti tawar sari roti indomie ayam bawang bimoli l gula pasir garam refina fiesta nugget,Groceries,Food & Beverage,240000
351,parkir motor,Transportation,Transportation,7000
352,pisau dapur rak susun tingkat keran air bantal sofa gantungan baju set,Home Improvement,Housing & Utilities,657000
353,mie sedaap soto bimoli l,Groceries,Food & Beverage,48500
354,bebek goreng sop iga dimsum ayam air mineral service charge,Restaurants,Food & Beverage,138500
355,spaghetti chicken french fries cola medium,Fast Food,Food & Beverage,510000
356,garnier micellar water pixy bedak two way cake revlon lipstick hand cream makarizo hair mask wardah lightening toner somethinc serum,Beauty,Health & Personal Care,520000
357,makarizo hair mask ellips hair vitamin,Beauty,Health & Personal Care,128000
358,sanmol tablet tolak angin box panadol biru strip,Health,Health & Personal Care,76000
359,dexlite kopi kaleng,Gas & Fuel,Transportation,251000
360,indomie ayam bawang telur ayam aqua saus sambal abc kopi kapal api mix,Groceries,Food & Beverage,123000
361,kecap bango roma kelapa telur ayam indomie goreng indomie ayam bawang garam refina tepung segitiga biru ultra milk coklat,Groceries,Food & Beverage,139500
362,spanish latte banana bread cappuccino chocolate ice,Coffee Shops,Food & Beverage,196500
363,mouse wireless anti gores hp,Electronics & Software,Lifestyle & Entertainment,260000
364,bodrex flu batuk promag tablet oralit sachet minyak kayu putih hansaplast tolak angin box panadol biru strip,Health,Health & Personal Care,199000
365,capcay seafood gurame bakar,Restaurants,Food & Beverage,161000
366,bimoli l silverqueen tissue nice s,Groceries,Food & Beverage,69000
367,betadine,Health,Health & Personal Care,28000
368,jeans slim fit,Apparel,Lifestyle & Entertainment,572500
369,vitamin c mg sanmol tablet hansaplast komix jahe enervon c botol,Health,Health & Personal Care,186000
370,paracetamol mg,Health,Health & Personal Care,13000
371,caffe latte cinnamon roll es kopi pandan,Coffee Shops,Food & Beverage,129500
372,telur ayam walls cornetto fiesta nugget gula pasir silverqueen mie sedaap soto,Groceries,Food & Beverage,231300
373,ayam goreng crispy lemon tea sambal extra cola medium pudding chocolate,Fast Food,Food & Beverage,138600
374,indomie goreng roma kelapa chitato sapi panggang beras ramos,Groceries,Food & Beverage,869000
375,azarine sunscreen hand cream skintific moisturizer garnier micellar water revlon lipstick makarizo hair mask,Beauty,Health & Personal Care,559000
376,lifebuoy sabun batang chitato sapi panggang gula pasir,Groceries,Food & Beverage,42500
377,sunlight lime ultra milk coklat tepung segitiga biru pepsodent mie sedaap soto roma kelapa,Groceries,Food & Beverage,300200
378,airport train,Transportation,Transportation,84000
379,wipol molto pewangi,Household,Housing & Utilities,132400
380,roti tawar sari roti mie sedaap soto indomie ayam bawang,Groceries,Food & Beverage,45000
381,walls cornetto roma kelapa beras ramos filma minyak l,Groceries,Food & Beverage,836500
382,roma kelapa teh pucuk silverqueen roti tawar sari roti fiesta nugget yakult,Groceries,Food & Beverage,134400
383,ayam bakar madu gurame bakar pb,Restaurants,Food & Beverage,344000
384,antangin cair masker medis promag tablet,Health,Health & Personal Care,142400
385,pot tanaman organizer drawer storage box l jam dinding talenan gantungan baju set artificial plant,Home Improvement,Housing & Utilities,559000
386,tolak angin box hansaplast obh combi masker medis,Health,Health & Personal Care,134100
387,air mineral dimsum ayam service charge service charge,Restaurants,Food & Beverage,102000
388,usb hub port,Electronics & Software,Lifestyle & Entertainment,325000
389,pb cumi saus padang service charge ayam bakar madu,Restaurants,Food & Beverage,314500
390,enervon c botol promag tablet,Health,Health & Personal Care,114000
391,cinnamon roll iced americano,Coffee Shops,Food & Beverage,242000
392,teh pucuk chitato sapi panggang pepsodent nu green tea tissue nice s saus sambal abc,Groceries,Food & Beverage,234500
393,pertamax,Gas & Fuel,Transportation,396000
394,kabel data type c,Electronics & Software,Lifestyle & Entertainment,74000
395,iced americano cinnamon roll,Coffee Shops,Food & Beverage,123000
396,silverqueen indomie ayam bawang good day cappuccino roti tawar sari roti aqua nu green tea chitato sapi panggang gula pasir tepung segitiga biru,Groceries,Food & Beverage,404000
397,teh pucuk sunlight lime,Groceries,Food & Beverage,19000
398,roti tawar sari roti filma minyak l frisian flag uht tissue nice s telur ayam piattos sapi panggang saus sambal abc yakult garam refina kecap bango,Groceries,Food & Beverage,245700
399,ellips hair vitamin garnier micellar water ponds face wash revlon lipstick body mist wardah lightening toner,Beauty,Health & Personal Care,314000
400,bebek goreng mie ayam jamur service charge dimsum ayam,Restaurants,Food & Beverage,259000
401,pudding chocolate chicken nugget,Fast Food,Food & Beverage,87000
402,flashdisk,Electronics & Software,Lifestyle & Entertainment,97000
403,lychee tea cappuccino es kopi pandan,Coffee Shops,Food & Beverage,132000
404,take away bag sambal extra,Fast Food,Food & Beverage,8000
405,kopi kapal api mix chitato sapi panggang sunlight lime filma minyak l teh pucuk gula pasir,Groceries,Food & Beverage,123700
406,spaghetti chicken chicken nugget paket hemat,Fast Food,Food & Beverage,393000
407,jeruk hangat sate ayam tsk nasi putih es teh manis soto ayam gurame bakar,Restaurants,Food & Beverage,289700
408,pertalite,Gas & Fuel,Transportation,380000
409,walls cornetto chitato sapi panggang indomie goreng yakult frisian flag uht telur ayam,Groceries,Food & Beverage,178000
410,capcay seafood,Restaurants,Food & Beverage,54000
411,bebek goreng bakso urat es cendol cumi saus padang,Restaurants,Food & Beverage,224500
412,french fries rice bowl chicken pudding chocolate chicken popcorn service charge sambal extra paket ayam nasi take away bag,Fast Food,Food & Beverage,326300
413,kemeja oxford legging sport,Apparel,Lifestyle & Entertainment,561500
414,spanish latte kopi susu gula aren almond croissant,Coffee Shops,Food & Beverage,95000
415,pertamax turbo,Gas & Fuel,Transportation,570000
416,molto pewangi stella pengharum plastik sampah x kain pel tissue paseo s,Household,Housing & Utilities,156000
417,bio solar parkir spbu,Gas & Fuel,Transportation,228500
418,antangin cair enervon c botol hansaplast sanmol tablet tolak angin box oralit sachet betadine,Health,Health & Personal Care,163100
419,shuttle bandung jkt tiket mrt jakarta tol dalam kota,Transportation,Transportation,612000
420,bodrex flu batuk antangin cair minyak kayu putih hansaplast obh combi,Health,Health & Personal Care,125000
421,sunlight lime silverqueen,Groceries,Food & Beverage,130000
422,skintific moisturizer,Beauty,Health & Personal Care,140000
423,stella pengharum sunlight lime lap microfiber baygon aerosol molto pewangi tissue paseo s,Household,Housing & Utilities,511000
424,oralit sachet vitamin c mg,Health,Health & Personal Care,62000
425,sunlight lime filma minyak l roma kelapa sosis so nice nu green tea chitato sapi panggang indomie ayam bawang saus sambal abc,Groceries,Food & Beverage,429100
426,somethinc serum garnier micellar water herborist body butter,Beauty,Health & Personal Care,300000
427,revvo,Gas & Fuel,Transportation,216000
428,azarine sunscreen ellips hair vitamin scarlett body scrub hand cream revlon lipstick,Beauty,Health & Personal Care,289100
429,revlon lipstick emina lip cream skintific moisturizer pixy bedak two way cake ponds face wash,Beauty,Health & Personal Care,429000
430,french fries rice bowl chicken ayam goreng crispy chicken nugget lemon tea nasi putih take away bag spicy chicken wings,Fast Food,Food & Beverage,316000
431,promag tablet minyak kayu putih vitamin c mg komix jahe,Health,Health & Personal Care,116000
432,yakult pop mie ayam,Groceries,Food & Beverage,18000
433,obh combi bodrex flu batuk panadol biru strip,Health,Health & Personal Care,60000
434,kopi kapal api mix lifebuoy sabun batang saus sambal abc bimoli l garam refina indomie ayam bawang frisian flag uht telur ayam,Groceries,Food & Beverage,141000
435,hansaplast obh combi vitamin c mg promag tablet komix jahe antangin cair masker medis,Health,Health & Personal Care,125000
436,sambal extra burger cheese spicy chicken wings cola medium french fries nasi putih rice bowl chicken chicken nugget,Fast Food,Food & Beverage,279200
437,ellips hair vitamin vaseline body lotion revlon lipstick garnier micellar water,Beauty,Health & Personal Care,213500
438,lemon tea chicken nugget,Fast Food,Food & Beverage,68700
439,air mineral es teh manis bebek goreng,Restaurants,Food & Beverage,95000
440,talenan lampu led storage box l rak susun tingkat,Home Improvement,Housing & Utilities,414000
441,pot tanaman bantal sofa rak susun tingkat,Home Improvement,Housing & Utilities,408000
442,bp,Gas & Fuel,Transportation,336000
443,skintific moisturizer pixy bedak two way cake somethinc serum body mist scarlett body scrub makarizo hair mask,Beauty,Health & Personal Care,875000
444,cat tembok lampu led kabel roll stop obeng set,Home Improvement,Housing & Utilities,374500
445,silverqueen le minerale tissue nice s yakult ultra milk coklat,Groceries,Food & Beverage,423000
446,chocolate ice almond croissant iced americano,Coffee Shops,Food & Beverage,159000
447,kecap bango,Groceries,Food & Beverage,22000
448,ultra milk coklat mie sedaap soto oreo vanilla aqua telur ayam sunlight lime,Groceries,Food & Beverage,121400
449,ponds face wash skintific moisturizer vaseline body lotion body mist emina lip cream somethinc serum,Beauty,Health & Personal Care,453400
450,mie ayam jamur es teh manis kwetiau siram sapi ayam bakar madu soto ayam sop iga nasi putih service charge es cendol cumi saus padang,Restaurants,Food & Beverage,631000
451,sate ayam tsk bakso urat gurame bakar,Restaurants,Food & Beverage,263500
452,oat milk,Coffee Shops,Food & Beverage,120000
453,silverqueen sunlight lime indomie goreng chitato sapi panggang,Groceries,Food & Beverage,119000
454,masker medis promag tablet,Health,Health & Personal Care,34300
455,gurame bakar nasi goreng spesial es teh manis,Restaurants,Food & Beverage,187500
456,plastik sampah x rinso deterjen sos pembersih lantai,Household,Housing & Utilities,97000
457,garnier micellar water pixy bedak two way cake,Beauty,Health & Personal Care,114000
458,paket burger combo sambal extra nasi putih pudding chocolate,Fast Food,Food & Beverage,90000
459,masker medis tolak angin box,Health,Health & Personal Care,77000
460,skintific moisturizer revlon lipstick herborist body butter,Beauty,Health & Personal Care,282600
461,memory card,Electronics & Software,Lifestyle & Entertainment,115000
462,sunlight lime piattos sapi panggang mie sedaap soto yakult indomie ayam bawang tepung segitiga biru telur ayam beras ramos,Groceries,Food & Beverage,559000
463,walls cornetto teh pucuk silverqueen telur ayam ultra milk coklat nu green tea filma minyak l indomie ayam bawang,Groceries,Food & Beverage,251400
464,vitamin c mg sanmol tablet panadol biru strip hansaplast,Health,Health & Personal Care,99500
465,paracetamol mg enervon c botol masker medis,Health,Health & Personal Care,99000
466,filma minyak l walls cornetto fiesta nugget garam refina oreo vanilla saus sambal abc tepung segitiga biru,Groceries,Food & Beverage,259000
467,soto ayam service charge sate ayam tsk service charge nasi goreng spesial cumi saus padang kwetiau siram sapi,Restaurants,Food & Beverage,250000
468,maybelline fit me somethinc serum ponds face wash wardah lightening toner azarine sunscreen,Beauty,Health & Personal Care,471000
469,le minerale saus sambal abc yakult walls cornetto roti tawar sari roti oreo vanilla kopi kapal api mix,Groceries,Food & Beverage,181300
470,le minerale,Groceries,Food & Beverage,18000
471,roma kelapa teh pucuk aqua garam refina silverqueen oreo vanilla,Groceries,Food & Beverage,86500
472,bio solar,Gas & Fuel,Transportation,49000
473,lifebuoy sabun batang roma kelapa walls cornetto pop mie ayam bimoli l aqua telur ayam,Groceries,Food & Beverage,189500
474,lifebuoy sabun batang aqua roma kelapa yakult walls cornetto ultra milk coklat,Groceries,Food & Beverage,124000
475,telur ayam lifebuoy sabun batang good day cappuccino,Groceries,Food & Beverage,40000
476,lychee tea cappuccino extra shot banana bread caffe latte cinnamon roll chocolate ice es kopi pandan,Coffee Shops,Food & Beverage,375500
477,croissant butter cinnamon roll extra shot cappuccino,Coffee Shops,Food & Beverage,358000
478,tax resto cola medium take away bag,Fast Food,Food & Beverage,44100
479,aqua filma minyak l tepung segitiga biru,Groceries,Food & Beverage,52000
480,sabun cuci tangan plastik sampah x sunlight lime,Household,Housing & Utilities,481500
481,es cendol capcay seafood kwetiau siram sapi service charge mie ayam jamur bakso urat dimsum ayam,Restaurants,Food & Beverage,261700
482,kain pel molto pewangi,Household,Housing & Utilities,44000
483,burger cheese spaghetti chicken ayam goreng crispy take away bag chicken popcorn cola medium paket ayam nasi spicy chicken wings paket hemat ice cream cone,Fast Food,Food & Beverage,465100
484,spon cuci piring lap microfiber plastik sampah x tissue paseo s,Household,Housing & Utilities,186000
485,masker medis termometer digital,Health,Health & Personal Care,82000
486,le minerale good day cappuccino beras ramos sunlight lime kecap bango,Groceries,Food & Beverage,245500
487,revvo,Gas & Fuel,Transportation,240000
488,kopi susu gula aren matcha latte brownies,Coffee Shops,Food & Beverage,139500
489,nasi putih spicy chicken wings paket ayam nasi ice cream cone chicken popcorn,Fast Food,Food & Beverage,377000
490,piattos sapi panggang aqua,Groceries,Food & Beverage,36000
491,attack easy spon cuci piring tissue paseo s lap microfiber wipol,Household,Housing & Utilities,325500
492,mouse wireless redmi note,Electronics & Software,Lifestyle & Entertainment,3707500
493,silverqueen,Groceries,Food & Beverage,95000
494,piattos sapi panggang roti tawar sari roti mie sedaap soto gula pasir,Groceries,Food & Beverage,264900
495,brownies spanish latte chocolate ice almond croissant banana bread es kopi pandan,Coffee Shops,Food & Beverage,389000
496,spon cuci piring karbol wangi baygon aerosol molto pewangi,Household,Housing & Utilities,242000
497,anti gores hp case hp kabel data type c,Electronics & Software,Lifestyle & Entertainment,113000
498,sop iga sate ayam tsk nasi goreng spesial gurame bakar bebek goreng nasi putih cumi saus padang service charge mie goreng jawa kwetiau siram sapi,Restaurants,Food & Beverage,1153000
499,obeng set talenan sekrup set organizer drawer artificial plant food container set cat tembok,Home Improvement,Housing & Utilities,874000
500,air mineral nasi goreng spesial pb service charge bakso urat kwetiau siram sapi,Restaurants,Food & Beverage,224500
501,chocolate ice pb,Coffee Shops,Food & Beverage,55000
502,caffe latte cappuccino lychee tea matcha latte cinnamon roll,Coffee Shops,Food & Beverage,326200
503,bimoli l roma kelapa ultra milk coklat tepung segitiga biru silverqueen telur ayam,Groceries,Food & Beverage,112900
504,mie goreng jawa mie ayam jamur,Restaurants,Food & Beverage,91000
505,lap microfiber spon cuci piring sos pembersih lantai attack easy rinso deterjen sunlight lime,Household,Housing & Utilities,206500
506,hand cream maybelline fit me scarlett body scrub vaseline body lotion makarizo hair mask,Beauty,Health & Personal Care,494000
507,capcay seafood dimsum ayam mie goreng jawa,Restaurants,Food & Beverage,142000
508,antangin cair hansaplast obh combi,Health,Health & Personal Care,67000
509,promag tablet termometer digital minyak kayu putih paracetamol mg masker medis sanmol tablet,Health,Health & Personal Care,199000
510,promag tablet hansaplast,Health,Health & Personal Care,23000
511,oreo vanilla frisian flag uht sosis so nice beras ramos,Groceries,Food & Beverage,141000
512,pertalite,Gas & Fuel,Transportation,310000
513,bp,Gas & Fuel,Transportation,116000
514,kaos basic cotton,Apparel,Lifestyle & Entertainment,153000
515,pertalite,Gas & Fuel,Transportation,180000
516,sate ayam tsk sop iga mie goreng jawa,Restaurants,Food & Beverage,310000
517,telur ayam filma minyak l frisian flag uht piattos sapi panggang,Groceries,Food & Beverage,92000
518,ice cream cone,Fast Food,Food & Beverage,8000
519,frisian flag uht yakult silverqueen,Groceries,Food & Beverage,128500
520,oreo vanilla saus sambal abc gula pasir,Groceries,Food & Beverage,118500
521,sambal extra paket burger combo,Fast Food,Food & Beverage,98000
522,fiesta nugget indomie goreng tepung segitiga biru telur ayam bimoli l roma kelapa piattos sapi panggang,Groceries,Food & Beverage,352500
523,bimoli l pepsodent indomie goreng,Groceries,Food & Beverage,108500
524,tissue paseo s super pell sunlight lime rinso deterjen kain pel attack easy stella pengharum lap microfiber,Household,Housing & Utilities,441800
525,mie goreng jawa air mineral sate ayam tsk,Restaurants,Food & Beverage,89500
526,spon cuci piring baygon aerosol molto pewangi karbol wangi,Household,Housing & Utilities,260600
527,lychee tea kopi susu gula aren cheesecake slice,Coffee Shops,Food & Beverage,202500
528,jam dinding food container set pisau dapur gantungan baju set,Home Improvement,Housing & Utilities,272000
529,pertamax,Gas & Fuel,Transportation,472500
530,stella pengharum attack easy sabun cuci tangan sos pembersih lantai spon cuci piring,Household,Housing & Utilities,240000
531,kecap bango sunlight lime kopi kapal api mix roti tawar sari roti pop mie ayam oreo vanilla sosis so nice le minerale pepsodent tepung segitiga biru,Groceries,Food & Beverage,362300
532,emina lip cream skintific moisturizer pixy bedak two way cake azarine sunscreen herborist body butter,Beauty,Health & Personal Care,444500
533,chicken nugget paket burger combo sambal extra paket ayam nasi,Fast Food,Food & Beverage,139000
534,chicken nugget rice bowl chicken sambal extra chicken popcorn,Fast Food,Food & Beverage,360600
535,revvo,Gas & Fuel,Transportation,168000
536,cola medium spicy chicken wings paket burger combo ayam goreng crispy ice cream cone sambal extra tax resto,Fast Food,Food & Beverage,206300
537,tolak angin box promag tablet panadol biru strip,Health,Health & Personal Care,77000
538,minyak kayu putih bodrex flu batuk,Health,Health & Personal Care,122000
539,pertamax turbo parkir spbu,Gas & Fuel,Transportation,213500
540,hand cream pixy bedak two way cake body mist,Beauty,Health & Personal Care,165000
541,service charge nasi goreng spesial jeruk hangat gurame bakar soto ayam sop iga mie goreng jawa ayam bakar madu,Restaurants,Food & Beverage,855800
542,croissant butter lychee tea matcha latte,Coffee Shops,Food & Beverage,119500
543,revvo,Gas & Fuel,Transportation,132000
544,indomie goreng lifebuoy sabun batang saus sambal abc kopi kapal api mix,Groceries,Food & Beverage,62000
545,sunlight lime stella pengharum spon cuci piring sabun cuci tangan,Household,Housing & Utilities,129500
546,ayam bakar madu,Restaurants,Food & Beverage,30000
547,gula pasir ultra milk coklat sosis so nice kecap bango bimoli l walls cornetto oreo vanilla,Groceries,Food & Beverage,219000
548,cinnamon roll matcha latte croissant butter spanish latte,Coffee Shops,Food & Beverage,234900
549,yakult kopi kapal api mix gula pasir chitato sapi panggang indomie ayam bawang good day cappuccino indomie goreng bimoli l lifebuoy sabun batang telur ayam,Groceries,Food & Beverage,182100
550,super pell sos pembersih lantai molto pewangi baygon aerosol karbol wangi attack easy,Household,Housing & Utilities,317000
551,service charge cinnamon roll cheesecake slice,Coffee Shops,Food & Beverage,147900
552,yakult mie sedaap soto nu green tea walls cornetto,Groceries,Food & Beverage,104000
553,nasi putih burger cheese ayam goreng crispy ice cream cone,Fast Food,Food & Beverage,182400
554,oat milk chocolate ice,Coffee Shops,Food & Beverage,38000
555,nu green tea lifebuoy sabun batang sunlight lime oreo vanilla filma minyak l beras ramos pepsodent silverqueen,Groceries,Food & Beverage,430800
556,bodrex flu batuk vitamin c mg minyak kayu putih,Health,Health & Personal Care,95500
557,brownies banana bread oat milk chocolate ice,Coffee Shops,Food & Beverage,311400
558,tolak angin box vitamin c mg enervon c botol komix jahe betadine,Health,Health & Personal Care,172000
559,chicken popcorn ayam goreng crispy paket burger combo,Fast Food,Food & Beverage,186000
560,paket ayam nasi french fries lemon tea sambal extra,Fast Food,Food & Beverage,134000
561,pertalite,Gas & Fuel,Transportation,410000
562,skintific moisturizer pixy bedak two way cake revlon lipstick,Beauty,Health & Personal Care,386000
563,cola medium spaghetti chicken lemon tea sambal extra pudding chocolate ayam goreng crispy,Fast Food,Food & Beverage,166000
564,oppo a usb hub port,Electronics & Software,Lifestyle & Entertainment,2285700
565,take away bag sambal extra chicken nugget spicy chicken wings ayam goreng crispy,Fast Food,Food & Beverage,246000
566,aqua indomie goreng kecap bango kopi kapal api mix,Groceries,Food & Beverage,103400
567,cola medium ayam goreng crispy,Fast Food,Food & Beverage,231000
568,pisau dapur bantal sofa sekrup set,Home Improvement,Housing & Utilities,247500
569,mie sedaap soto nu green tea filma minyak l kecap bango aqua,Groceries,Food & Beverage,145500
570,soto ayam capcay seafood bebek goreng,Restaurants,Food & Beverage,117500
571,cumi saus padang sop iga dimsum ayam es teh manis air mineral tax resto capcay seafood,Restaurants,Food & Beverage,426800
572,keyboard usb charger fast,Electronics & Software,Lifestyle & Entertainment,434000
573,masker medis panadol biru strip bodrex flu batuk hansaplast sanmol tablet,Health,Health & Personal Care,173000
574,fiesta nugget roma kelapa yakult nu green tea,Groceries,Food & Beverage,152000
575,pot tanaman artificial plant bantal sofa organizer drawer gantungan baju set obeng set cat tembok storage box l,Home Improvement,Housing & Utilities,560400
576,bakso urat gurame bakar air mineral sate ayam tsk mie goreng jawa service charge es cendol,Restaurants,Food & Beverage,465500
577,baju anak dress wanita sport bra legging sport jaket hoodie,Apparel,Lifestyle & Entertainment,1527500
578,oreo vanilla fiesta nugget le minerale indomie ayam bawang saus sambal abc,Groceries,Food & Beverage,88000
579,mie sedaap soto lifebuoy sabun batang oreo vanilla,Groceries,Food & Beverage,38700
580,bodrex flu batuk panadol biru strip paracetamol mg promag tablet hansaplast obh combi vitamin c mg masker medis komix jahe minyak kayu putih,Health,Health & Personal Care,279600
581,chicken popcorn pudding chocolate paket hemat lemon tea ice cream cone sambal extra,Fast Food,Food & Beverage,138200
582,roti tawar sari roti piattos sapi panggang filma minyak l indomie goreng,Groceries,Food & Beverage,52800
583,frisian flag uht aqua roma kelapa,Groceries,Food & Beverage,97000
584,obeng set keran air organizer drawer,Home Improvement,Housing & Utilities,311500
585,maybelline fit me pixy bedak two way cake emina lip cream,Beauty,Health & Personal Care,272000
586,garam refina kopi kapal api mix,Groceries,Food & Beverage,50100
587,roti tawar sari roti good day cappuccino teh pucuk sosis so nice,Groceries,Food & Beverage,133000
588,mie sedaap soto gula pasir beras ramos saus sambal abc,Groceries,Food & Beverage,135000
589,minyak kayu putih panadol biru strip paracetamol mg,Health,Health & Personal Care,144000
590,cumi saus padang es cendol capcay seafood gurame bakar nasi goreng spesial,Restaurants,Food & Beverage,862000
591,bagasi tambahan airport train,Transportation,Transportation,291000
592,sambal extra burger cheese cola medium service charge nasi putih french fries paket ayam nasi chicken nugget rice bowl chicken,Fast Food,Food & Beverage,401500
593,banana bread,Coffee Shops,Food & Beverage,29000
594,cappuccino caffe latte spanish latte iced americano,Coffee Shops,Food & Beverage,293000
595,pop mie ayam aqua lifebuoy sabun batang silverqueen garam refina good day cappuccino,Groceries,Food & Beverage,271500
596,indomie ayam bawang kopi kapal api mix saus sambal abc,Groceries,Food & Beverage,54000
597,enervon c botol komix jahe betadine panadol biru strip paracetamol mg,Health,Health & Personal Care,101500
598,spicy chicken wings burger cheese cola medium,Fast Food,Food & Beverage,157000
599,aqua piattos sapi panggang indomie goreng pop mie ayam roti tawar sari roti indomie ayam bawang frisian flag uht chitato sapi panggang teh pucuk tepung segitiga biru,Groceries,Food & Beverage,177700
600,brownies cappuccino,Coffee Shops,Food & Beverage,81000
601,kemeja flanel sport bra kemeja oxford kaos basic cotton,Apparel,Lifestyle & Entertainment,680100
602,artificial plant food container set talenan gantungan baju set organizer drawer pisau dapur,Home Improvement,Housing & Utilities,699500
603,attack easy,Household,Housing & Utilities,74000
604,tiket pesawat domestik parkir motor,Transportation,Transportation,1447500
605,maybelline fit me azarine sunscreen emina lip cream makarizo hair mask scarlett body scrub herborist body butter somethinc serum pixy bedak two way cake,Beauty,Health & Personal Care,956400
606,kemeja oxford,Apparel,Lifestyle & Entertainment,176000
607,shell v power,Gas & Fuel,Transportation,391200
608,banana bread cheesecake slice cappuccino es kopi pandan iced americano,Coffee Shops,Food & Beverage,338000
609,stella pengharum attack easy sabun cuci tangan lap microfiber baygon aerosol rinso deterjen,Household,Housing & Utilities,233000
610,bagasi tambahan tiket ferry tiket bus transjakarta,Transportation,Transportation,359100
611,tissue nice s fiesta nugget kecap bango nu green tea sosis so nice mie sedaap soto roma kelapa,Groceries,Food & Beverage,177000
612,good day cappuccino kopi kapal api mix beras ramos mie sedaap soto silverqueen,Groceries,Food & Beverage,417500
613,ayam goreng crispy chicken nugget nasi putih burger cheese french fries,Fast Food,Food & Beverage,143000
614,gantungan baju set kabel roll stop artificial plant sekrup set bantal sofa pisau dapur,Home Improvement,Housing & Utilities,954500
615,lisensi software bln headset bluetooth oppo a keyboard usb,Electronics & Software,Lifestyle & Entertainment,2587000
616,service charge air mineral,Restaurants,Food & Beverage,19600
617,tiket mrt jakarta,Transportation,Transportation,9000
618,vaseline body lotion scarlett body scrub hand cream emina lip cream,Beauty,Health & Personal Care,243200
619,piattos sapi panggang filma minyak l beras ramos saus sambal abc gula pasir indomie goreng,Groceries,Food & Beverage,250000
620,capcay seafood cumi saus padang soto ayam,Restaurants,Food & Beverage,194000
621,almond croissant cappuccino matcha latte lychee tea,Coffee Shops,Food & Beverage,134000
622,obh combi antangin cair minyak kayu putih tolak angin box bodrex flu batuk hansaplast termometer digital,Health,Health & Personal Care,352500
623,wardah lightening toner makarizo hair mask maybelline fit me scarlett body scrub,Beauty,Health & Personal Care,475500
624,vaseline body lotion azarine sunscreen maybelline fit me hand cream,Beauty,Health & Personal Care,318000
625,pixy bedak two way cake ellips hair vitamin skintific moisturizer,Beauty,Health & Personal Care,320500
626,organizer drawer cat tembok,Home Improvement,Housing & Utilities,110000
627,roti tawar sari roti aqua good day cappuccino indomie goreng filma minyak l sosis so nice kecap bango,Groceries,Food & Beverage,133000
628,wardah lightening toner garnier micellar water pixy bedak two way cake,Beauty,Health & Personal Care,142000
629,chitato sapi panggang roti tawar sari roti telur ayam yakult pepsodent garam refina tepung segitiga biru piattos sapi panggang,Groceries,Food & Beverage,265800
630,revvo,Gas & Fuel,Transportation,187500
631,mouse wireless,Electronics & Software,Lifestyle & Entertainment,166000
632,roti tawar sari roti indomie ayam bawang frisian flag uht,Groceries,Food & Beverage,39000
633,extra shot brownies cheesecake slice oat milk,Coffee Shops,Food & Beverage,253500
634,tol dalam kota tiket kereta eksekutif shuttle bandung jkt tiket krl,Transportation,Transportation,1483500
635,pertamax turbo,Gas & Fuel,Transportation,336000
636,shell v power,Gas & Fuel,Transportation,208000
637,herborist body butter somethinc serum body mist skintific moisturizer ponds face wash,Beauty,Health & Personal Care,376900
638,saus sambal abc yakult mie sedaap soto garam refina gula pasir,Groceries,Food & Beverage,68000
639,lisensi software bln,Electronics & Software,Lifestyle & Entertainment,85000
640,revvo,Gas & Fuel,Transportation,13000
641,french fries sambal extra pb chicken popcorn lemon tea,Fast Food,Food & Beverage,108700
642,shell v power,Gas & Fuel,Transportation,726000
643,pixy bedak two way cake ponds face wash hand cream revlon lipstick,Beauty,Health & Personal Care,301600
644,silverqueen sosis so nice fiesta nugget indomie ayam bawang bimoli l nu green tea yakult,Groceries,Food & Beverage,288000
645,cheesecake slice croissant butter,Coffee Shops,Food & Beverage,70000
646,extra shot banana bread brownies,Coffee Shops,Food & Beverage,271000
647,piattos sapi panggang filma minyak l,Groceries,Food & Beverage,45000
648,pertamax turbo,Gas & Fuel,Transportation,512000
649,lampu led organizer drawer bantal sofa obeng set jam dinding,Home Improvement,Housing & Utilities,812000
650,mie sedaap soto fiesta nugget kecap bango pop mie ayam tepung segitiga biru indomie goreng walls cornetto kopi kapal api mix le minerale sosis so nice chitato sapi panggang bimoli l tissue nice s yakult filma minyak l,Groceries,Food & Beverage,299700
651,spaghetti chicken tax resto cola medium,Fast Food,Food & Beverage,106700
652,caffe latte,Coffee Shops,Food & Beverage,100000
653,pb sate ayam tsk cumi saus padang jeruk hangat ayam bakar madu dimsum ayam sop iga mie goreng jawa,Restaurants,Food & Beverage,587000
654,chicken popcorn take away bag lemon tea paket burger combo ayam goreng crispy french fries paket ayam nasi,Fast Food,Food & Beverage,180000
655,cola medium,Fast Food,Food & Beverage,13000
656,tol jakarta cikampek,Transportation,Transportation,29000
657,extra shot iced americano,Coffee Shops,Food & Beverage,65500
658,sate ayam tsk bebek goreng service charge cumi saus padang,Restaurants,Food & Beverage,225000
659,brownies cinnamon roll oat milk,Coffee Shops,Food & Beverage,239000
660,jam dinding pot tanaman bantal sofa,Home Improvement,Housing & Utilities,316000
661,vitamin c mg sanmol tablet paracetamol mg enervon c botol betadine obh combi termometer digital tolak angin box hansaplast bodrex flu batuk,Health,Health & Personal Care,328000
662,body mist somethinc serum ellips hair vitamin,Beauty,Health & Personal Care,226000
663,le minerale roti tawar sari roti filma minyak l tissue nice s silverqueen,Groceries,Food & Beverage,90300
664,service charge cumi saus padang gurame bakar sate ayam tsk,Restaurants,Food & Beverage,202000
665,teh pucuk mie sedaap soto piattos sapi panggang,Groceries,Food & Beverage,61000
666,yakult saus sambal abc beras ramos indomie ayam bawang sosis so nice nu green tea roma kelapa ultra milk coklat lifebuoy sabun batang,Groceries,Food & Beverage,293000
667,lemon tea,Fast Food,Food & Beverage,27000
668,webcam full hd,Electronics & Software,Lifestyle & Entertainment,485000
669,lemon tea spaghetti chicken,Fast Food,Food & Beverage,122000
670,bio solar,Gas & Fuel,Transportation,245000
671,garnier micellar water makarizo hair mask ellips hair vitamin hand cream,Beauty,Health & Personal Care,183000
672,indomie goreng pop mie ayam teh pucuk,Groceries,Food & Beverage,43000
673,burger cheese pb spaghetti chicken rice bowl chicken nasi putih,Fast Food,Food & Beverage,252500
674,piattos sapi panggang indomie ayam bawang roma kelapa good day cappuccino aqua,Groceries,Food & Beverage,43000
675,headset bluetooth charger fast,Electronics & Software,Lifestyle & Entertainment,457000
676,revvo,Gas & Fuel,Transportation,336000
677,minyak kayu putih obh combi bodrex flu batuk paracetamol mg,Health,Health & Personal Care,107500
678,cola medium paket hemat chicken popcorn spaghetti chicken spicy chicken wings lemon tea tax resto nasi putih chicken nugget,Fast Food,Food & Beverage,293000
679,gula pasir indomie ayam bawang roma kelapa silverqueen chitato sapi panggang bimoli l,Groceries,Food & Beverage,446000
680,molto pewangi sunlight lime wipol,Household,Housing & Utilities,105000
681,pepsodent mie sedaap soto fiesta nugget,Groceries,Food & Beverage,124000
682,paket hemat,Fast Food,Food & Beverage,33000
683,bakso urat ayam bakar madu nasi putih es cendol cumi saus padang,Restaurants,Food & Beverage,271000
684,tissue nice s chitato sapi panggang indomie ayam bawang sosis so nice teh pucuk,Groceries,Food & Beverage,99000
685,bantal sofa pot tanaman sekrup set jam dinding cat tembok food container set rak susun tingkat obeng set gantungan baju set talenan keran air storage box l,Home Improvement,Housing & Utilities,1347000
686,tiket kereta ekonomi tiket bus transjakarta bagasi tambahan,Transportation,Transportation,945300
687,komix jahe promag tablet minyak kayu putih masker medis betadine panadol biru strip,Health,Health & Personal Care,128400
688,kecap bango pop mie ayam gula pasir,Groceries,Food & Beverage,74000
689,keran air jam dinding sekrup set food container set,Home Improvement,Housing & Utilities,385200
690,croissant butter lychee tea spanish latte caffe latte cinnamon roll brownies,Coffee Shops,Food & Beverage,374500
691,cheesecake slice,Coffee Shops,Food & Beverage,566000
692,roti tawar sari roti ultra milk coklat,Groceries,Food & Beverage,53000
693,spaghetti chicken paket burger combo rice bowl chicken spicy chicken wings paket ayam nasi chicken nugget french fries ice cream cone,Fast Food,Food & Beverage,567000
694,betadine sanmol tablet,Health,Health & Personal Care,35500
695,good day cappuccino silverqueen pop mie ayam oreo vanilla frisian flag uht roma kelapa lifebuoy sabun batang roti tawar sari roti le minerale,Groceries,Food & Beverage,336700
696,es cendol bakso urat,Restaurants,Food & Beverage,120000
697,shell super,Gas & Fuel,Transportation,406000
698,soto ayam sop iga capcay seafood nasi putih,Restaurants,Food & Beverage,222000
699,caffe latte extra shot cappuccino matcha latte almond croissant,Coffee Shops,Food & Beverage,284000
700,sikat wc wipol attack easy sabun cuci tangan plastik sampah x,Household,Housing & Utilities,240000
701,chitato sapi panggang tepung segitiga biru indomie ayam bawang indomie goreng ultra milk coklat garam refina roti tawar sari roti gula pasir,Groceries,Food & Beverage,198000
702,good day cappuccino yakult mie sedaap soto oreo vanilla kopi kapal api mix piattos sapi panggang kecap bango,Groceries,Food & Beverage,107000
703,karbol wangi kain pel,Household,Housing & Utilities,165000
704,es teh manis soto ayam jeruk hangat mie goreng jawa,Restaurants,Food & Beverage,157800
705,revvo,Gas & Fuel,Transportation,90000
706,revlon lipstick,Beauty,Health & Personal Care,110000
707,mouse wireless,Electronics & Software,Lifestyle & Entertainment,169000
708,mie goreng jawa service charge,Restaurants,Food & Beverage,41000
709,polo shirt jeans slim fit kaos basic cotton,Apparel,Lifestyle & Entertainment,798500
710,paket burger combo nasi putih sambal extra rice bowl chicken,Fast Food,Food & Beverage,336000
711,rice bowl chicken paket ayam nasi paket burger combo,Fast Food,Food & Beverage,319000
712,paracetamol mg vitamin c mg masker medis tolak angin box bodrex flu batuk komix jahe,Health,Health & Personal Care,238500
713,termometer digital enervon c botol promag tablet,Health,Health & Personal Care,195500
714,mie ayam jamur capcay seafood air mineral,Restaurants,Food & Beverage,267500
715,kecap bango good day cappuccino nu green tea tepung segitiga biru,Groceries,Food & Beverage,130500
716,sport bra,Apparel,Lifestyle & Entertainment,324000
717,bakso urat,Restaurants,Food & Beverage,31800
718,gula pasir roma kelapa fiesta nugget pop mie ayam roti tawar sari roti oreo vanilla mie sedaap soto walls cornetto indomie goreng le minerale,Groceries,Food & Beverage,611300
719,banana bread chocolate ice iced americano kopi susu gula aren,Coffee Shops,Food & Beverage,340000
720,ice cream cone french fries,Fast Food,Food & Beverage,72000
721,revvo,Gas & Fuel,Transportation,538000
722,garam refina mie sedaap soto sunlight lime kecap bango,Groceries,Food & Beverage,90000
723,paket hemat,Fast Food,Food & Beverage,30000
724,sandal casual topi baseball,Apparel,Lifestyle & Entertainment,353000
725,sanmol tablet minyak kayu putih panadol biru strip enervon c botol antangin cair tolak angin box oralit sachet termometer digital,Health,Health & Personal Care,343300
726,pertalite,Gas & Fuel,Transportation,210000
727,gurame bakar nasi putih jeruk hangat tax resto kwetiau siram sapi es teh manis,Restaurants,Food & Beverage,368700
728,gurame bakar ayam bakar madu,Restaurants,Food & Beverage,311000
729,nu green tea telur ayam le minerale pepsodent,Groceries,Food & Beverage,103500
730,makarizo hair mask herborist body butter,Beauty,Health & Personal Care,90000
731,enervon c botol promag tablet tolak angin box vitamin c mg,Health,Health & Personal Care,152500
732,kwetiau siram sapi es teh manis soto ayam mie goreng jawa,Restaurants,Food & Beverage,287200
733,paracetamol mg betadine minyak kayu putih antangin cair,Health,Health & Personal Care,78000
734,shell v power,Gas & Fuel,Transportation,346500
735,frisian flag uht tissue nice s piattos sapi panggang good day cappuccino walls cornetto le minerale roti tawar sari roti mie sedaap soto,Groceries,Food & Beverage,271500
736,storage box l kabel roll stop artificial plant bantal sofa obeng set cat tembok organizer drawer,Home Improvement,Housing & Utilities,645000
737,chicken popcorn burger cheese take away bag paket burger combo paket ayam nasi paket hemat,Fast Food,Food & Beverage,337400
738,revvo,Gas & Fuel,Transportation,462000
739,wipol lap microfiber karbol wangi super pell,Household,Housing & Utilities,123000
740,bp,Gas & Fuel,Transportation,560000
741,oralit sachet sanmol tablet antangin cair,Health,Health & Personal Care,36000
742,pb chocolate ice,Coffee Shops,Food & Beverage,37000
743,indomie ayam bawang roti tawar sari roti piattos sapi panggang,Groceries,Food & Beverage,106000
744,scarlett body scrub hand cream,Beauty,Health & Personal Care,91500
745,service charge nasi putih,Restaurants,Food & Beverage,107800
746,mie ayam jamur air mineral,Restaurants,Food & Beverage,47000
747,antangin cair paracetamol mg hansaplast komix jahe tolak angin box,Health,Health & Personal Care,121100
748,oralit sachet bodrex flu batuk komix jahe betadine,Health,Health & Personal Care,46000
749,cola medium chicken popcorn nasi putih rice bowl chicken,Fast Food,Food & Beverage,165000
750,dexlite,Gas & Fuel,Transportation,476000
751,azarine sunscreen revlon lipstick,Beauty,Health & Personal Care,311500
752,molto pewangi kain pel super pell karbol wangi,Household,Housing & Utilities,330700
753,stella pengharum wipol,Household,Housing & Utilities,277500
754,le minerale roma kelapa roti tawar sari roti chitato sapi panggang,Groceries,Food & Beverage,78500
755,sandal casual,Apparel,Lifestyle & Entertainment,197000
756,pepsodent pop mie ayam bimoli l garam refina le minerale,Groceries,Food & Beverage,82000
757,gula pasir fiesta nugget good day cappuccino frisian flag uht saus sambal abc ultra milk coklat indomie goreng sosis so nice,Groceries,Food & Beverage,316500
758,sport bra ikat pinggang,Apparel,Lifestyle & Entertainment,379000
759,ice cream cone rice bowl chicken paket hemat burger cheese,Fast Food,Food & Beverage,328500
760,brownies kopi susu gula aren,Coffee Shops,Food & Beverage,90500
761,take away bag,Fast Food,Food & Beverage,2000
762,telur ayam oreo vanilla tissue nice s frisian flag uht le minerale roti tawar sari roti filma minyak l kecap bango,Groceries,Food & Beverage,317800
763,ultra milk coklat piattos sapi panggang beras ramos le minerale,Groceries,Food & Beverage,105000
764,revvo,Gas & Fuel,Transportation,58000
765,ayam bakar madu,Restaurants,Food & Beverage,30000
766,ellips hair vitamin garnier micellar water scarlett body scrub wardah lightening toner ponds face wash somethinc serum,Beauty,Health & Personal Care,420500
767,shell super,Gas & Fuel,Transportation,350000
768,nasi putih sambal extra ice cream cone paket hemat lemon tea spaghetti chicken french fries,Fast Food,Food & Beverage,221500
769,chicken popcorn pudding chocolate burger cheese,Fast Food,Food & Beverage,176600
770,shell v power,Gas & Fuel,Transportation,16000
771,herborist body butter body mist ellips hair vitamin pixy bedak two way cake somethinc serum,Beauty,Health & Personal Care,502000
772,pixy bedak two way cake maybelline fit me azarine sunscreen ellips hair vitamin,Beauty,Health & Personal Care,451700
773,pertamax turbo,Gas & Fuel,Transportation,608000
774,matcha latte kopi susu gula aren,Coffee Shops,Food & Beverage,113200
775,sunlight lime fiesta nugget kecap bango,Groceries,Food & Beverage,116500
776,lisensi software bln,Electronics & Software,Lifestyle & Entertainment,95000
777,pepsodent gula pasir silverqueen filma minyak l kecap bango telur ayam mie sedaap soto,Groceries,Food & Beverage,251200
778,tissue nice s piattos sapi panggang aqua indomie ayam bawang,Groceries,Food & Beverage,52000
779,betadine oralit sachet minyak kayu putih,Health,Health & Personal Care,80000
780,bp,Gas & Fuel,Transportation,256000
781,pixy bedak two way cake maybelline fit me,Beauty,Health & Personal Care,270000
782,cinnamon roll matcha latte banana bread es kopi pandan,Coffee Shops,Food & Beverage,136000
783,pepsodent kopi kapal api mix bimoli l tissue nice s,Groceries,Food & Beverage,86600
784,rinso deterjen,Household,Housing & Utilities,19000
785,frisian flag uht silverqueen saus sambal abc sosis so nice oreo vanilla indomie ayam bawang,Groceries,Food & Beverage,86500
786,le minerale pop mie ayam kopi kapal api mix aqua piattos sapi panggang tepung segitiga biru chitato sapi panggang tissue nice s,Groceries,Food & Beverage,184500
787,parkir motor shuttle bandung jkt,Transportation,Transportation,610000
788,mie goreng jawa dimsum ayam es cendol capcay seafood service charge gurame bakar pb bebek goreng kwetiau siram sapi,Restaurants,Food & Beverage,1057600
789,sepatu sneakers,Apparel,Lifestyle & Entertainment,2644000
790,cappuccino spanish latte cinnamon roll,Coffee Shops,Food & Beverage,391000
791,ayam goreng crispy paket burger combo,Fast Food,Food & Beverage,63000
792,oppo a webcam full hd speaker bluetooth,Electronics & Software,Lifestyle & Entertainment,3370000
793,bp,Gas & Fuel,Transportation,416000
794,pop mie ayam sunlight lime indomie goreng walls cornetto pepsodent,Groceries,Food & Beverage,155500
795,silverqueen yakult frisian flag uht gula pasir roma kelapa pop mie ayam ultra milk coklat,Groceries,Food & Beverage,134000
796,organizer drawer,Home Improvement,Housing & Utilities,86000
797,emina lip cream herborist body butter body mist revlon lipstick scarlett body scrub pixy bedak two way cake azarine sunscreen makarizo hair mask,Beauty,Health & Personal Care,692600
798,hansaplast oralit sachet,Health,Health & Personal Care,15000
799,kemeja oxford topi baseball,Apparel,Lifestyle & Entertainment,341000
800,roma kelapa chitato sapi panggang pop mie ayam indomie goreng sosis so nice mie sedaap soto tissue nice s,Groceries,Food & Beverage,167500
801,somethinc serum scarlett body scrub hand cream pixy bedak two way cake ponds face wash,Beauty,Health & Personal Care,511000
802,es cendol air mineral,Restaurants,Food & Beverage,54000
803,kaos kaki,Apparel,Lifestyle & Entertainment,38000
804,chitato sapi panggang ultra milk coklat indomie goreng garam refina good day cappuccino tissue nice s silverqueen roma kelapa,Groceries,Food & Beverage,146000
805,sambal extra cola medium paket ayam nasi french fries ayam goreng crispy spaghetti chicken,Fast Food,Food & Beverage,234000
806,yakult frisian flag uht,Groceries,Food & Beverage,56500
807,shell super,Gas & Fuel,Transportation,542000
808,kecap bango roma kelapa,Groceries,Food & Beverage,81000
809,chicken popcorn ice cream cone chicken nugget sambal extra lemon tea cola medium,Fast Food,Food & Beverage,133600
810,cumi saus padang es teh manis sop iga,Restaurants,Food & Beverage,149000
811,emina lip cream herborist body butter scarlett body scrub makarizo hair mask pixy bedak two way cake,Beauty,Health & Personal Care,257000
812,soto ayam jeruk hangat bakso urat capcay seafood dimsum ayam,Restaurants,Food & Beverage,176000
813,pepsodent fiesta nugget piattos sapi panggang frisian flag uht good day cappuccino chitato sapi panggang indomie goreng,Groceries,Food & Beverage,229500
814,wardah lightening toner garnier micellar water ponds face wash skintific moisturizer emina lip cream azarine sunscreen,Beauty,Health & Personal Care,408500
815,hansaplast termometer digital,Health,Health & Personal Care,70600
816,yakult sunlight lime bimoli l ultra milk coklat pop mie ayam,Groceries,Food & Beverage,85500
817,pisau dapur organizer drawer sekrup set,Home Improvement,Housing & Utilities,291500
818,cola medium,Fast Food,Food & Beverage,14500
819,promag tablet panadol biru strip bodrex flu batuk vitamin c mg sanmol tablet,Health,Health & Personal Care,115000
820,walls cornetto kopi kapal api mix garam refina lifebuoy sabun batang yakult fiesta nugget beras ramos le minerale,Groceries,Food & Beverage,396000
821,indomie goreng roti tawar sari roti aqua frisian flag uht walls cornetto roma kelapa sosis so nice garam refina teh pucuk tepung segitiga biru,Groceries,Food & Beverage,223600
822,banana bread iced americano croissant butter chocolate ice,Coffee Shops,Food & Beverage,185000
823,karbol wangi,Household,Housing & Utilities,24500
824,tiket kereta ekonomi,Transportation,Transportation,154000
825,gula pasir saus sambal abc pepsodent chitato sapi panggang frisian flag uht le minerale teh pucuk,Groceries,Food & Beverage,224300
826,extra shot brownies,Coffee Shops,Food & Beverage,145000
827,pertamax,Gas & Fuel,Transportation,338000
828,vaseline body lotion ellips hair vitamin body mist wardah lightening toner emina lip cream,Beauty,Health & Personal Care,265000
829,sunlight lime yakult pepsodent mie sedaap soto silverqueen,Groceries,Food & Beverage,79000
830,tol dalam kota tiket bus transjakarta shuttle bandung jkt,Transportation,Transportation,156000
831,le minerale saus sambal abc chitato sapi panggang kecap bango indomie goreng nu green tea sosis so nice walls cornetto tissue nice s,Groceries,Food & Beverage,276800
832,mie sedaap soto silverqueen filma minyak l indomie goreng kopi kapal api mix le minerale,Groceries,Food & Beverage,77000
833,keyboard usb charger fast,Electronics & Software,Lifestyle & Entertainment,429700
834,oreo vanilla gula pasir telur ayam saus sambal abc indomie ayam bawang sunlight lime roti tawar sari roti,Groceries,Food & Beverage,308000
835,revvo,Gas & Fuel,Transportation,492000
836,gula pasir sosis so nice lifebuoy sabun batang le minerale,Groceries,Food & Beverage,109000
837,pixy bedak two way cake makarizo hair mask,Beauty,Health & Personal Care,181900
838,silverqueen beras ramos nu green tea chitato sapi panggang aqua filma minyak l tissue nice s oreo vanilla lifebuoy sabun batang,Groceries,Food & Beverage,252500
839,parkir mobil,Transportation,Transportation,5000
840,ponds face wash hand cream,Beauty,Health & Personal Care,74400
841,fiesta nugget tepung segitiga biru piattos sapi panggang sunlight lime,Groceries,Food & Beverage,203000
842,walls cornetto indomie goreng fiesta nugget,Groceries,Food & Beverage,275300
843,teh pucuk pepsodent tissue nice s le minerale pop mie ayam indomie ayam bawang kecap bango,Groceries,Food & Beverage,224000
844,jeruk hangat nasi putih soto ayam,Restaurants,Food & Beverage,114000
845,makarizo hair mask,Beauty,Health & Personal Care,46500
846,promag tablet bodrex flu batuk,Health,Health & Personal Care,42000
847,indomie goreng,Groceries,Food & Beverage,4000
848,cheesecake slice brownies cinnamon roll,Coffee Shops,Food & Beverage,296000
849,maybelline fit me azarine sunscreen somethinc serum hand cream,Beauty,Health & Personal Care,518600
850,roti tawar sari roti sosis so nice gula pasir le minerale,Groceries,Food & Beverage,167000
851,take away bag pb spicy chicken wings,Fast Food,Food & Beverage,76000
852,paracetamol mg sanmol tablet hansaplast oralit sachet tolak angin box,Health,Health & Personal Care,93700
853,plastik sampah x stella pengharum,Household,Housing & Utilities,37000
854,rice bowl chicken nasi putih sambal extra ayam goreng crispy take away bag,Fast Food,Food & Beverage,166000
855,sport bra sepatu sneakers ikat pinggang baju anak,Apparel,Lifestyle & Entertainment,1417900
856,dimsum ayam service charge ayam bakar madu,Restaurants,Food & Beverage,156200
857,dimsum ayam mie goreng jawa,Restaurants,Food & Beverage,56500
858,extra shot oat milk cappuccino croissant butter lychee tea cheesecake slice,Coffee Shops,Food & Beverage,418000
859,indomie ayam bawang fiesta nugget garam refina chitato sapi panggang piattos sapi panggang pepsodent silverqueen lifebuoy sabun batang,Groceries,Food & Beverage,221000
860,kain pel rinso deterjen attack easy stella pengharum molto pewangi sabun cuci tangan baygon aerosol wipol tissue paseo s spon cuci piring plastik sampah x super pell,Household,Housing & Utilities,792000
861,kwetiau siram sapi jeruk hangat bebek goreng,Restaurants,Food & Beverage,237000
862,legging sport kaos basic cotton jaket hoodie dress wanita,Apparel,Lifestyle & Entertainment,990000
863,cat tembok pisau dapur bantal sofa obeng set jam dinding kabel roll stop gantungan baju set talenan storage box l food container set,Home Improvement,Housing & Utilities,1228100
864,lychee tea matcha latte croissant butter caffe latte,Coffee Shops,Food & Beverage,131000
865,bakso urat sate ayam tsk air mineral capcay seafood gurame bakar dimsum ayam,Restaurants,Food & Beverage,374000
866,vaseline body lotion,Beauty,Health & Personal Care,143600
867,spaghetti chicken chicken popcorn burger cheese spicy chicken wings,Fast Food,Food & Beverage,811000
868,cumi saus padang air mineral ayam bakar madu gurame bakar bakso urat sop iga bebek goreng pb,Restaurants,Food & Beverage,657300
869,revvo,Gas & Fuel,Transportation,266000
870,paket ayam nasi pudding chocolate paket hemat ice cream cone chicken nugget,Fast Food,Food & Beverage,338900
871,jaket hoodie legging sport kaos kaki kemeja oxford sepatu sneakers,Apparel,Lifestyle & Entertainment,2239000
872,pepsodent silverqueen oreo vanilla bimoli l le minerale,Groceries,Food & Beverage,92500
873,shell super,Gas & Fuel,Transportation,647000
874,gula pasir yakult bimoli l roti tawar sari roti kecap bango nu green tea,Groceries,Food & Beverage,149000
875,panadol biru strip betadine komix jahe minyak kayu putih,Health,Health & Personal Care,131000
876,shell super,Gas & Fuel,Transportation,196000
877,chitato sapi panggang le minerale silverqueen sosis so nice,Groceries,Food & Beverage,80500
878,tol dalam kota,Transportation,Transportation,24000
879,teh pucuk tepung segitiga biru bimoli l good day cappuccino indomie ayam bawang kopi kapal api mix,Groceries,Food & Beverage,56500
880,speaker bluetooth keyboard usb webcam full hd,Electronics & Software,Lifestyle & Entertainment,645000
881,chocolate ice cappuccino spanish latte es kopi pandan brownies,Coffee Shops,Food & Beverage,319000
882,cheesecake slice chocolate ice croissant butter banana bread extra shot,Coffee Shops,Food & Beverage,251400
883,gurame bakar,Restaurants,Food & Beverage,134000
884,tiket bus transjakarta tiket krl tiket pesawat domestik tiket kereta eksekutif bagasi tambahan,Transportation,Transportation,2622700
885,talenan sekrup set pisau dapur bantal sofa,Home Improvement,Housing & Utilities,434800
886,bio solar air mineral,Gas & Fuel,Transportation,142000
887,pertamax turbo,Gas & Fuel,Transportation,336000
888,paket ayam nasi pudding chocolate spaghetti chicken,Fast Food,Food & Beverage,109600
889,nasi goreng spesial air mineral bebek goreng sop iga capcay seafood nasi putih mie ayam jamur,Restaurants,Food & Beverage,538000
890,bakso urat kwetiau siram sapi ayam bakar madu service charge,Restaurants,Food & Beverage,370600
891,lisensi software bln,Electronics & Software,Lifestyle & Entertainment,158000
892,maybelline fit me ponds face wash,Beauty,Health & Personal Care,149500
893,garnier micellar water maybelline fit me makarizo hair mask azarine sunscreen herborist body butter,Beauty,Health & Personal Care,452500
894,indomie ayam bawang tissue nice s indomie goreng oreo vanilla aqua mie sedaap soto filma minyak l,Groceries,Food & Beverage,93100
895,parkir motor tiket krl tol dalam kota tiket kereta ekonomi,Transportation,Transportation,235000
896,pertamax turbo parkir spbu,Gas & Fuel,Transportation,333500
897,shell super,Gas & Fuel,Transportation,56000
898,tiket ferry airport train tiket kereta ekonomi travel antarkota,Transportation,Transportation,717800
899,ellips hair vitamin revlon lipstick wardah lightening toner garnier micellar water,Beauty,Health & Personal Care,250000
900,take away bag chicken popcorn,Fast Food,Food & Beverage,262800
901,lap microfiber,Household,Housing & Utilities,33000
902,gurame bakar mie goreng jawa bakso urat service charge es teh manis,Restaurants,Food & Beverage,398500
903,caffe latte extra shot kopi susu gula aren,Coffee Shops,Food & Beverage,215000
904,lemon tea french fries paket burger combo,Fast Food,Food & Beverage,163100
905,kwetiau siram sapi soto ayam bakso urat ayam bakar madu bebek goreng service charge,Restaurants,Food & Beverage,465700
906,panadol biru strip tolak angin box enervon c botol,Health,Health & Personal Care,151500
907,gantungan baju set food container set artificial plant,Home Improvement,Housing & Utilities,214000
908,beras ramos filma minyak l,Groceries,Food & Beverage,444000
909,nasi putih cola medium pudding chocolate chicken nugget ayam goreng crispy,Fast Food,Food & Beverage,151000
910,chicken nugget spaghetti chicken paket burger combo,Fast Food,Food & Beverage,306000
911,wipol molto pewangi rinso deterjen attack easy stella pengharum spon cuci piring lap microfiber sos pembersih lantai,Household,Housing & Utilities,529300
912,webcam full hd,Electronics & Software,Lifestyle & Entertainment,398000
913,soto ayam service charge ayam bakar madu capcay seafood nasi goreng spesial kwetiau siram sapi dimsum ayam es cendol gurame bakar pb sate ayam tsk,Restaurants,Food & Beverage,767300
914,bebek goreng soto ayam mie ayam jamur sop iga,Restaurants,Food & Beverage,238000
915,caffe latte cinnamon roll,Coffee Shops,Food & Beverage,257200
916,piattos sapi panggang filma minyak l good day cappuccino chitato sapi panggang kopi kapal api mix frisian flag uht,Groceries,Food & Beverage,173500
917,french fries spaghetti chicken cola medium take away bag burger cheese,Fast Food,Food & Beverage,219000
918,powerbank,Electronics & Software,Lifestyle & Entertainment,173000
919,kecap bango roma kelapa ultra milk coklat yakult,Groceries,Food & Beverage,241600
920,silverqueen mie sedaap soto good day cappuccino piattos sapi panggang bimoli l,Groceries,Food & Beverage,133400
921,es kopi pandan service charge brownies,Coffee Shops,Food & Beverage,166000
922,plastik sampah x wipol baygon aerosol,Household,Housing & Utilities,110000
923,soto ayam gurame bakar jeruk hangat capcay seafood nasi goreng spesial,Restaurants,Food & Beverage,537600
924,dexlite,Gas & Fuel,Transportation,490000
925,mie sedaap soto kecap bango piattos sapi panggang indomie goreng frisian flag uht filma minyak l roma kelapa good day cappuccino aqua telur ayam nu green tea lifebuoy sabun batang,Groceries,Food & Beverage,263500
926,lisensi software bln case hp webcam full hd charger fast oppo a,Electronics & Software,Lifestyle & Entertainment,3003900
927,revvo,Gas & Fuel,Transportation,390000
928,yakult silverqueen piattos sapi panggang telur ayam nu green tea,Groceries,Food & Beverage,138000
929,bakso urat bebek goreng,Restaurants,Food & Beverage,196100
930,le minerale ultra milk coklat pepsodent indomie ayam bawang walls cornetto tepung segitiga biru gula pasir sosis so nice,Groceries,Food & Beverage,185300
931,webcam full hd lisensi software bln memory card,Electronics & Software,Lifestyle & Entertainment,884000
932,promag tablet betadine masker medis bodrex flu batuk,Health,Health & Personal Care,89500
933,sambal extra ice cream cone burger cheese paket burger combo cola medium spaghetti chicken rice bowl chicken,Fast Food,Food & Beverage,457500
934,sos pembersih lantai sabun cuci tangan spon cuci piring,Household,Housing & Utilities,158400
935,soto ayam es teh manis dimsum ayam,Restaurants,Food & Beverage,170000
936,bio solar kopi kaleng,Gas & Fuel,Transportation,225700
937,nasi putih rice bowl chicken french fries,Fast Food,Food & Beverage,52100
938,almond croissant spanish latte banana bread,Coffee Shops,Food & Beverage,292000
939,headset bluetooth,Electronics & Software,Lifestyle & Entertainment,198000
940,legging sport sport bra ikat pinggang,Apparel,Lifestyle & Entertainment,344000
941,aqua ultra milk coklat,Groceries,Food & Beverage,11500
942,pertamax,Gas & Fuel,Transportation,533000
943,service charge spaghetti chicken paket ayam nasi sambal extra,Fast Food,Food & Beverage,130000
944,es cendol pb cumi saus padang ayam bakar madu sop iga,Restaurants,Food & Beverage,749700
945,herborist body butter ponds face wash revlon lipstick azarine sunscreen maybelline fit me pixy bedak two way cake somethinc serum,Beauty,Health & Personal Care,696500
946,sunlight lime tepung segitiga biru pepsodent garam refina roti tawar sari roti,Groceries,Food & Beverage,66600
947,service charge gurame bakar air mineral sate ayam tsk es cendol,Restaurants,Food & Beverage,444500
948,capcay seafood air mineral gurame bakar sop iga sate ayam tsk dimsum ayam,Restaurants,Food & Beverage,485000
949,dexlite,Gas & Fuel,Transportation,126000
950,revvo,Gas & Fuel,Transportation,364000
951,spicy chicken wings paket ayam nasi burger cheese french fries,Fast Food,Food & Beverage,172000
952,case hp samsung a,Electronics & Software,Lifestyle & Entertainment,2919500
953,telur ayam tepung segitiga biru bimoli l pop mie ayam indomie goreng frisian flag uht roti tawar sari roti,Groceries,Food & Beverage,186500
954,banana bread caffe latte matcha latte,Coffee Shops,Food & Beverage,203000
955,headset bluetooth,Electronics & Software,Lifestyle & Entertainment,863200
956,chicken nugget cola medium burger cheese rice bowl chicken take away bag,Fast Food,Food & Beverage,366000
957,headset bluetooth kabel data type c,Electronics & Software,Lifestyle & Entertainment,332000
958,super pell kain pel wipol sunlight lime,Household,Housing & Utilities,232000
959,cappuccino pb caffe latte,Coffee Shops,Food & Beverage,146000
960,piattos sapi panggang oreo vanilla roma kelapa,Groceries,Food & Beverage,31000
961,frisian flag uht mie sedaap soto roma kelapa lifebuoy sabun batang sunlight lime chitato sapi panggang,Groceries,Food & Beverage,100300
962,silverqueen indomie goreng yakult kopi kapal api mix,Groceries,Food & Beverage,201000
963,revvo,Gas & Fuel,Transportation,159900
964,bodrex flu batuk,Health,Health & Personal Care,12000
965,betadine paracetamol mg minyak kayu putih tolak angin box termometer digital,Health,Health & Personal Care,301500
966,good day cappuccino lifebuoy sabun batang roti tawar sari roti fiesta nugget kopi kapal api mix filma minyak l sunlight lime,Groceries,Food & Beverage,206600
967,redmi note samsung a,Electronics & Software,Lifestyle & Entertainment,7965000
968,le minerale saus sambal abc,Groceries,Food & Beverage,63000
969,iced americano almond croissant croissant butter tax resto cappuccino,Coffee Shops,Food & Beverage,287000
970,bp,Gas & Fuel,Transportation,304500
971,roma kelapa gula pasir lifebuoy sabun batang beras ramos aqua silverqueen roti tawar sari roti pepsodent,Groceries,Food & Beverage,378000
972,fiesta nugget beras ramos nu green tea indomie ayam bawang,Groceries,Food & Beverage,305000
973,rinso deterjen tissue paseo s karbol wangi stella pengharum,Household,Housing & Utilities,347000
974,paket burger combo rice bowl chicken cola medium,Fast Food,Food & Beverage,272000
975,dimsum ayam nasi goreng spesial soto ayam cumi saus padang ayam bakar madu,Restaurants,Food & Beverage,354500
976,bimoli l le minerale roma kelapa garam refina kecap bango pepsodent tissue nice s,Groceries,Food & Beverage,206500
977,banana bread iced americano oat milk caffe latte,Coffee Shops,Food & Beverage,211000
978,enervon c botol paracetamol mg masker medis tolak angin box panadol biru strip vitamin c mg hansaplast,Health,Health & Personal Care,188000
979,capcay seafood nasi putih service charge,Restaurants,Food & Beverage,68000
980,kemeja oxford sandal casual,Apparel,Lifestyle & Entertainment,934000
981,sanmol tablet,Health,Health & Personal Care,30000
982,gantungan baju set,Home Improvement,Housing & Utilities,54000
983,sos pembersih lantai sunlight lime stella pengharum rinso deterjen attack easy molto pewangi plastik sampah x tissue paseo s,Household,Housing & Utilities,579500
984,kecap bango gula pasir sosis so nice fiesta nugget filma minyak l indomie ayam bawang pepsodent,Groceries,Food & Beverage,292000
985,komix jahe termometer digital,Health,Health & Personal Care,74000
986,pb es kopi pandan banana bread cappuccino matcha latte lychee tea brownies,Coffee Shops,Food & Beverage,489500
987,roma kelapa piattos sapi panggang indomie ayam bawang beras ramos kecap bango,Groceries,Food & Beverage,167500
988,nasi putih sop iga es cendol capcay seafood,Restaurants,Food & Beverage,315000
989,revvo,Gas & Fuel,Transportation,30000
990,nasi putih,Restaurants,Food & Beverage,25000
991,kaos kaki topi baseball,Apparel,Lifestyle & Entertainment,353000
992,azarine sunscreen wardah lightening toner,Beauty,Health & Personal Care,124300
993,ultra milk coklat silverqueen,Groceries,Food & Beverage,76000
994,bantal sofa kabel roll stop gantungan baju set sekrup set,Home Improvement,Housing & Utilities,363000
995,spaghetti chicken,Fast Food,Food & Beverage,28000
996,frisian flag uht lifebuoy sabun batang gula pasir saus sambal abc ultra milk coklat,Groceries,Food & Beverage,66000
997,stella pengharum spon cuci piring super pell,Household,Housing & Utilities,342000
998,sunlight lime kecap bango silverqueen chitato sapi panggang,Groceries,Food & Beverage,85900
999,gantungan baju set organizer drawer obeng set talenan keran air kabel roll stop food container set artificial plant lampu led jam dinding sekrup set pisau dapur rak susun tingkat storage box l cat tembok,Home Improvement,Housing & Utilities,1834000
1000,ayam bakar madu mie ayam jamur sop iga cumi saus padang,Restaurants,Food & Beverage,214000
1001,shell v power,Gas & Fuel,Transportation,105000
1002,french fries pudding chocolate paket ayam nasi,Fast Food,Food & Beverage,208000
1003,kabel roll stop jam dinding artificial plant,Home Improvement,Housing & Utilities,365000
1004,service charge air mineral soto ayam gurame bakar capcay seafood jeruk hangat bebek goreng cumi saus padang,Restaurants,Food & Beverage,684000
1005,masker medis oralit sachet vitamin c mg tolak angin box,Health,Health & Personal Care,141000
1006,memory card,Electronics & Software,Lifestyle & Entertainment,137000
1007,tepung segitiga biru pop mie ayam indomie goreng frisian flag uht,Groceries,Food & Beverage,71500
1008,samsung a mouse wireless,Electronics & Software,Lifestyle & Entertainment,2697800
1009,kaos kaki jeans slim fit kaos basic cotton,Apparel,Lifestyle & Entertainment,410500
1010,ultra milk coklat pepsodent lifebuoy sabun batang,Groceries,Food & Beverage,38000
1011,speaker bluetooth oppo a,Electronics & Software,Lifestyle & Entertainment,3033000
1012,maybelline fit me somethinc serum vaseline body lotion scarlett body scrub ellips hair vitamin,Beauty,Health & Personal Care,433500
1013,roti tawar sari roti roma kelapa ultra milk coklat frisian flag uht tepung segitiga biru sunlight lime pop mie ayam fiesta nugget indomie goreng le minerale,Groceries,Food & Beverage,499000
1014,kaos basic cotton jaket hoodie,Apparel,Lifestyle & Entertainment,644000
1015,teh pucuk saus sambal abc roma kelapa kecap bango tissue nice s frisian flag uht oreo vanilla kopi kapal api mix,Groceries,Food & Beverage,283000
1016,croissant butter matcha latte oat milk,Coffee Shops,Food & Beverage,88000
1017,service charge kwetiau siram sapi soto ayam cumi saus padang,Restaurants,Food & Beverage,235000
1018,skintific moisturizer pixy bedak two way cake hand cream azarine sunscreen,Beauty,Health & Personal Care,340900
1019,webcam full hd lisensi software bln,Electronics & Software,Lifestyle & Entertainment,570000
1020,hansaplast termometer digital enervon c botol,Health,Health & Personal Care,125000
1021,oreo vanilla piattos sapi panggang tepung segitiga biru kecap bango,Groceries,Food & Beverage,96200
1022,pepsodent yakult le minerale roma kelapa nu green tea roti tawar sari roti indomie ayam bawang fiesta nugget piattos sapi panggang saus sambal abc,Groceries,Food & Beverage,474000
1023,molto pewangi spon cuci piring,Household,Housing & Utilities,66000
1024,chocolate ice spanish latte cinnamon roll kopi susu gula aren matcha latte es kopi pandan,Coffee Shops,Food & Beverage,464000
1025,revvo,Gas & Fuel,Transportation,630000
1026,sunlight lime oreo vanilla kopi kapal api mix piattos sapi panggang saus sambal abc garam refina roma kelapa frisian flag uht,Groceries,Food & Beverage,208900
1027,burger cheese ayam goreng crispy chicken nugget take away bag,Fast Food,Food & Beverage,88000
1028,silverqueen indomie goreng sosis so nice,Groceries,Food & Beverage,45000
1029,ice cream cone rice bowl chicken spaghetti chicken,Fast Food,Food & Beverage,84500
1030,parkir motor,Transportation,Transportation,9400
1031,nu green tea saus sambal abc silverqueen beras ramos walls cornetto gula pasir roti tawar sari roti sosis so nice bimoli l,Groceries,Food & Beverage,594800
1032,nasi putih cola medium pb chicken popcorn,Fast Food,Food & Beverage,212600
1033,sate ayam tsk air mineral,Restaurants,Food & Beverage,81500
1034,jeruk hangat dimsum ayam es cendol mie goreng jawa,Restaurants,Food & Beverage,202000
1035,pepsodent ultra milk coklat yakult lifebuoy sabun batang piattos sapi panggang,Groceries,Food & Beverage,121500
1036,almond croissant cinnamon roll iced americano,Coffee Shops,Food & Beverage,250000
1037,gula pasir frisian flag uht yakult pop mie ayam oreo vanilla sosis so nice nu green tea silverqueen tissue nice s,Groceries,Food & Beverage,227000
1038,promag tablet komix jahe,Health,Health & Personal Care,19000
1039,le minerale tepung segitiga biru,Groceries,Food & Beverage,21400
1040,gantungan baju set artificial plant pot tanaman cat tembok,Home Improvement,Housing & Utilities,355000
1041,telur ayam silverqueen roti tawar sari roti tissue nice s garam refina bimoli l,Groceries,Food & Beverage,259500
1042,bp,Gas & Fuel,Transportation,162000
1043,filma minyak l ultra milk coklat indomie goreng,Groceries,Food & Beverage,124000
1044,matcha latte banana bread lychee tea iced americano croissant butter,Coffee Shops,Food & Beverage,340000
1045,oralit sachet enervon c botol,Health,Health & Personal Care,57000
1046,filma minyak l pop mie ayam kopi kapal api mix bimoli l indomie ayam bawang telur ayam silverqueen beras ramos teh pucuk yakult,Groceries,Food & Beverage,302000
1047,obh combi paracetamol mg promag tablet sanmol tablet oralit sachet,Health,Health & Personal Care,111500
1048,frisian flag uht good day cappuccino pepsodent piattos sapi panggang roma kelapa ultra milk coklat lifebuoy sabun batang indomie goreng,Groceries,Food & Beverage,190000
1049,plastik sampah x lap microfiber sunlight lime,Household,Housing & Utilities,100000
1050,paket ayam nasi sambal extra spaghetti chicken paket burger combo spicy chicken wings nasi putih pb,Fast Food,Food & Beverage,189700
1051,es cendol cumi saus padang jeruk hangat,Restaurants,Food & Beverage,143000
1052,headset bluetooth redmi note,Electronics & Software,Lifestyle & Entertainment,3594000
1053,keran air obeng set rak susun tingkat bantal sofa artificial plant,Home Improvement,Housing & Utilities,805500
1054,tepung segitiga biru yakult silverqueen oreo vanilla fiesta nugget,Groceries,Food & Beverage,191500
1055,pixy bedak two way cake makarizo hair mask revlon lipstick ellips hair vitamin,Beauty,Health & Personal Care,213000
1056,oppo a,Electronics & Software,Lifestyle & Entertainment,2064000
1057,telur ayam filma minyak l mie sedaap soto silverqueen,Groceries,Food & Beverage,112500
1058,food container set jam dinding storage box l,Home Improvement,Housing & Utilities,516000
1059,air mineral service charge gurame bakar,Restaurants,Food & Beverage,587000
1060,tax resto almond croissant cinnamon roll oat milk,Coffee Shops,Food & Beverage,114500
1061,spaghetti chicken ayam goreng crispy sambal extra chicken nugget nasi putih french fries paket burger combo,Fast Food,Food & Beverage,265600
1062,silverqueen roma kelapa gula pasir sunlight lime,Groceries,Food & Beverage,202000
1063,sambal extra nasi putih paket ayam nasi tax resto,Fast Food,Food & Beverage,80000
1064,telur ayam aqua,Groceries,Food & Beverage,79000
1065,gula pasir walls cornetto pepsodent frisian flag uht roti tawar sari roti tepung segitiga biru garam refina beras ramos,Groceries,Food & Beverage,247500
1066,emina lip cream,Beauty,Health & Personal Care,37500
1067,revvo parkir spbu,Gas & Fuel,Transportation,173000
1068,kecap bango roma kelapa tissue nice s telur ayam walls cornetto,Groceries,Food & Beverage,159000
1069,aqua fiesta nugget kecap bango piattos sapi panggang sunlight lime beras ramos walls cornetto lifebuoy sabun batang bimoli l,Groceries,Food & Beverage,287700
1070,frisian flag uht garam refina good day cappuccino oreo vanilla,Groceries,Food & Beverage,40000
1071,frisian flag uht roma kelapa tepung segitiga biru sosis so nice,Groceries,Food & Beverage,148000
1072,keran air organizer drawer storage box l artificial plant rak susun tingkat obeng set pot tanaman gantungan baju set bantal sofa food container set talenan lampu led,Home Improvement,Housing & Utilities,1290000
1073,ayam goreng crispy chicken nugget ice cream cone,Fast Food,Food & Beverage,78300
1074,pb nasi putih es cendol,Restaurants,Food & Beverage,28000
1075,chicken nugget,Fast Food,Food & Beverage,44000
1076,take away bag chicken popcorn sambal extra ice cream cone,Fast Food,Food & Beverage,87000
1077,extra shot banana bread almond croissant,Coffee Shops,Food & Beverage,120000
1078,garnier micellar water makarizo hair mask pixy bedak two way cake ellips hair vitamin,Beauty,Health & Personal Care,265000
1079,brownies iced americano extra shot,Coffee Shops,Food & Beverage,123500
1080,piattos sapi panggang lifebuoy sabun batang garam refina teh pucuk ultra milk coklat,Groceries,Food & Beverage,41000
1081,karbol wangi rinso deterjen wipol plastik sampah x tissue paseo s attack easy sos pembersih lantai sabun cuci tangan super pell sunlight lime,Household,Housing & Utilities,532300
1082,good day cappuccino beras ramos telur ayam teh pucuk indomie ayam bawang silverqueen,Groceries,Food & Beverage,222000
1083,shell super,Gas & Fuel,Transportation,70000
1084,teh pucuk roti tawar sari roti indomie goreng le minerale kopi kapal api mix mie sedaap soto,Groceries,Food & Beverage,86500
1085,pop mie ayam telur ayam tissue nice s oreo vanilla,Groceries,Food & Beverage,192000
1086,bakso urat air mineral cumi saus padang mie ayam jamur kwetiau siram sapi service charge,Restaurants,Food & Beverage,339000
1087,pop mie ayam yakult walls cornetto,Groceries,Food & Beverage,39000
1088,parkir mobil,Transportation,Transportation,22000
1089,bakso urat service charge gurame bakar,Restaurants,Food & Beverage,178500
1090,revvo,Gas & Fuel,Transportation,261000
1091,pisau dapur,Home Improvement,Housing & Utilities,270000
1092,bio solar,Gas & Fuel,Transportation,34000
1093,good day cappuccino telur ayam,Groceries,Food & Beverage,54000
1094,herborist body butter revlon lipstick skintific moisturizer,Beauty,Health & Personal Care,549000
1095,sambal extra pudding chocolate cola medium paket ayam nasi spaghetti chicken,Fast Food,Food & Beverage,195000
1096,soto ayam service charge gurame bakar service charge mie goreng jawa,Restaurants,Food & Beverage,394800
1097,lemon tea,Fast Food,Food & Beverage,12000
1098,pertamax,Gas & Fuel,Transportation,260000
1099,chicken nugget cola medium pudding chocolate paket ayam nasi,Fast Food,Food & Beverage,111500
1100,nu green tea ultra milk coklat saus sambal abc,Groceries,Food & Beverage,64000
1101,kemeja flanel jeans slim fit baju anak,Apparel,Lifestyle & Entertainment,1229000
1102,garam refina tepung segitiga biru bimoli l walls cornetto,Groceries,Food & Beverage,59500
1103,panadol biru strip komix jahe bodrex flu batuk masker medis minyak kayu putih,Health,Health & Personal Care,88000
1104,frisian flag uht le minerale,Groceries,Food & Beverage,33000
1105,kwetiau siram sapi service charge mie goreng jawa bakso urat,Restaurants,Food & Beverage,94000
1106,wipol spon cuci piring,Household,Housing & Utilities,94000
1107,charger fast,Electronics & Software,Lifestyle & Entertainment,81000
1108,sepatu sneakers kaos kaki baju anak,Apparel,Lifestyle & Entertainment,1157500
1109,bebek goreng jeruk hangat soto ayam ayam bakar madu,Restaurants,Food & Beverage,194000
1110,storage box l lampu led rak susun tingkat organizer drawer keran air,Home Improvement,Housing & Utilities,523000
1111,lifebuoy sabun batang silverqueen,Groceries,Food & Beverage,91000
1112,dexlite,Gas & Fuel,Transportation,280000
1113,pertamax,Gas & Fuel,Transportation,585000
1114,azarine sunscreen herborist body butter,Beauty,Health & Personal Care,170000
1115,roma kelapa telur ayam tepung segitiga biru silverqueen chitato sapi panggang frisian flag uht,Groceries,Food & Beverage,326000
1116,lap microfiber tissue paseo s,Household,Housing & Utilities,55500
1117,cola medium,Fast Food,Food & Beverage,16000
1118,kemeja oxford,Apparel,Lifestyle & Entertainment,227500
1119,bakso urat soto ayam pb ayam bakar madu,Restaurants,Food & Beverage,97000
1120,dress wanita kemeja flanel kaos kaki,Apparel,Lifestyle & Entertainment,853000
1121,oreo vanilla beras ramos,Groceries,Food & Beverage,706000
1122,kemeja oxford ikat pinggang,Apparel,Lifestyle & Entertainment,342000
1123,bp,Gas & Fuel,Transportation,265000
1124,shell v power,Gas & Fuel,Transportation,297000
1125,panadol biru strip komix jahe bodrex flu batuk enervon c botol vitamin c mg oralit sachet,Health,Health & Personal Care,103500
1126,pudding chocolate paket ayam nasi rice bowl chicken french fries,Fast Food,Food & Beverage,209000
1127,capcay seafood,Restaurants,Food & Beverage,68000
1128,pudding chocolate chicken nugget ayam goreng crispy,Fast Food,Food & Beverage,66500
1129,spicy chicken wings chicken popcorn spaghetti chicken paket ayam nasi,Fast Food,Food & Beverage,175000
1130,revvo parkir spbu,Gas & Fuel,Transportation,377000
1131,revlon lipstick azarine sunscreen,Beauty,Health & Personal Care,182000
1132,banana bread kopi susu gula aren pb,Coffee Shops,Food & Beverage,48500
1133,indomie ayam bawang beras ramos silverqueen,Groceries,Food & Beverage,236000
1134,pop mie ayam indomie ayam bawang mie sedaap soto yakult walls cornetto,Groceries,Food & Beverage,105000
1135,paket hemat cola medium chicken popcorn,Fast Food,Food & Beverage,209000
1136,pertamax,Gas & Fuel,Transportation,107000
1137,headset bluetooth keyboard usb mouse wireless case hp,Electronics & Software,Lifestyle & Entertainment,800000
1138,samsung a lisensi software bln memory card,Electronics & Software,Lifestyle & Entertainment,3488800
1139,soto ayam dimsum ayam gurame bakar,Restaurants,Food & Beverage,677000
1140,good day cappuccino garam refina walls cornetto beras ramos telur ayam filma minyak l le minerale,Groceries,Food & Beverage,391200
1141,soto ayam mie goreng jawa air mineral bakso urat,Restaurants,Food & Beverage,165500
1142,ikat pinggang sepatu sneakers,Apparel,Lifestyle & Entertainment,1209500
1143,ultra milk coklat,Groceries,Food & Beverage,14000
1144,croissant butter cheesecake slice es kopi pandan,Coffee Shops,Food & Beverage,419000
1145,kemeja oxford topi baseball kaos basic cotton,Apparel,Lifestyle & Entertainment,428000
1146,soto ayam es cendol cumi saus padang gurame bakar nasi putih sate ayam tsk mie goreng jawa,Restaurants,Food & Beverage,738000
1147,parkir mobil,Transportation,Transportation,32000
1148,mie ayam jamur service charge,Restaurants,Food & Beverage,107000
1149,mouse wireless,Electronics & Software,Lifestyle & Entertainment,89500
1150,bimoli l gula pasir frisian flag uht piattos sapi panggang walls cornetto good day cappuccino fiesta nugget ultra milk coklat,Groceries,Food & Beverage,223500
1151,walls cornetto pepsodent mie sedaap soto frisian flag uht,Groceries,Food & Beverage,87000
1152,croissant butter extra shot,Coffee Shops,Food & Beverage,143500
1153,gurame bakar cumi saus padang,Restaurants,Food & Beverage,241500
1154,organizer drawer obeng set kabel roll stop pisau dapur artificial plant sekrup set storage box l lampu led rak susun tingkat gantungan baju set,Home Improvement,Housing & Utilities,1182100
1155,ayam goreng crispy paket ayam nasi french fries ice cream cone,Fast Food,Food & Beverage,148000
1156,garam refina roma kelapa frisian flag uht silverqueen oreo vanilla teh pucuk kopi kapal api mix bimoli l,Groceries,Food & Beverage,378000
1157,ice cream cone chicken popcorn nasi putih paket hemat,Fast Food,Food & Beverage,140000
1158,saus sambal abc bimoli l,Groceries,Food & Beverage,56000
1159,rice bowl chicken pudding chocolate spaghetti chicken,Fast Food,Food & Beverage,135000
1160,pertalite,Gas & Fuel,Transportation,50000
1161,revvo kopi kaleng,Gas & Fuel,Transportation,458000
1162,telur ayam kopi kapal api mix roti tawar sari roti yakult piattos sapi panggang filma minyak l fiesta nugget tepung segitiga biru,Groceries,Food & Beverage,221100
1163,sikat wc wipol,Household,Housing & Utilities,37000
1164,filma minyak l mie sedaap soto teh pucuk roma kelapa pepsodent indomie ayam bawang silverqueen gula pasir piattos sapi panggang,Groceries,Food & Beverage,285000
1165,paket hemat pudding chocolate sambal extra spaghetti chicken ice cream cone,Fast Food,Food & Beverage,132000
1166,storage box l rak susun tingkat gantungan baju set,Home Improvement,Housing & Utilities,506000
1167,oreo vanilla piattos sapi panggang lifebuoy sabun batang,Groceries,Food & Beverage,26700
1168,sate ayam tsk nasi putih dimsum ayam,Restaurants,Food & Beverage,143000
1169,matcha latte tax resto banana bread extra shot cheesecake slice,Coffee Shops,Food & Beverage,118800
1170,beras ramos tepung segitiga biru le minerale kopi kapal api mix chitato sapi panggang,Groceries,Food & Beverage,526600
1171,yakult bimoli l roti tawar sari roti,Groceries,Food & Beverage,103000
1172,baygon aerosol sos pembersih lantai,Household,Housing & Utilities,332000
1173,minyak kayu putih betadine sanmol tablet promag tablet bodrex flu batuk antangin cair,Health,Health & Personal Care,147500
1174,bebek goreng,Restaurants,Food & Beverage,230000
1175,flashdisk,Electronics & Software,Lifestyle & Entertainment,65000
1176,talenan bantal sofa pot tanaman rak susun tingkat pisau dapur obeng set,Home Improvement,Housing & Utilities,741000
1177,masker medis oralit sachet antangin cair minyak kayu putih,Health,Health & Personal Care,84900
1178,teh pucuk chitato sapi panggang mie sedaap soto nu green tea sosis so nice,Groceries,Food & Beverage,75000
1179,sekrup set organizer drawer pisau dapur gantungan baju set lampu led,Home Improvement,Housing & Utilities,353600
1180,almond croissant oat milk,Coffee Shops,Food & Beverage,88000
1181,bio solar,Gas & Fuel,Transportation,47500
1182,rak susun tingkat obeng set,Home Improvement,Housing & Utilities,335500
1183,cumi saus padang,Restaurants,Food & Beverage,65000
1184,mie goreng jawa es teh manis,Restaurants,Food & Beverage,70000
1185,take away bag paket hemat pudding chocolate paket ayam nasi,Fast Food,Food & Beverage,92000
1186,garam refina mie sedaap soto,Groceries,Food & Beverage,38000
1187,nasi goreng spesial mie goreng jawa nasi putih,Restaurants,Food & Beverage,64000
1188,telur ayam tepung segitiga biru mie sedaap soto,Groceries,Food & Beverage,108000
1189,sos pembersih lantai lap microfiber baygon aerosol wipol,Household,Housing & Utilities,273800
1190,obh combi tolak angin box paracetamol mg termometer digital promag tablet panadol biru strip,Health,Health & Personal Care,197000
1191,lemon tea nasi putih take away bag ice cream cone,Fast Food,Food & Beverage,34500
1192,plastik sampah x sikat wc baygon aerosol tissue paseo s lap microfiber kain pel,Household,Housing & Utilities,604000
1193,cappuccino es kopi pandan spanish latte almond croissant lychee tea,Coffee Shops,Food & Beverage,402000
1194,nasi putih spaghetti chicken ice cream cone lemon tea spicy chicken wings paket ayam nasi pudding chocolate,Fast Food,Food & Beverage,286000
1195,dress wanita kemeja oxford sport bra,Apparel,Lifestyle & Entertainment,746000
1196,shell v power,Gas & Fuel,Transportation,608000
1197,revlon lipstick vaseline body lotion ponds face wash scarlett body scrub skintific moisturizer garnier micellar water,Beauty,Health & Personal Care,685000
1198,pertamax,Gas & Fuel,Transportation,189000
1199,rak susun tingkat artificial plant,Home Improvement,Housing & Utilities,295000
1200,spicy chicken wings chicken nugget pudding chocolate,Fast Food,Food & Beverage,461000
1201,nasi goreng spesial bebek goreng soto ayam,Restaurants,Food & Beverage,255000
1202,gurame bakar sop iga bakso urat sate ayam tsk jeruk hangat,Restaurants,Food & Beverage,890500
1203,promag tablet sanmol tablet oralit sachet minyak kayu putih,Health,Health & Personal Care,104000
1204,paracetamol mg minyak kayu putih,Health,Health & Personal Care,43000
1205,bimoli l,Groceries,Food & Beverage,112000
1206,bebek goreng nasi goreng spesial,Restaurants,Food & Beverage,178000
1207,plastik sampah x karbol wangi sunlight lime attack easy rinso deterjen,Household,Housing & Utilities,230500
1208,tiket bus akap,Transportation,Transportation,110500
1209,dimsum ayam mie ayam jamur,Restaurants,Food & Beverage,103000
1210,headset bluetooth,Electronics & Software,Lifestyle & Entertainment,231000
1211,croissant butter,Coffee Shops,Food & Beverage,53400
1212,ponds face wash vaseline body lotion herborist body butter body mist ellips hair vitamin somethinc serum maybelline fit me,Beauty,Health & Personal Care,435100
1213,kecap bango fiesta nugget piattos sapi panggang garam refina ultra milk coklat pepsodent,Groceries,Food & Beverage,304000
1214,mie goreng jawa,Restaurants,Food & Beverage,36000
1215,rice bowl chicken ice cream cone,Fast Food,Food & Beverage,41700
1216,hansaplast minyak kayu putih obh combi oralit sachet enervon c botol,Health,Health & Personal Care,153800
1217,wardah lightening toner,Beauty,Health & Personal Care,29000
1218,baygon aerosol tissue paseo s spon cuci piring,Household,Housing & Utilities,226500
1219,ice cream cone paket ayam nasi lemon tea sambal extra take away bag,Fast Food,Food & Beverage,71000
1220,kabel data type c case hp,Electronics & Software,Lifestyle & Entertainment,118000
1221,sosis so nice filma minyak l sunlight lime,Groceries,Food & Beverage,76000
1222,sekrup set rak susun tingkat,Home Improvement,Housing & Utilities,398000
1223,attack easy,Household,Housing & Utilities,24000
1224,caffe latte brownies extra shot spanish latte,Coffee Shops,Food & Beverage,144000
1225,soto ayam mie goreng jawa capcay seafood es teh manis service charge,Restaurants,Food & Beverage,201100
1226,jam dinding keran air rak susun tingkat,Home Improvement,Housing & Utilities,730500
1227,bio solar,Gas & Fuel,Transportation,161000
1228,sandal casual ikat pinggang kemeja oxford polo shirt,Apparel,Lifestyle & Entertainment,1342000
1229,oreo vanilla piattos sapi panggang,Groceries,Food & Beverage,38000
1230,lemon tea spaghetti chicken ice cream cone,Fast Food,Food & Beverage,102000
1231,bakso urat,Restaurants,Food & Beverage,32000
1232,brownies banana bread oat milk chocolate ice iced americano,Coffee Shops,Food & Beverage,172400
1233,good day cappuccino tepung segitiga biru kopi kapal api mix frisian flag uht ultra milk coklat lifebuoy sabun batang indomie goreng nu green tea,Groceries,Food & Beverage,93500
1234,roma kelapa kecap bango saus sambal abc le minerale,Groceries,Food & Beverage,249000
1235,paket burger combo spicy chicken wings chicken popcorn nasi putih,Fast Food,Food & Beverage,184100
1236,sabun cuci tangan wipol,Household,Housing & Utilities,69000
1237,spanish latte cappuccino oat milk cheesecake slice caffe latte brownies,Coffee Shops,Food & Beverage,570800
1238,tolak angin box oralit sachet,Health,Health & Personal Care,38000
1239,roti tawar sari roti nu green tea lifebuoy sabun batang oreo vanilla,Groceries,Food & Beverage,78500
1240,vaseline body lotion somethinc serum body mist maybelline fit me,Beauty,Health & Personal Care,360500
1241,shell v power,Gas & Fuel,Transportation,304000
1242,tax resto banana bread lychee tea,Coffee Shops,Food & Beverage,50000
1243,take away bag rice bowl chicken spaghetti chicken spicy chicken wings,Fast Food,Food & Beverage,492000
1244,dexlite,Gas & Fuel,Transportation,252000
1245,roma kelapa indomie ayam bawang,Groceries,Food & Beverage,17000
1246,skintific moisturizer vaseline body lotion,Beauty,Health & Personal Care,161000
1247,kabel data type c anti gores hp,Electronics & Software,Lifestyle & Entertainment,108800
1248,caffe latte oat milk extra shot,Coffee Shops,Food & Beverage,62000
1249,garnier micellar water makarizo hair mask hand cream emina lip cream wardah lightening toner,Beauty,Health & Personal Care,191500
1250,almond croissant brownies,Coffee Shops,Food & Beverage,110000
1251,chocolate ice,Coffee Shops,Food & Beverage,30000
1252,sekrup set artificial plant talenan gantungan baju set,Home Improvement,Housing & Utilities,230000
1253,tolak angin box termometer digital panadol biru strip,Health,Health & Personal Care,123000
1254,somethinc serum vaseline body lotion,Beauty,Health & Personal Care,151000
1255,mie goreng jawa,Restaurants,Food & Beverage,70000
1256,paket burger combo sambal extra,Fast Food,Food & Beverage,68000
1257,es teh manis bakso urat gurame bakar air mineral dimsum ayam,Restaurants,Food & Beverage,497500
1258,legging sport baju anak kaos basic cotton sport bra,Apparel,Lifestyle & Entertainment,847000
1259,beras ramos silverqueen chitato sapi panggang,Groceries,Food & Beverage,212000
1260,bodrex flu batuk promag tablet vitamin c mg tolak angin box panadol biru strip antangin cair,Health,Health & Personal Care,108000
1261,jaket hoodie,Apparel,Lifestyle & Entertainment,219000
1262,bp,Gas & Fuel,Transportation,252000
1263,chicken nugget sambal extra service charge paket burger combo,Fast Food,Food & Beverage,178200
1264,teh pucuk,Groceries,Food & Beverage,50000
1265,es cendol air mineral jeruk hangat nasi goreng spesial dimsum ayam sop iga es teh manis,Restaurants,Food & Beverage,501900
1266,talenan obeng set food container set rak susun tingkat cat tembok artificial plant,Home Improvement,Housing & Utilities,1186000
1267,spaghetti chicken,Fast Food,Food & Beverage,93000
1268,caffe latte es kopi pandan kopi susu gula aren extra shot,Coffee Shops,Food & Beverage,136500
1269,nasi goreng spesial jeruk hangat kwetiau siram sapi capcay seafood mie ayam jamur gurame bakar,Restaurants,Food & Beverage,357800
1270,piattos sapi panggang good day cappuccino nu green tea,Groceries,Food & Beverage,21000
1271,fiesta nugget oreo vanilla tissue nice s saus sambal abc walls cornetto teh pucuk indomie ayam bawang garam refina sunlight lime,Groceries,Food & Beverage,290500
1272,es cendol ayam bakar madu capcay seafood bebek goreng nasi putih service charge,Restaurants,Food & Beverage,233000
1273,gula pasir beras ramos pepsodent,Groceries,Food & Beverage,113000
1274,sambal extra chicken popcorn burger cheese paket hemat,Fast Food,Food & Beverage,140500
1275,revvo,Gas & Fuel,Transportation,210000
1276,cinnamon roll caffe latte cheesecake slice service charge,Coffee Shops,Food & Beverage,118600
1277,dexlite,Gas & Fuel,Transportation,187000
1278,sosis so nice sunlight lime,Groceries,Food & Beverage,28000
1279,fiesta nugget good day cappuccino indomie goreng tepung segitiga biru nu green tea,Groceries,Food & Beverage,87000
1280,oreo vanilla pepsodent teh pucuk indomie goreng good day cappuccino gula pasir,Groceries,Food & Beverage,191700
1281,burger cheese take away bag pudding chocolate chicken popcorn cola medium,Fast Food,Food & Beverage,127100
1282,revvo,Gas & Fuel,Transportation,36000
1283,saus sambal abc aqua pepsodent,Groceries,Food & Beverage,38000
1284,es kopi pandan croissant butter cappuccino spanish latte brownies,Coffee Shops,Food & Beverage,226000
1285,bebek goreng sop iga kwetiau siram sapi es cendol mie ayam jamur,Restaurants,Food & Beverage,293000
1286,ice cream cone lemon tea,Fast Food,Food & Beverage,20500
1287,anti gores hp charger fast,Electronics & Software,Lifestyle & Entertainment,227000
1288,service charge es cendol service charge,Restaurants,Food & Beverage,58000
1289,mie sedaap soto kopi kapal api mix pepsodent filma minyak l,Groceries,Food & Beverage,69000
1290,good day cappuccino nu green tea yakult frisian flag uht telur ayam walls cornetto,Groceries,Food & Beverage,99500
1291,extra shot kopi susu gula aren,Coffee Shops,Food & Beverage,34000
1292,gula pasir yakult frisian flag uht teh pucuk silverqueen fiesta nugget indomie ayam bawang,Groceries,Food & Beverage,263500
1293,powerbank charger fast oppo a,Electronics & Software,Lifestyle & Entertainment,2838000
1294,memory card lisensi software bln powerbank charger fast,Electronics & Software,Lifestyle & Entertainment,884000
1295,mie goreng jawa nasi goreng spesial gurame bakar,Restaurants,Food & Beverage,1182000
1296,body mist ellips hair vitamin makarizo hair mask,Beauty,Health & Personal Care,145000
1297,frisian flag uht good day cappuccino oreo vanilla kopi kapal api mix telur ayam sosis so nice nu green tea,Groceries,Food & Beverage,184500
1298,komix jahe enervon c botol,Health,Health & Personal Care,50000
1299,azarine sunscreen scarlett body scrub wardah lightening toner,Beauty,Health & Personal Care,365500
1300,air mineral,Restaurants,Food & Beverage,6000
1301,tax resto bebek goreng nasi goreng spesial sop iga,Restaurants,Food & Beverage,433400
1302,bp,Gas & Fuel,Transportation,386000
1303,pertamax turbo,Gas & Fuel,Transportation,90000
1304,chicken nugget pudding chocolate ice cream cone chicken popcorn,Fast Food,Food & Beverage,86500
1305,bakso urat sop iga cumi saus padang capcay seafood,Restaurants,Food & Beverage,391000
1306,karbol wangi baygon aerosol sikat wc sos pembersih lantai,Household,Housing & Utilities,395000
1307,bimoli l,Groceries,Food & Beverage,22000
1308,bp,Gas & Fuel,Transportation,94500
1309,matcha latte caffe latte extra shot kopi susu gula aren spanish latte chocolate ice cheesecake slice banana bread,Coffee Shops,Food & Beverage,423500
1310,iced americano extra shot banana bread spanish latte chocolate ice brownies almond croissant caffe latte cheesecake slice oat milk,Coffee Shops,Food & Beverage,448900
1311,baygon aerosol sabun cuci tangan,Household,Housing & Utilities,266500
1312,revlon lipstick ponds face wash pixy bedak two way cake vaseline body lotion maybelline fit me,Beauty,Health & Personal Care,563000
1313,ayam bakar madu es cendol gurame bakar service charge cumi saus padang,Restaurants,Food & Beverage,510600
1314,bantal sofa lampu led,Home Improvement,Housing & Utilities,134000
1315,spicy chicken wings rice bowl chicken paket ayam nasi ice cream cone,Fast Food,Food & Beverage,236000
1316,mie goreng jawa mie ayam jamur service charge dimsum ayam,Restaurants,Food & Beverage,131000
1317,spanish latte croissant butter caffe latte oat milk chocolate ice brownies matcha latte cheesecake slice,Coffee Shops,Food & Beverage,481800
1318,nasi putih paket hemat ayam goreng crispy lemon tea,Fast Food,Food & Beverage,131000
1319,cumi saus padang es cendol ayam bakar madu,Restaurants,Food & Beverage,158000
1320,powerbank,Electronics & Software,Lifestyle & Entertainment,198500
1321,es kopi pandan,Coffee Shops,Food & Beverage,33000
1322,mie goreng jawa kwetiau siram sapi cumi saus padang sop iga es cendol,Restaurants,Food & Beverage,245000
1323,somethinc serum vaseline body lotion revlon lipstick skintific moisturizer garnier micellar water,Beauty,Health & Personal Care,759500
1324,kopi susu gula aren cappuccino almond croissant oat milk matcha latte cheesecake slice,Coffee Shops,Food & Beverage,395500
1325,bio solar,Gas & Fuel,Transportation,170000
1326,capcay seafood,Restaurants,Food & Beverage,49000
1327,service charge ayam bakar madu mie goreng jawa soto ayam,Restaurants,Food & Beverage,174000
1328,jam dinding talenan keran air lampu led,Home Improvement,Housing & Utilities,278000
1329,telur ayam indomie goreng pop mie ayam pepsodent piattos sapi panggang teh pucuk oreo vanilla saus sambal abc ultra milk coklat,Groceries,Food & Beverage,311000
1330,beras ramos mie sedaap soto indomie ayam bawang good day cappuccino chitato sapi panggang,Groceries,Food & Beverage,144500
1331,mie sedaap soto yakult sunlight lime frisian flag uht garam refina kopi kapal api mix,Groceries,Food & Beverage,92500
1332,oat milk service charge cappuccino,Coffee Shops,Food & Beverage,55800
1333,baju anak ikat pinggang,Apparel,Lifestyle & Entertainment,342000
1334,kopi kapal api mix oreo vanilla,Groceries,Food & Beverage,10500
1335,legging sport jeans slim fit,Apparel,Lifestyle & Entertainment,564800
1336,chitato sapi panggang telur ayam walls cornetto ultra milk coklat indomie goreng,Groceries,Food & Beverage,126000
1337,sandal casual,Apparel,Lifestyle & Entertainment,134500
1338,es cendol gurame bakar nasi putih bebek goreng es teh manis air mineral sop iga capcay seafood soto ayam jeruk hangat,Restaurants,Food & Beverage,735000
1339,nasi goreng spesial es cendol ayam bakar madu mie ayam jamur air mineral nasi putih,Restaurants,Food & Beverage,296000
1340,kwetiau siram sapi dimsum ayam sop iga,Restaurants,Food & Beverage,378200
1341,masker medis hansaplast oralit sachet,Health,Health & Personal Care,60500
1342,ice cream cone burger cheese cola medium ayam goreng crispy lemon tea paket hemat chicken popcorn pudding chocolate,Fast Food,Food & Beverage,596800
1343,revvo,Gas & Fuel,Transportation,462000
1344,chitato sapi panggang tissue nice s frisian flag uht garam refina sunlight lime,Groceries,Food & Beverage,95000
1345,bebek goreng dimsum ayam gurame bakar es cendol nasi goreng spesial service charge sate ayam tsk kwetiau siram sapi capcay seafood jeruk hangat,Restaurants,Food & Beverage,603300
1346,tissue nice s tepung segitiga biru le minerale indomie ayam bawang,Groceries,Food & Beverage,92500
1347,roti tawar sari roti tissue nice s yakult mie sedaap soto aqua,Groceries,Food & Beverage,76600
1348,lychee tea extra shot,Coffee Shops,Food & Beverage,106000
1349,ultra milk coklat sunlight lime filma minyak l indomie goreng yakult nu green tea silverqueen sosis so nice,Groceries,Food & Beverage,201000
1350,roma kelapa piattos sapi panggang filma minyak l sunlight lime pepsodent chitato sapi panggang oreo vanilla teh pucuk,Groceries,Food & Beverage,153500
1351,cumi saus padang es teh manis nasi goreng spesial sop iga sate ayam tsk,Restaurants,Food & Beverage,292500
1352,bp,Gas & Fuel,Transportation,364000
1353,bodrex flu batuk obh combi oralit sachet enervon c botol hansaplast vitamin c mg paracetamol mg tolak angin box,Health,Health & Personal Care,280500
1354,shell v power,Gas & Fuel,Transportation,630000
1355,ayam bakar madu service charge bakso urat es teh manis mie goreng jawa kwetiau siram sapi,Restaurants,Food & Beverage,411500
1356,chicken nugget,Fast Food,Food & Beverage,18000
1357,pepsodent lifebuoy sabun batang beras ramos good day cappuccino,Groceries,Food & Beverage,337000
1358,usb hub port,Electronics & Software,Lifestyle & Entertainment,178000
1359,filma minyak l mie sedaap soto,Groceries,Food & Beverage,23000
1360,stella pengharum plastik sampah x sunlight lime sos pembersih lantai wipol super pell sabun cuci tangan,Household,Housing & Utilities,463100
1361,silverqueen beras ramos fiesta nugget oreo vanilla piattos sapi panggang sosis so nice sunlight lime,Groceries,Food & Beverage,668500
1362,rice bowl chicken ice cream cone,Fast Food,Food & Beverage,70000
1363,roti tawar sari roti bimoli l kopi kapal api mix,Groceries,Food & Beverage,80000
1364,spanish latte,Coffee Shops,Food & Beverage,41000
1365,bagasi tambahan,Transportation,Transportation,130000
1366,usb hub port mouse wireless,Electronics & Software,Lifestyle & Entertainment,564500
1367,paracetamol mg,Health,Health & Personal Care,9000
1368,enervon c botol minyak kayu putih,Health,Health & Personal Care,63000
1369,emina lip cream ellips hair vitamin scarlett body scrub wardah lightening toner,Beauty,Health & Personal Care,201000
1370,good day cappuccino filma minyak l indomie goreng,Groceries,Food & Beverage,45000
1371,pertamax turbo,Gas & Fuel,Transportation,78000
1372,sosis so nice frisian flag uht,Groceries,Food & Beverage,67400
1373,skintific moisturizer hand cream garnier micellar water vaseline body lotion,Beauty,Health & Personal Care,498500
1374,kabel data type c,Electronics & Software,Lifestyle & Entertainment,46000
1375,sambal extra lemon tea,Fast Food,Food & Beverage,16000
1376,sikat wc attack easy baygon aerosol super pell lap microfiber sunlight lime rinso deterjen wipol sabun cuci tangan kain pel,Household,Housing & Utilities,879500
1377,enervon c botol termometer digital oralit sachet,Health,Health & Personal Care,101000
1378,croissant butter cheesecake slice,Coffee Shops,Food & Beverage,142000
1379,lemon tea paket hemat nasi putih spaghetti chicken,Fast Food,Food & Beverage,120000
1380,roti tawar sari roti gula pasir silverqueen walls cornetto tissue nice s mie sedaap soto beras ramos fiesta nugget garam refina,Groceries,Food & Beverage,383400
1381,tax resto service charge,Restaurants,Food & Beverage,20000
1382,shell v power,Gas & Fuel,Transportation,30000
1383,dimsum ayam mie goreng jawa es teh manis,Restaurants,Food & Beverage,55000
1384,es cendol mie ayam jamur mie goreng jawa kwetiau siram sapi gurame bakar,Restaurants,Food & Beverage,503500
1385,paket hemat paket ayam nasi lemon tea chicken popcorn,Fast Food,Food & Beverage,331500
1386,extra shot cinnamon roll almond croissant croissant butter kopi susu gula aren cheesecake slice cappuccino,Coffee Shops,Food & Beverage,543700
1387,sambal extra take away bag,Fast Food,Food & Beverage,28000
1388,bagasi tambahan,Transportation,Transportation,244000
1389,burger cheese pudding chocolate,Fast Food,Food & Beverage,56500
1390,es teh manis air mineral nasi goreng spesial capcay seafood sop iga,Restaurants,Food & Beverage,415000
1391,chitato sapi panggang sosis so nice,Groceries,Food & Beverage,152500
1392,take away bag service charge spicy chicken wings cola medium chicken popcorn,Fast Food,Food & Beverage,118400
1393,capcay seafood bebek goreng,Restaurants,Food & Beverage,261800
1394,pot tanaman kabel roll stop artificial plant keran air sekrup set obeng set storage box l,Home Improvement,Housing & Utilities,778000
1395,shell v power,Gas & Fuel,Transportation,585000
1396,tolak angin box bodrex flu batuk masker medis vitamin c mg,Health,Health & Personal Care,164000
1397,filma minyak l tepung segitiga biru roti tawar sari roti roma kelapa fiesta nugget nu green tea,Groceries,Food & Beverage,530200
1398,gula pasir pepsodent oreo vanilla telur ayam yakult nu green tea le minerale tepung segitiga biru saus sambal abc,Groceries,Food & Beverage,193000
1399,redmi note,Electronics & Software,Lifestyle & Entertainment,2892500
1400,beras ramos good day cappuccino,Groceries,Food & Beverage,419000
1401,sop iga mie ayam jamur,Restaurants,Food & Beverage,117400
1402,gurame bakar jeruk hangat es teh manis sate ayam tsk nasi goreng spesial es cendol air mineral cumi saus padang bebek goreng capcay seafood,Restaurants,Food & Beverage,844900
1403,take away bag nasi putih pb spaghetti chicken paket burger combo,Fast Food,Food & Beverage,195600
1404,jeans slim fit sepatu sneakers celana chino,Apparel,Lifestyle & Entertainment,1177200
1405,ayam goreng crispy pudding chocolate nasi putih,Fast Food,Food & Beverage,186000
1406,pertalite,Gas & Fuel,Transportation,430000
1407,somethinc serum emina lip cream,Beauty,Health & Personal Care,160400
1408,walls cornetto indomie ayam bawang pepsodent,Groceries,Food & Beverage,123000
1409,promag tablet betadine masker medis vitamin c mg paracetamol mg,Health,Health & Personal Care,179100
1410,chitato sapi panggang sosis so nice mie sedaap soto filma minyak l roma kelapa walls cornetto pepsodent fiesta nugget yakult aqua silverqueen kopi kapal api mix,Groceries,Food & Beverage,629000
1411,rinso deterjen sos pembersih lantai plastik sampah x lap microfiber attack easy karbol wangi super pell,Household,Housing & Utilities,417500
1412,panadol biru strip tolak angin box obh combi enervon c botol promag tablet,Health,Health & Personal Care,265100
1413,rak susun tingkat pisau dapur jam dinding storage box l keran air bantal sofa,Home Improvement,Housing & Utilities,974500
1414,shell super,Gas & Fuel,Transportation,266000
1415,food container set pisau dapur sekrup set obeng set pot tanaman jam dinding artificial plant storage box l,Home Improvement,Housing & Utilities,1067000
1416,webcam full hd samsung a headset bluetooth charger fast,Electronics & Software,Lifestyle & Entertainment,3599000
1417,pertamax,Gas & Fuel,Transportation,230000
1418,scarlett body scrub revlon lipstick vaseline body lotion,Beauty,Health & Personal Care,378000
1419,spaghetti chicken french fries,Fast Food,Food & Beverage,83000
1420,beras ramos frisian flag uht pepsodent teh pucuk piattos sapi panggang good day cappuccino indomie ayam bawang,Groceries,Food & Beverage,594000
1421,soto ayam nasi goreng spesial bakso urat,Restaurants,Food & Beverage,193000
1422,good day cappuccino bimoli l teh pucuk pop mie ayam,Groceries,Food & Beverage,121900
1423,tissue paseo s stella pengharum wipol sos pembersih lantai,Household,Housing & Utilities,177000
1424,cumi saus padang es teh manis dimsum ayam sate ayam tsk soto ayam,Restaurants,Food & Beverage,244500
1425,anti gores hp powerbank memory card lisensi software bln,Electronics & Software,Lifestyle & Entertainment,924500
1426,minyak kayu putih komix jahe enervon c botol,Health,Health & Personal Care,101000
1427,cumi saus padang service charge es teh manis nasi goreng spesial mie goreng jawa es cendol ayam bakar madu,Restaurants,Food & Beverage,516000
1428,shell v power,Gas & Fuel,Transportation,600000
1429,indomie ayam bawang pop mie ayam walls cornetto filma minyak l sunlight lime gula pasir ultra milk coklat,Groceries,Food & Beverage,156000
1430,organizer drawer jam dinding,Home Improvement,Housing & Utilities,166700
1431,indomie goreng mie sedaap soto oreo vanilla saus sambal abc beras ramos sosis so nice walls cornetto telur ayam,Groceries,Food & Beverage,536700
1432,hand cream skintific moisturizer body mist,Beauty,Health & Personal Care,220600
1433,indomie ayam bawang yakult piattos sapi panggang pepsodent walls cornetto nu green tea,Groceries,Food & Beverage,158700
1434,croissant butter iced americano banana bread oat milk cappuccino cheesecake slice,Coffee Shops,Food & Beverage,284000
1435,usb hub port,Electronics & Software,Lifestyle & Entertainment,166900
1436,burger cheese spicy chicken wings chicken popcorn,Fast Food,Food & Beverage,118500
1437,wipol sos pembersih lantai,Household,Housing & Utilities,56000
1438,oreo vanilla tepung segitiga biru indomie goreng walls cornetto bimoli l telur ayam aqua tissue nice s lifebuoy sabun batang sosis so nice,Groceries,Food & Beverage,189000
1439,chicken nugget burger cheese,Fast Food,Food & Beverage,63000
1440,bakso urat,Restaurants,Food & Beverage,37000
1441,spicy chicken wings take away bag pb chicken nugget rice bowl chicken,Fast Food,Food & Beverage,364000
1442,talenan bantal sofa jam dinding pisau dapur gantungan baju set food container set sekrup set keran air,Home Improvement,Housing & Utilities,1078000
1443,tiket krl shuttle bandung jkt,Transportation,Transportation,342100
1444,es kopi pandan brownies,Coffee Shops,Food & Beverage,105200
1445,scarlett body scrub ponds face wash emina lip cream skintific moisturizer,Beauty,Health & Personal Care,327200
1446,indomie ayam bawang kopi kapal api mix fiesta nugget gula pasir bimoli l roti tawar sari roti yakult,Groceries,Food & Beverage,198000
1447,scarlett body scrub pixy bedak two way cake,Beauty,Health & Personal Care,156000
1448,parkir motor tiket krl tiket mrt jakarta parkir mobil tol jakarta cikampek,Transportation,Transportation,117000
1449,enervon c botol sanmol tablet paracetamol mg antangin cair,Health,Health & Personal Care,81000
1450,pepsodent silverqueen gula pasir le minerale sosis so nice kecap bango saus sambal abc chitato sapi panggang,Groceries,Food & Beverage,477700
1451,ice cream cone,Fast Food,Food & Beverage,14000
1452,maybelline fit me vaseline body lotion somethinc serum pixy bedak two way cake herborist body butter azarine sunscreen hand cream emina lip cream,Beauty,Health & Personal Care,622500
1453,bodrex flu batuk promag tablet,Health,Health & Personal Care,24500
1454,cola medium french fries ayam goreng crispy lemon tea rice bowl chicken nasi putih,Fast Food,Food & Beverage,173300
1455,good day cappuccino kopi kapal api mix pop mie ayam,Groceries,Food & Beverage,10500
1456,speaker bluetooth samsung a usb hub port charger fast,Electronics & Software,Lifestyle & Entertainment,3325200
1457,tiket pesawat domestik,Transportation,Transportation,6816000
1458,es cendol service charge gurame bakar bebek goreng kwetiau siram sapi soto ayam,Restaurants,Food & Beverage,806500
1459,rinso deterjen sos pembersih lantai lap microfiber stella pengharum super pell wipol,Household,Housing & Utilities,275500
1460,saus sambal abc oreo vanilla frisian flag uht nu green tea sunlight lime,Groceries,Food & Beverage,88600
1461,hand cream makarizo hair mask skintific moisturizer ellips hair vitamin somethinc serum scarlett body scrub maybelline fit me,Beauty,Health & Personal Care,933000
1462,pertamax turbo,Gas & Fuel,Transportation,615000
1463,sos pembersih lantai spon cuci piring plastik sampah x baygon aerosol karbol wangi,Household,Housing & Utilities,285500
1464,lifebuoy sabun batang gula pasir roma kelapa,Groceries,Food & Beverage,166000
1465,cumi saus padang dimsum ayam,Restaurants,Food & Beverage,314000
1466,french fries,Fast Food,Food & Beverage,46000
1467,sport bra,Apparel,Lifestyle & Entertainment,159000
1468,paket hemat paket ayam nasi rice bowl chicken spicy chicken wings,Fast Food,Food & Beverage,145700
1469,good day cappuccino yakult sunlight lime oreo vanilla,Groceries,Food & Beverage,36500
1470,tiket bus transjakarta tiket kereta eksekutif airport train tiket pesawat domestik,Transportation,Transportation,2314000
1471,nasi putih chicken nugget french fries cola medium paket hemat,Fast Food,Food & Beverage,388000
1472,ayam goreng crispy paket ayam nasi spaghetti chicken,Fast Food,Food & Beverage,246000
1473,banana bread brownies cheesecake slice almond croissant spanish latte matcha latte,Coffee Shops,Food & Beverage,648000
1474,nasi putih french fries take away bag paket hemat ayam goreng crispy cola medium pb,Fast Food,Food & Beverage,129300
1475,rice bowl chicken nasi putih french fries burger cheese,Fast Food,Food & Beverage,190000
1476,jaket hoodie,Apparel,Lifestyle & Entertainment,220000
1477,walls cornetto lifebuoy sabun batang bimoli l indomie ayam bawang le minerale teh pucuk saus sambal abc sosis so nice,Groceries,Food & Beverage,170000
1478,garam refina,Groceries,Food & Beverage,12000
1479,paket hemat paket burger combo chicken popcorn paket ayam nasi,Fast Food,Food & Beverage,211000
1480,mie sedaap soto,Groceries,Food & Beverage,3000
1481,super pell attack easy baygon aerosol,Household,Housing & Utilities,350500
1482,service charge capcay seafood,Restaurants,Food & Beverage,65600
1483,tissue paseo s wipol kain pel sunlight lime sos pembersih lantai,Household,Housing & Utilities,415000
1484,tissue nice s roti tawar sari roti nu green tea frisian flag uht roma kelapa filma minyak l gula pasir,Groceries,Food & Beverage,188000
1485,frisian flag uht roti tawar sari roti bimoli l tepung segitiga biru chitato sapi panggang sunlight lime piattos sapi panggang sosis so nice yakult,Groceries,Food & Beverage,261600
1486,jaket hoodie jeans slim fit,Apparel,Lifestyle & Entertainment,710500
1487,hansaplast oralit sachet vitamin c mg komix jahe tolak angin box paracetamol mg promag tablet antangin cair masker medis betadine,Health,Health & Personal Care,244800
1488,tepung segitiga biru walls cornetto pop mie ayam piattos sapi panggang lifebuoy sabun batang good day cappuccino yakult kopi kapal api mix,Groceries,Food & Beverage,107500
1489,croissant butter brownies banana bread,Coffee Shops,Food & Beverage,285000
1490,indomie goreng lifebuoy sabun batang,Groceries,Food & Beverage,15000
1491,tiket pesawat domestik,Transportation,Transportation,1319000
1492,pisau dapur organizer drawer keran air talenan bantal sofa rak susun tingkat sekrup set artificial plant lampu led obeng set kabel roll stop storage box l cat tembok pot tanaman jam dinding,Home Improvement,Housing & Utilities,1733000
1493,oat milk cinnamon roll,Coffee Shops,Food & Beverage,127000
1494,lifebuoy sabun batang saus sambal abc nu green tea roma kelapa le minerale,Groceries,Food & Beverage,60300
1495,spaghetti chicken sambal extra paket burger combo burger cheese pb,Fast Food,Food & Beverage,208000
1496,tepung segitiga biru sunlight lime walls cornetto good day cappuccino piattos sapi panggang saus sambal abc,Groceries,Food & Beverage,75500
1497,antangin cair termometer digital,Health,Health & Personal Care,60000
1498,rice bowl chicken paket burger combo paket ayam nasi lemon tea chicken nugget french fries ayam goreng crispy spicy chicken wings,Fast Food,Food & Beverage,443500
1499,talenan sekrup set artificial plant pot tanaman,Home Improvement,Housing & Utilities,761000
1500,burger cheese pudding chocolate nasi putih french fries ayam goreng crispy rice bowl chicken,Fast Food,Food & Beverage,180500
1501,obh combi enervon c botol panadol biru strip vitamin c mg,Health,Health & Personal Care,152500
1502,pudding chocolate,Fast Food,Food & Beverage,96000
1503,kwetiau siram sapi nasi putih ayam bakar madu service charge,Restaurants,Food & Beverage,236000
1504,pisau dapur food container set jam dinding artificial plant gantungan baju set pot tanaman lampu led storage box l sekrup set,Home Improvement,Housing & Utilities,871400
1505,teh pucuk aqua ultra milk coklat sosis so nice roti tawar sari roti silverqueen oreo vanilla,Groceries,Food & Beverage,187500
1506,bagasi tambahan tiket krl airport train,Transportation,Transportation,444500
1507,legging sport kaos basic cotton jaket hoodie ikat pinggang,Apparel,Lifestyle & Entertainment,951900
1508,kopi kapal api mix,Groceries,Food & Beverage,4000
1509,good day cappuccino,Groceries,Food & Beverage,16000
1510,service charge oat milk iced americano chocolate ice,Coffee Shops,Food & Beverage,80500
1511,makarizo hair mask wardah lightening toner azarine sunscreen scarlett body scrub garnier micellar water skintific moisturizer,Beauty,Health & Personal Care,556000
1512,tissue nice s silverqueen lifebuoy sabun batang indomie goreng saus sambal abc walls cornetto le minerale nu green tea telur ayam,Groceries,Food & Beverage,307500
1513,garnier micellar water pixy bedak two way cake vaseline body lotion,Beauty,Health & Personal Care,249400
1514,walls cornetto telur ayam teh pucuk silverqueen kopi kapal api mix,Groceries,Food & Beverage,90000
1515,jeruk hangat nasi putih cumi saus padang capcay seafood,Restaurants,Food & Beverage,141000
1516,cinnamon roll oat milk brownies tax resto,Coffee Shops,Food & Beverage,184500
1517,chocolate ice caffe latte matcha latte cappuccino,Coffee Shops,Food & Beverage,131300
1518,kopi kapal api mix nu green tea yakult ultra milk coklat kecap bango saus sambal abc beras ramos piattos sapi panggang,Groceries,Food & Beverage,259000
1519,kemeja oxford sepatu sneakers ikat pinggang celana chino,Apparel,Lifestyle & Entertainment,783000
1520,roti tawar sari roti lifebuoy sabun batang roma kelapa sunlight lime aqua piattos sapi panggang kecap bango,Groceries,Food & Beverage,109000
1521,matcha latte caffe latte es kopi pandan brownies,Coffee Shops,Food & Beverage,430200
1522,telur ayam kopi kapal api mix lifebuoy sabun batang garam refina,Groceries,Food & Beverage,61000
1523,pixy bedak two way cake hand cream wardah lightening toner,Beauty,Health & Personal Care,143000
1524,gurame bakar,Restaurants,Food & Beverage,99000
1525,spaghetti chicken cola medium lemon tea paket ayam nasi rice bowl chicken sambal extra,Fast Food,Food & Beverage,190500
1526,service charge mie goreng jawa bakso urat,Restaurants,Food & Beverage,69000
1527,shell super,Gas & Fuel,Transportation,324500
1528,pisau dapur sekrup set organizer drawer pot tanaman storage box l lampu led bantal sofa kabel roll stop food container set talenan,Home Improvement,Housing & Utilities,1038000
1529,revvo,Gas & Fuel,Transportation,507000
1530,filma minyak l,Groceries,Food & Beverage,19000
1531,mouse wireless,Electronics & Software,Lifestyle & Entertainment,250000
1532,rice bowl chicken chicken nugget pudding chocolate spaghetti chicken,Fast Food,Food & Beverage,146200
1533,pertamax,Gas & Fuel,Transportation,169000
1534,bimoli l,Groceries,Food & Beverage,24000
1535,super pell sos pembersih lantai,Household,Housing & Utilities,58000
1536,chocolate ice caffe latte spanish latte kopi susu gula aren brownies banana bread lychee tea matcha latte,Coffee Shops,Food & Beverage,258300
1537,pertamax turbo,Gas & Fuel,Transportation,160000
1538,tiket mrt jakarta shuttle bandung jkt,Transportation,Transportation,440000
1539,kwetiau siram sapi jeruk hangat gurame bakar nasi putih,Restaurants,Food & Beverage,223000
1540,bodrex flu batuk oralit sachet masker medis,Health,Health & Personal Care,54000
1541,chicken popcorn,Fast Food,Food & Beverage,114000
1542,case hp,Electronics & Software,Lifestyle & Entertainment,78000
1543,lychee tea brownies spanish latte cinnamon roll,Coffee Shops,Food & Beverage,174000
1544,frisian flag uht pop mie ayam fiesta nugget indomie ayam bawang kecap bango kopi kapal api mix bimoli l saus sambal abc le minerale aqua nu green tea mie sedaap soto ultra milk coklat lifebuoy sabun batang indomie goreng,Groceries,Food & Beverage,545600
1545,emina lip cream garnier micellar water,Beauty,Health & Personal Care,82000
1546,mie sedaap soto roma kelapa pepsodent aqua,Groceries,Food & Beverage,66000
1547,garnier micellar water wardah lightening toner pixy bedak two way cake makarizo hair mask azarine sunscreen vaseline body lotion revlon lipstick ellips hair vitamin,Beauty,Health & Personal Care,421900
1548,vaseline body lotion revlon lipstick ellips hair vitamin,Beauty,Health & Personal Care,275000
1549,garam refina pepsodent tissue nice s good day cappuccino,Groceries,Food & Beverage,100000
1550,tissue nice s yakult,Groceries,Food & Beverage,53500
1551,tissue paseo s rinso deterjen baygon aerosol stella pengharum super pell sunlight lime lap microfiber sikat wc,Household,Housing & Utilities,331000
1552,skintific moisturizer ponds face wash revlon lipstick,Beauty,Health & Personal Care,235000
1553,tepung segitiga biru mie sedaap soto pepsodent aqua filma minyak l nu green tea pop mie ayam,Groceries,Food & Beverage,307400
1554,rice bowl chicken nasi putih burger cheese paket hemat,Fast Food,Food & Beverage,130000
1555,service charge kwetiau siram sapi soto ayam gurame bakar sop iga,Restaurants,Food & Beverage,804500
1556,revvo,Gas & Fuel,Transportation,616000
1557,frisian flag uht bimoli l indomie goreng,Groceries,Food & Beverage,36000
1558,pepsodent nu green tea walls cornetto kecap bango tissue nice s fiesta nugget sosis so nice beras ramos sunlight lime,Groceries,Food & Beverage,468300
1559,ultra milk coklat oreo vanilla nu green tea good day cappuccino roma kelapa indomie goreng kecap bango pepsodent beras ramos gula pasir,Groceries,Food & Beverage,1206500
1560,antangin cair oralit sachet tolak angin box,Health,Health & Personal Care,59000
1561,bio solar,Gas & Fuel,Transportation,189000
1562,vaseline body lotion azarine sunscreen emina lip cream,Beauty,Health & Personal Care,239000
1563,filma minyak l silverqueen bimoli l tepung segitiga biru saus sambal abc,Groceries,Food & Beverage,225000
1564,headset bluetooth powerbank memory card,Electronics & Software,Lifestyle & Entertainment,825500
1565,vaseline body lotion revlon lipstick somethinc serum maybelline fit me skintific moisturizer herborist body butter,Beauty,Health & Personal Care,845000
1566,sunlight lime ultra milk coklat filma minyak l kecap bango silverqueen aqua telur ayam saus sambal abc fiesta nugget indomie ayam bawang nu green tea tepung segitiga biru,Groceries,Food & Beverage,376000
1567,sanmol tablet panadol biru strip,Health,Health & Personal Care,42000
1568,ponds face wash emina lip cream pixy bedak two way cake revlon lipstick,Beauty,Health & Personal Care,312500
1569,herborist body butter revlon lipstick vaseline body lotion body mist,Beauty,Health & Personal Care,339500
1570,hansaplast masker medis enervon c botol,Health,Health & Personal Care,136000
1571,shell super,Gas & Fuel,Transportation,87000
1572,speaker bluetooth mouse wireless case hp,Electronics & Software,Lifestyle & Entertainment,614000
1573,plastik sampah x wipol baygon aerosol tissue paseo s kain pel stella pengharum karbol wangi sos pembersih lantai molto pewangi spon cuci piring,Household,Housing & Utilities,1011500
1574,roma kelapa walls cornetto,Groceries,Food & Beverage,26000
1575,sanmol tablet obh combi komix jahe bodrex flu batuk vitamin c mg hansaplast promag tablet paracetamol mg minyak kayu putih enervon c botol,Health,Health & Personal Care,327500
1576,cumi saus padang kwetiau siram sapi air mineral,Restaurants,Food & Beverage,565600
1577,skintific moisturizer somethinc serum,Beauty,Health & Personal Care,411000
1578,aqua oreo vanilla beras ramos roma kelapa pop mie ayam sunlight lime indomie goreng,Groceries,Food & Beverage,951500
1579,obeng set rak susun tingkat bantal sofa artificial plant jam dinding gantungan baju set cat tembok,Home Improvement,Housing & Utilities,1007500
1580,sambal extra paket ayam nasi,Fast Food,Food & Beverage,137200
1581,almond croissant croissant butter,Coffee Shops,Food & Beverage,138000
1582,revvo,Gas & Fuel,Transportation,336000
1583,pop mie ayam piattos sapi panggang walls cornetto saus sambal abc nu green tea oreo vanilla,Groceries,Food & Beverage,116900
1584,tiket kereta eksekutif tiket pesawat domestik shuttle bandung jkt tiket kereta ekonomi tiket bus akap,Transportation,Transportation,3069500
1585,indomie goreng ultra milk coklat walls cornetto,Groceries,Food & Beverage,28000
1586,gula pasir,Groceries,Food & Beverage,34000
1587,indomie goreng sunlight lime oreo vanilla fiesta nugget kecap bango walls cornetto frisian flag uht yakult,Groceries,Food & Beverage,285600
1588,banana bread chocolate ice kopi susu gula aren caffe latte es kopi pandan cappuccino,Coffee Shops,Food & Beverage,253500
1589,spanish latte kopi susu gula aren,Coffee Shops,Food & Beverage,86000
1590,lap microfiber baygon aerosol,Household,Housing & Utilities,83000
1591,lap microfiber stella pengharum spon cuci piring kain pel molto pewangi,Household,Housing & Utilities,151500
1592,jaket hoodie baju anak,Apparel,Lifestyle & Entertainment,630000
1593,revlon lipstick skintific moisturizer,Beauty,Health & Personal Care,306000
1594,extra shot cheesecake slice caffe latte,Coffee Shops,Food & Beverage,160000
1595,beras ramos frisian flag uht piattos sapi panggang,Groceries,Food & Beverage,470000
1596,sambal extra chicken popcorn nasi putih lemon tea take away bag,Fast Food,Food & Beverage,74500
1597,pertamax turbo,Gas & Fuel,Transportation,495000
1598,cinnamon roll cappuccino banana bread,Coffee Shops,Food & Beverage,269000
1599,fiesta nugget,Groceries,Food & Beverage,40000
1600,bebek goreng mie ayam jamur soto ayam nasi putih,Restaurants,Food & Beverage,460900
1601,paracetamol mg,Health,Health & Personal Care,24000
1602,ultra milk coklat kecap bango piattos sapi panggang tissue nice s fiesta nugget chitato sapi panggang pepsodent aqua,Groceries,Food & Beverage,459000
1603,chicken popcorn,Fast Food,Food & Beverage,22000
1604,beras ramos,Groceries,Food & Beverage,74000
1605,gurame bakar service charge bebek goreng tax resto air mineral nasi goreng spesial capcay seafood ayam bakar madu soto ayam,Restaurants,Food & Beverage,578100
1606,parkir mobil,Transportation,Transportation,48000
1607,fiesta nugget le minerale kecap bango aqua beras ramos pepsodent,Groceries,Food & Beverage,446000
1608,dexlite,Gas & Fuel,Transportation,255000
1609,spicy chicken wings spaghetti chicken sambal extra ice cream cone chicken popcorn,Fast Food,Food & Beverage,199000
1610,bakso urat air mineral es teh manis sop iga sate ayam tsk capcay seafood bebek goreng,Restaurants,Food & Beverage,852900
1611,oat milk es kopi pandan lychee tea,Coffee Shops,Food & Beverage,242000
1612,shell super,Gas & Fuel,Transportation,574000
1613,cola medium spaghetti chicken burger cheese lemon tea paket hemat paket ayam nasi take away bag,Fast Food,Food & Beverage,152500
1614,shuttle bandung jkt tiket ferry tol dalam kota tol jakarta cikampek,Transportation,Transportation,580000
1615,pixy bedak two way cake scarlett body scrub,Beauty,Health & Personal Care,144500
1616,lisensi software bln,Electronics & Software,Lifestyle & Entertainment,115500
1617,spanish latte cappuccino cinnamon roll banana bread extra shot almond croissant cheesecake slice chocolate ice,Coffee Shops,Food & Beverage,455500
1618,sosis so nice,Groceries,Food & Beverage,20000
1619,cinnamon roll oat milk,Coffee Shops,Food & Beverage,163000
1620,gula pasir garam refina teh pucuk nu green tea,Groceries,Food & Beverage,90000
1621,service charge cumi saus padang dimsum ayam jeruk hangat mie ayam jamur,Restaurants,Food & Beverage,244000
1622,ayam bakar madu,Restaurants,Food & Beverage,44000
1623,paket hemat,Fast Food,Food & Beverage,186000
1624,chocolate ice caffe latte brownies croissant butter,Coffee Shops,Food & Beverage,555000
1625,herborist body butter scarlett body scrub maybelline fit me hand cream body mist emina lip cream vaseline body lotion pixy bedak two way cake azarine sunscreen wardah lightening toner,Beauty,Health & Personal Care,925500
1626,somethinc serum vaseline body lotion ellips hair vitamin,Beauty,Health & Personal Care,335000
1627,roma kelapa mie sedaap soto pepsodent kecap bango kopi kapal api mix sunlight lime frisian flag uht,Groceries,Food & Beverage,207800
1628,extra shot,Coffee Shops,Food & Beverage,30000
1629,tolak angin box bodrex flu batuk antangin cair obh combi oralit sachet vitamin c mg betadine minyak kayu putih,Health,Health & Personal Care,279300
1630,mie sedaap soto pop mie ayam,Groceries,Food & Beverage,11000
1631,sop iga,Restaurants,Food & Beverage,210000
1632,nasi putih service charge jeruk hangat es cendol mie goreng jawa,Restaurants,Food & Beverage,120300
1633,jam dinding keran air sekrup set pisau dapur,Home Improvement,Housing & Utilities,356000
1634,shell super,Gas & Fuel,Transportation,600000
1635,garam refina nu green tea filma minyak l kecap bango kopi kapal api mix ultra milk coklat le minerale silverqueen sosis so nice lifebuoy sabun batang,Groceries,Food & Beverage,219500
1636,iced americano lychee tea cappuccino,Coffee Shops,Food & Beverage,173500
1637,take away bag cola medium,Fast Food,Food & Beverage,21500
1638,nasi putih pb chicken nugget,Fast Food,Food & Beverage,78100
1639,sambal extra take away bag,Fast Food,Food & Beverage,6500
1640,soto ayam,Restaurants,Food & Beverage,52000
1641,indomie goreng walls cornetto mie sedaap soto kopi kapal api mix saus sambal abc,Groceries,Food & Beverage,132000
1642,kemeja oxford,Apparel,Lifestyle & Entertainment,150500
1643,promag tablet betadine sanmol tablet,Health,Health & Personal Care,84000
1644,emina lip cream vaseline body lotion azarine sunscreen body mist ponds face wash ellips hair vitamin,Beauty,Health & Personal Care,284500
1645,shuttle bandung jkt tiket kereta ekonomi,Transportation,Transportation,311500
1646,oralit sachet obh combi,Health,Health & Personal Care,33500
1647,gurame bakar bebek goreng,Restaurants,Food & Beverage,364000
1648,samsung a,Electronics & Software,Lifestyle & Entertainment,2848000
1649,dexlite,Gas & Fuel,Transportation,252000
1650,kecap bango mie sedaap soto oreo vanilla piattos sapi panggang,Groceries,Food & Beverage,81000
1651,shell super,Gas & Fuel,Transportation,450000
1652,cat tembok lampu led pot tanaman artificial plant keran air kabel roll stop,Home Improvement,Housing & Utilities,788500
1653,polo shirt jeans slim fit,Apparel,Lifestyle & Entertainment,494000
1654,brownies almond croissant extra shot caffe latte matcha latte kopi susu gula aren croissant butter cheesecake slice cinnamon roll banana bread,Coffee Shops,Food & Beverage,745000
1655,beras ramos walls cornetto garam refina aqua fiesta nugget,Groceries,Food & Beverage,394000
1656,kopi kapal api mix mie sedaap soto sunlight lime,Groceries,Food & Beverage,118000
1657,paket ayam nasi burger cheese sambal extra cola medium pb paket hemat ayam goreng crispy,Fast Food,Food & Beverage,325500
1658,headset bluetooth,Electronics & Software,Lifestyle & Entertainment,276000
1659,bp,Gas & Fuel,Transportation,406000
1660,airport train,Transportation,Transportation,63000
1661,body mist ponds face wash makarizo hair mask garnier micellar water scarlett body scrub somethinc serum vaseline body lotion azarine sunscreen wardah lightening toner ellips hair vitamin,Beauty,Health & Personal Care,550000
1662,brownies spanish latte,Coffee Shops,Food & Beverage,185000
1663,bio solar,Gas & Fuel,Transportation,7000
1664,rice bowl chicken burger cheese sambal extra,Fast Food,Food & Beverage,265000
1665,take away bag lemon tea french fries spaghetti chicken,Fast Food,Food & Beverage,133000
1666,es kopi pandan extra shot kopi susu gula aren cappuccino cheesecake slice banana bread brownies spanish latte almond croissant oat milk,Coffee Shops,Food & Beverage,474000
1667,french fries burger cheese take away bag,Fast Food,Food & Beverage,58000
1668,skintific moisturizer,Beauty,Health & Personal Care,107900
1669,storage box l,Home Improvement,Housing & Utilities,89000
1670,lap microfiber spon cuci piring sos pembersih lantai,Household,Housing & Utilities,149000
1671,tepung segitiga biru indomie goreng telur ayam roti tawar sari roti walls cornetto ultra milk coklat mie sedaap soto,Groceries,Food & Beverage,109300
1672,maybelline fit me emina lip cream herborist body butter vaseline body lotion,Beauty,Health & Personal Care,308000
1673,emina lip cream wardah lightening toner pixy bedak two way cake,Beauty,Health & Personal Care,355000
1674,oralit sachet tolak angin box paracetamol mg,Health,Health & Personal Care,60000
1675,herborist body butter hand cream revlon lipstick vaseline body lotion maybelline fit me emina lip cream makarizo hair mask ponds face wash garnier micellar water scarlett body scrub,Beauty,Health & Personal Care,989200
1676,memory card,Electronics & Software,Lifestyle & Entertainment,99000
1677,pisau dapur cat tembok jam dinding,Home Improvement,Housing & Utilities,196100
1678,oat milk iced americano es kopi pandan caffe latte brownies,Coffee Shops,Food & Beverage,262500
1679,pudding chocolate burger cheese,Fast Food,Food & Beverage,47500
1680,obeng set pisau dapur,Home Improvement,Housing & Utilities,223000
1681,take away bag nasi putih french fries chicken nugget,Fast Food,Food & Beverage,81000
1682,dexlite,Gas & Fuel,Transportation,154000
1683,pepsodent indomie ayam bawang lifebuoy sabun batang gula pasir aqua saus sambal abc roma kelapa garam refina tepung segitiga biru tissue nice s,Groceries,Food & Beverage,267400
1684,baygon aerosol sos pembersih lantai lap microfiber plastik sampah x kain pel stella pengharum molto pewangi sunlight lime sabun cuci tangan spon cuci piring,Household,Housing & Utilities,701500
1685,soto ayam tax resto nasi goreng spesial air mineral mie goreng jawa,Restaurants,Food & Beverage,248800
1686,dimsum ayam sop iga nasi putih nasi goreng spesial kwetiau siram sapi gurame bakar bakso urat mie ayam jamur air mineral bebek goreng,Restaurants,Food & Beverage,705100
1687,bio solar,Gas & Fuel,Transportation,163000
1688,ice cream cone sambal extra spaghetti chicken burger cheese,Fast Food,Food & Beverage,93000
1689,body mist,Beauty,Health & Personal Care,96000
1690,samsung a,Electronics & Software,Lifestyle & Entertainment,2799500
1691,es teh manis capcay seafood gurame bakar nasi goreng spesial,Restaurants,Food & Beverage,748100
1692,mie ayam jamur air mineral sop iga soto ayam,Restaurants,Food & Beverage,180000
1693,beras ramos le minerale chitato sapi panggang roma kelapa tepung segitiga biru,Groceries,Food & Beverage,257000
1694,silverqueen good day cappuccino roma kelapa pop mie ayam piattos sapi panggang indomie ayam bawang chitato sapi panggang saus sambal abc roti tawar sari roti,Groceries,Food & Beverage,368500
1695,teh pucuk bimoli l roma kelapa roti tawar sari roti indomie ayam bawang,Groceries,Food & Beverage,154000
1696,dimsum ayam air mineral sop iga,Restaurants,Food & Beverage,126000
1697,matcha latte kopi susu gula aren iced americano cappuccino,Coffee Shops,Food & Beverage,300500
1698,gula pasir kecap bango pop mie ayam tissue nice s bimoli l frisian flag uht indomie ayam bawang mie sedaap soto,Groceries,Food & Beverage,186200
1699,wardah lightening toner,Beauty,Health & Personal Care,42000
1700,indomie goreng garam refina yakult,Groceries,Food & Beverage,51500
1701,roti tawar sari roti lifebuoy sabun batang good day cappuccino le minerale yakult,Groceries,Food & Beverage,60500
1702,ayam goreng crispy chicken nugget french fries lemon tea paket ayam nasi,Fast Food,Food & Beverage,292000
1703,bp,Gas & Fuel,Transportation,196000
1704,piattos sapi panggang walls cornetto teh pucuk filma minyak l,Groceries,Food & Beverage,113000
1705,extra shot cheesecake slice,Coffee Shops,Food & Beverage,42200
1706,lychee tea kopi susu gula aren cappuccino iced americano cheesecake slice caffe latte cinnamon roll es kopi pandan,Coffee Shops,Food & Beverage,434500
1707,mie sedaap soto tepung segitiga biru filma minyak l roma kelapa gula pasir piattos sapi panggang fiesta nugget silverqueen pepsodent,Groceries,Food & Beverage,336200
1708,french fries paket burger combo,Fast Food,Food & Beverage,78000
1709,redmi note usb hub port,Electronics & Software,Lifestyle & Entertainment,2702500
1710,silverqueen,Groceries,Food & Beverage,47500
1711,gula pasir walls cornetto,Groceries,Food & Beverage,56500
1712,gurame bakar,Restaurants,Food & Beverage,240000
1713,body mist pixy bedak two way cake maybelline fit me,Beauty,Health & Personal Care,292500
1714,mie goreng jawa tax resto kwetiau siram sapi,Restaurants,Food & Beverage,176000
1715,skintific moisturizer body mist scarlett body scrub,Beauty,Health & Personal Care,320000
1716,ultra milk coklat chitato sapi panggang bimoli l le minerale aqua tepung segitiga biru,Groceries,Food & Beverage,107000
1717,take away bag ice cream cone chicken popcorn,Fast Food,Food & Beverage,41000
1718,bakso urat ayam bakar madu nasi putih mie goreng jawa tax resto service charge,Restaurants,Food & Beverage,222000
1719,bp,Gas & Fuel,Transportation,435000
1720,pertamax turbo,Gas & Fuel,Transportation,375000
1721,nu green tea le minerale indomie ayam bawang teh pucuk pepsodent frisian flag uht,Groceries,Food & Beverage,92500
1722,gula pasir frisian flag uht good day cappuccino bimoli l kecap bango sosis so nice aqua,Groceries,Food & Beverage,193500
1723,lampu led storage box l bantal sofa obeng set rak susun tingkat,Home Improvement,Housing & Utilities,1057000
1724,makarizo hair mask ponds face wash wardah lightening toner revlon lipstick herborist body butter body mist,Beauty,Health & Personal Care,370500
1725,indomie ayam bawang,Groceries,Food & Beverage,3000
1726,maybelline fit me vaseline body lotion ponds face wash,Beauty,Health & Personal Care,252500
1727,sunlight lime fiesta nugget oreo vanilla tepung segitiga biru,Groceries,Food & Beverage,289000
1728,sosis so nice garam refina tissue nice s indomie ayam bawang roma kelapa,Groceries,Food & Beverage,95500
1729,keran air,Home Improvement,Housing & Utilities,104000
1730,bio solar,Gas & Fuel,Transportation,147000
1731,plastik sampah x,Household,Housing & Utilities,19000
1732,filma minyak l kecap bango yakult walls cornetto lifebuoy sabun batang garam refina aqua oreo vanilla frisian flag uht roti tawar sari roti,Groceries,Food & Beverage,239000
1733,burger cheese spaghetti chicken paket burger combo pudding chocolate lemon tea chicken popcorn,Fast Food,Food & Beverage,231000
1734,komix jahe,Health,Health & Personal Care,5000
1735,rinso deterjen spon cuci piring baygon aerosol sikat wc plastik sampah x molto pewangi,Household,Housing & Utilities,258000
1736,sikat wc karbol wangi attack easy,Household,Housing & Utilities,77000
1737,beras ramos teh pucuk telur ayam ultra milk coklat kecap bango,Groceries,Food & Beverage,804000
1738,maybelline fit me scarlett body scrub emina lip cream vaseline body lotion,Beauty,Health & Personal Care,268000
1739,pertalite,Gas & Fuel,Transportation,100000
1740,paket burger combo nasi putih rice bowl chicken ice cream cone chicken popcorn,Fast Food,Food & Beverage,376500
1741,service charge air mineral mie goreng jawa es teh manis,Restaurants,Food & Beverage,193500
1742,spon cuci piring attack easy stella pengharum karbol wangi super pell,Household,Housing & Utilities,352000
1743,memory card lisensi software bln usb hub port anti gores hp,Electronics & Software,Lifestyle & Entertainment,556500
1744,gula pasir,Groceries,Food & Beverage,19000
1745,capcay seafood es teh manis mie goreng jawa,Restaurants,Food & Beverage,79300
1746,sop iga service charge es teh manis es cendol air mineral,Restaurants,Food & Beverage,331000
1747,kwetiau siram sapi,Restaurants,Food & Beverage,153000
1748,walls cornetto roma kelapa teh pucuk gula pasir indomie ayam bawang kecap bango frisian flag uht sunlight lime ultra milk coklat oreo vanilla tepung segitiga biru fiesta nugget mie sedaap soto kopi kapal api mix lifebuoy sabun batang,Groceries,Food & Beverage,384800
1749,oppo a lisensi software bln speaker bluetooth,Electronics & Software,Lifestyle & Entertainment,3859500
1750,spaghetti chicken paket hemat chicken popcorn,Fast Food,Food & Beverage,95000
1751,pertamax turbo,Gas & Fuel,Transportation,455700
1752,paket hemat nasi putih pudding chocolate burger cheese,Fast Food,Food & Beverage,331000
1753,powerbank speaker bluetooth,Electronics & Software,Lifestyle & Entertainment,1011000
1754,bimoli l frisian flag uht pop mie ayam sunlight lime roma kelapa ultra milk coklat walls cornetto gula pasir,Groceries,Food & Beverage,217900
1755,termometer digital minyak kayu putih oralit sachet komix jahe enervon c botol,Health,Health & Personal Care,312000
1756,es teh manis capcay seafood mie goreng jawa dimsum ayam tax resto,Restaurants,Food & Beverage,110500
1757,dexlite,Gas & Fuel,Transportation,56000
1758,good day cappuccino telur ayam le minerale garam refina,Groceries,Food & Beverage,87900
1759,sekrup set keran air pisau dapur gantungan baju set talenan,Home Improvement,Housing & Utilities,578000
1760,promag tablet,Health,Health & Personal Care,17500
1761,oat milk almond croissant lychee tea tax resto matcha latte banana bread,Coffee Shops,Food & Beverage,210500
1762,mie goreng jawa air mineral jeruk hangat mie ayam jamur,Restaurants,Food & Beverage,182100
1763,almond croissant iced americano brownies,Coffee Shops,Food & Beverage,119000
1764,wardah lightening toner emina lip cream,Beauty,Health & Personal Care,78500
1765,kopi kapal api mix kecap bango,Groceries,Food & Beverage,68000
1766,service charge sambal extra spaghetti chicken ice cream cone paket ayam nasi paket burger combo lemon tea spicy chicken wings,Fast Food,Food & Beverage,494100
1767,shell v power,Gas & Fuel,Transportation,390000
1768,yakult le minerale pop mie ayam piattos sapi panggang gula pasir roti tawar sari roti,Groceries,Food & Beverage,88000
1769,indomie goreng sosis so nice roma kelapa,Groceries,Food & Beverage,74000
1770,hansaplast obh combi panadol biru strip oralit sachet,Health,Health & Personal Care,76500
1771,roma kelapa indomie goreng beras ramos indomie ayam bawang aqua walls cornetto,Groceries,Food & Beverage,133800
1772,dexlite,Gas & Fuel,Transportation,168000
1773,air mineral sop iga,Restaurants,Food & Beverage,86000
1774,air mineral soto ayam cumi saus padang,Restaurants,Food & Beverage,134000
1775,nasi putih sop iga service charge,Restaurants,Food & Beverage,223000
1776,kabel roll stop bantal sofa jam dinding sekrup set,Home Improvement,Housing & Utilities,379000
1777,herborist body butter,Beauty,Health & Personal Care,33000
1778,shell super,Gas & Fuel,Transportation,87000
1779,almond croissant es kopi pandan banana bread oat milk cappuccino iced americano,Coffee Shops,Food & Beverage,186500
1780,jaket hoodie dress wanita,Apparel,Lifestyle & Entertainment,881000
1781,lychee tea almond croissant spanish latte es kopi pandan kopi susu gula aren,Coffee Shops,Food & Beverage,169200
1782,filma minyak l telur ayam piattos sapi panggang nu green tea,Groceries,Food & Beverage,96000
1783,spicy chicken wings spaghetti chicken paket hemat,Fast Food,Food & Beverage,446000
1784,caffe latte kopi susu gula aren oat milk matcha latte cheesecake slice spanish latte,Coffee Shops,Food & Beverage,287000
1785,parkir motor tiket pesawat domestik,Transportation,Transportation,5359000
1786,sosis so nice pepsodent tissue nice s le minerale tepung segitiga biru indomie ayam bawang indomie goreng filma minyak l lifebuoy sabun batang fiesta nugget,Groceries,Food & Beverage,298500
1787,extra shot caffe latte matcha latte,Coffee Shops,Food & Beverage,195000
1788,sop iga mie ayam jamur ayam bakar madu bakso urat dimsum ayam capcay seafood,Restaurants,Food & Beverage,263800
1789,bakso urat kwetiau siram sapi soto ayam service charge dimsum ayam jeruk hangat,Restaurants,Food & Beverage,265500
1790,topi baseball,Apparel,Lifestyle & Entertainment,92000
1791,cheesecake slice cinnamon roll kopi susu gula aren matcha latte,Coffee Shops,Food & Beverage,283400
1792,good day cappuccino kopi kapal api mix walls cornetto lifebuoy sabun batang roma kelapa saus sambal abc tepung segitiga biru yakult roti tawar sari roti teh pucuk sosis so nice pepsodent garam refina oreo vanilla ultra milk coklat,Groceries,Food & Beverage,381200
1793,shell super,Gas & Fuel,Transportation,150000
1794,bp,Gas & Fuel,Transportation,507000
1795,rice bowl chicken paket burger combo pudding chocolate ayam goreng crispy paket ayam nasi,Fast Food,Food & Beverage,195000
1796,attack easy tissue paseo s sunlight lime sos pembersih lantai kain pel lap microfiber molto pewangi stella pengharum,Household,Housing & Utilities,345500
1797,silverqueen sunlight lime ultra milk coklat pop mie ayam,Groceries,Food & Beverage,115000
1798,antangin cair sanmol tablet tolak angin box,Health,Health & Personal Care,52200
1799,revvo,Gas & Fuel,Transportation,27000
1800,powerbank,Electronics & Software,Lifestyle & Entertainment,212000
1801,lifebuoy sabun batang roma kelapa aqua filma minyak l,Groceries,Food & Beverage,110800
1802,kemeja oxford kaos basic cotton topi baseball jaket hoodie,Apparel,Lifestyle & Entertainment,853900
1803,roti tawar sari roti frisian flag uht,Groceries,Food & Beverage,29000
1804,lisensi software bln,Electronics & Software,Lifestyle & Entertainment,238000
1805,roma kelapa teh pucuk gula pasir,Groceries,Food & Beverage,63500
1806,oat milk extra shot almond croissant cinnamon roll cheesecake slice chocolate ice,Coffee Shops,Food & Beverage,190300
1807,dimsum ayam bakso urat es teh manis,Restaurants,Food & Beverage,131100
1808,wardah lightening toner emina lip cream vaseline body lotion garnier micellar water body mist,Beauty,Health & Personal Care,255500
1809,bantal sofa pisau dapur pot tanaman talenan lampu led rak susun tingkat,Home Improvement,Housing & Utilities,640500
1810,tissue nice s frisian flag uht filma minyak l telur ayam pop mie ayam,Groceries,Food & Beverage,216000
1811,revvo,Gas & Fuel,Transportation,448000
1812,antangin cair oralit sachet paracetamol mg,Health,Health & Personal Care,15000
1813,burger cheese paket burger combo sambal extra paket hemat chicken popcorn,Fast Food,Food & Beverage,283500
1814,sunlight lime kopi kapal api mix oreo vanilla telur ayam,Groceries,Food & Beverage,56000
1815,ayam bakar madu cumi saus padang,Restaurants,Food & Beverage,356000
1816,dexlite,Gas & Fuel,Transportation,378000
1817,pop mie ayam pepsodent frisian flag uht kopi kapal api mix,Groceries,Food & Beverage,49000
1818,sport bra sandal casual,Apparel,Lifestyle & Entertainment,299000
1819,paket ayam nasi chicken popcorn rice bowl chicken paket hemat spicy chicken wings sambal extra cola medium paket burger combo,Fast Food,Food & Beverage,269000
1820,antangin cair enervon c botol paracetamol mg promag tablet,Health,Health & Personal Care,105000
1821,tiket bus transjakarta tiket krl,Transportation,Transportation,56000
1822,shuttle bandung jkt,Transportation,Transportation,195000
1823,rak susun tingkat talenan storage box l,Home Improvement,Housing & Utilities,558500
1824,pot tanaman storage box l lampu led gantungan baju set kabel roll stop,Home Improvement,Housing & Utilities,669100
1825,silverqueen sosis so nice teh pucuk nu green tea,Groceries,Food & Beverage,49500
1826,indomie goreng sosis so nice le minerale tissue nice s lifebuoy sabun batang fiesta nugget oreo vanilla,Groceries,Food & Beverage,101000
1827,kecap bango pepsodent yakult roti tawar sari roti tepung segitiga biru kopi kapal api mix,Groceries,Food & Beverage,226300
1828,service charge nasi goreng spesial bakso urat,Restaurants,Food & Beverage,125500
1829,stella pengharum lap microfiber baygon aerosol kain pel karbol wangi,Household,Housing & Utilities,338400
1830,sabun cuci tangan wipol tissue paseo s rinso deterjen kain pel karbol wangi sunlight lime lap microfiber molto pewangi sos pembersih lantai,Household,Housing & Utilities,785500
1831,lifebuoy sabun batang oreo vanilla roma kelapa mie sedaap soto ultra milk coklat telur ayam nu green tea teh pucuk le minerale aqua fiesta nugget sosis so nice,Groceries,Food & Beverage,245500
1832,spaghetti chicken paket ayam nasi french fries nasi putih paket hemat,Fast Food,Food & Beverage,294500
1833,tax resto dimsum ayam bakso urat sate ayam tsk ayam bakar madu,Restaurants,Food & Beverage,255000
1834,rice bowl chicken paket hemat,Fast Food,Food & Beverage,116000
1835,air mineral es teh manis capcay seafood bebek goreng,Restaurants,Food & Beverage,265000
1836,silverqueen aqua beras ramos oreo vanilla piattos sapi panggang pop mie ayam garam refina good day cappuccino pepsodent,Groceries,Food & Beverage,228200
1837,cappuccino cinnamon roll banana bread matcha latte,Coffee Shops,Food & Beverage,239600
1838,fiesta nugget pepsodent tepung segitiga biru,Groceries,Food & Beverage,102700
1839,pop mie ayam lifebuoy sabun batang garam refina,Groceries,Food & Beverage,58500
1840,tiket mrt jakarta,Transportation,Transportation,13000
1841,indomie goreng beras ramos filma minyak l indomie ayam bawang tepung segitiga biru teh pucuk aqua lifebuoy sabun batang bimoli l,Groceries,Food & Beverage,263900
1842,nasi putih take away bag french fries,Fast Food,Food & Beverage,50000
1843,sekrup set obeng set organizer drawer storage box l food container set artificial plant lampu led,Home Improvement,Housing & Utilities,1112500
1844,ayam bakar madu pb cumi saus padang sate ayam tsk,Restaurants,Food & Beverage,344800
1845,silverqueen telur ayam walls cornetto ultra milk coklat,Groceries,Food & Beverage,176400
1846,banana bread oat milk cinnamon roll chocolate ice iced americano croissant butter pb,Coffee Shops,Food & Beverage,417300
1847,talenan jam dinding organizer drawer cat tembok storage box l pisau dapur lampu led keran air,Home Improvement,Housing & Utilities,1142000
1848,pixy bedak two way cake maybelline fit me,Beauty,Health & Personal Care,222000
1849,baju anak,Apparel,Lifestyle & Entertainment,160000
1850,garam refina pepsodent piattos sapi panggang ultra milk coklat gula pasir telur ayam,Groceries,Food & Beverage,243500
1851,service charge paket hemat,Fast Food,Food & Beverage,36900
1852,mie goreng jawa service charge mie ayam jamur,Restaurants,Food & Beverage,156000
1853,sosis so nice beras ramos good day cappuccino ultra milk coklat tepung segitiga biru frisian flag uht indomie goreng yakult,Groceries,Food & Beverage,287500
1854,lychee tea caffe latte,Coffee Shops,Food & Beverage,203000
1855,kwetiau siram sapi bebek goreng,Restaurants,Food & Beverage,430500
1856,super pell rinso deterjen wipol karbol wangi,Household,Housing & Utilities,124000
1857,soto ayam dimsum ayam,Restaurants,Food & Beverage,57000
1858,ikat pinggang,Apparel,Lifestyle & Entertainment,165000
1859,chicken popcorn pudding chocolate sambal extra paket burger combo burger cheese spicy chicken wings nasi putih,Fast Food,Food & Beverage,583300
1860,revlon lipstick body mist azarine sunscreen garnier micellar water hand cream,Beauty,Health & Personal Care,794000
1861,piattos sapi panggang teh pucuk roma kelapa pepsodent,Groceries,Food & Beverage,156000
1862,ayam goreng crispy french fries paket burger combo cola medium burger cheese paket ayam nasi take away bag paket hemat,Fast Food,Food & Beverage,294000
1863,sambal extra nasi putih rice bowl chicken paket hemat spicy chicken wings,Fast Food,Food & Beverage,135300
1864,herborist body butter wardah lightening toner ponds face wash scarlett body scrub,Beauty,Health & Personal Care,299000
1865,cola medium paket burger combo,Fast Food,Food & Beverage,144000
1866,makarizo hair mask ellips hair vitamin revlon lipstick vaseline body lotion wardah lightening toner,Beauty,Health & Personal Care,320000
1867,good day cappuccino walls cornetto piattos sapi panggang nu green tea yakult le minerale pop mie ayam,Groceries,Food & Beverage,118500
1868,gurame bakar mie goreng jawa sate ayam tsk pb,Restaurants,Food & Beverage,448000
1869,le minerale pop mie ayam,Groceries,Food & Beverage,9500
1870,sunlight lime baygon aerosol sabun cuci tangan stella pengharum sikat wc wipol kain pel plastik sampah x super pell,Household,Housing & Utilities,645500
1871,shell super,Gas & Fuel,Transportation,560000
1872,spon cuci piring sunlight lime stella pengharum kain pel,Household,Housing & Utilities,227000
1873,dexlite,Gas & Fuel,Transportation,585000
1874,french fries lemon tea paket ayam nasi,Fast Food,Food & Beverage,70000
1875,ponds face wash emina lip cream scarlett body scrub body mist vaseline body lotion,Beauty,Health & Personal Care,265200
1876,sop iga mie ayam jamur nasi putih,Restaurants,Food & Beverage,108500
1877,ayam goreng crispy paket hemat french fries,Fast Food,Food & Beverage,145000
1878,storage box l pisau dapur rak susun tingkat obeng set organizer drawer,Home Improvement,Housing & Utilities,554500
1879,cat tembok pot tanaman sekrup set lampu led obeng set jam dinding keran air,Home Improvement,Housing & Utilities,619000
1880,chicken popcorn take away bag burger cheese service charge rice bowl chicken spicy chicken wings ayam goreng crispy cola medium,Fast Food,Food & Beverage,397100
1881,keran air jam dinding gantungan baju set sekrup set,Home Improvement,Housing & Utilities,277000
1882,mie ayam jamur gurame bakar dimsum ayam service charge sate ayam tsk,Restaurants,Food & Beverage,217500
1883,teh pucuk mie sedaap soto oreo vanilla lifebuoy sabun batang,Groceries,Food & Beverage,66000
1884,chocolate ice kopi susu gula aren es kopi pandan cheesecake slice,Coffee Shops,Food & Beverage,506000
1885,pertalite,Gas & Fuel,Transportation,100000
1886,sanmol tablet tolak angin box antangin cair,Health,Health & Personal Care,61000
1887,kain pel sunlight lime rinso deterjen spon cuci piring,Household,Housing & Utilities,240000
1888,bebek goreng bakso urat gurame bakar sop iga service charge,Restaurants,Food & Beverage,1085000
1889,dress wanita kemeja flanel,Apparel,Lifestyle & Entertainment,747000
1890,shell v power air mineral,Gas & Fuel,Transportation,166000
1891,yakult roti tawar sari roti indomie ayam bawang roma kelapa kecap bango kopi kapal api mix fiesta nugget indomie goreng teh pucuk saus sambal abc,Groceries,Food & Beverage,230500
1892,topi baseball celana chino,Apparel,Lifestyle & Entertainment,363000
1893,spaghetti chicken chicken popcorn,Fast Food,Food & Beverage,270000
1894,tiket bus akap,Transportation,Transportation,249000
1895,sport bra,Apparel,Lifestyle & Entertainment,553800
1896,shell super,Gas & Fuel,Transportation,510000
1897,headset bluetooth webcam full hd keyboard usb kabel data type c charger fast,Electronics & Software,Lifestyle & Entertainment,1474000
1898,spicy chicken wings pudding chocolate,Fast Food,Food & Beverage,52000
1899,panadol biru strip,Health,Health & Personal Care,14000
1900,bakso urat mie goreng jawa soto ayam sop iga dimsum ayam,Restaurants,Food & Beverage,681600
1901,chitato sapi panggang le minerale,Groceries,Food & Beverage,33200
1902,sate ayam tsk sop iga,Restaurants,Food & Beverage,240000
1903,indomie goreng chitato sapi panggang oreo vanilla beras ramos walls cornetto tissue nice s,Groceries,Food & Beverage,178000
1904,rice bowl chicken sambal extra paket hemat lemon tea chicken nugget ayam goreng crispy paket ayam nasi,Fast Food,Food & Beverage,274500
1905,ellips hair vitamin garnier micellar water scarlett body scrub,Beauty,Health & Personal Care,137500
1906,hansaplast tolak angin box,Health,Health & Personal Care,61500
1907,body mist somethinc serum garnier micellar water maybelline fit me,Beauty,Health & Personal Care,437000
1908,paket burger combo pudding chocolate spaghetti chicken burger cheese,Fast Food,Food & Beverage,349000
1909,almond croissant cheesecake slice oat milk,Coffee Shops,Food & Beverage,208800
1910,body mist skintific moisturizer,Beauty,Health & Personal Care,187500
1911,dexlite,Gas & Fuel,Transportation,540000
1912,garnier micellar water makarizo hair mask azarine sunscreen scarlett body scrub vaseline body lotion body mist,Beauty,Health & Personal Care,315000
1913,hand cream maybelline fit me body mist revlon lipstick scarlett body scrub ponds face wash azarine sunscreen,Beauty,Health & Personal Care,1071000
1914,sop iga mie ayam jamur cumi saus padang jeruk hangat,Restaurants,Food & Beverage,956000
1915,filma minyak l telur ayam pepsodent chitato sapi panggang,Groceries,Food & Beverage,324000
1916,pertalite,Gas & Fuel,Transportation,160000
1917,oat milk almond croissant spanish latte cinnamon roll kopi susu gula aren,Coffee Shops,Food & Beverage,199000
1918,chitato sapi panggang roma kelapa garam refina,Groceries,Food & Beverage,45000
1919,kecap bango filma minyak l indomie ayam bawang sosis so nice pop mie ayam lifebuoy sabun batang,Groceries,Food & Beverage,375000
1920,usb hub port redmi note flashdisk,Electronics & Software,Lifestyle & Entertainment,3124000
1921,caffe latte kopi susu gula aren brownies banana bread oat milk iced americano,Coffee Shops,Food & Beverage,258000
1922,kecap bango silverqueen lifebuoy sabun batang telur ayam pop mie ayam kopi kapal api mix tepung segitiga biru tissue nice s nu green tea,Groceries,Food & Beverage,292000
1923,dexlite,Gas & Fuel,Transportation,434000
1924,yakult bimoli l,Groceries,Food & Beverage,33000
1925,paket hemat,Fast Food,Food & Beverage,33000
1926,garam refina teh pucuk mie sedaap soto fiesta nugget aqua silverqueen,Groceries,Food & Beverage,381500
1927,airport train tiket bus transjakarta tiket bus akap,Transportation,Transportation,267500
1928,wardah lightening toner herborist body butter ponds face wash,Beauty,Health & Personal Care,179000
1929,paket burger combo,Fast Food,Food & Beverage,43500
1930,shell v power,Gas & Fuel,Transportation,211000
1931,masker medis sanmol tablet termometer digital promag tablet hansaplast,Health,Health & Personal Care,252000
1932,silverqueen piattos sapi panggang teh pucuk bimoli l sunlight lime sosis so nice walls cornetto,Groceries,Food & Beverage,267500
1933,lisensi software bln headset bluetooth memory card webcam full hd,Electronics & Software,Lifestyle & Entertainment,865000
1934,pop mie ayam indomie goreng pepsodent kecap bango chitato sapi panggang yakult sunlight lime indomie ayam bawang,Groceries,Food & Beverage,139500
1935,lifebuoy sabun batang kopi kapal api mix nu green tea piattos sapi panggang yakult,Groceries,Food & Beverage,175000
1936,cumi saus padang bakso urat service charge bebek goreng soto ayam,Restaurants,Food & Beverage,562000
1937,enervon c botol paracetamol mg,Health,Health & Personal Care,51700
1938,stella pengharum plastik sampah x,Household,Housing & Utilities,105000
1939,emina lip cream pixy bedak two way cake somethinc serum,Beauty,Health & Personal Care,249000
1940,nu green tea piattos sapi panggang kecap bango mie sedaap soto ultra milk coklat roma kelapa tepung segitiga biru oreo vanilla sunlight lime chitato sapi panggang,Groceries,Food & Beverage,360900
1941,gula pasir telur ayam roti tawar sari roti saus sambal abc beras ramos,Groceries,Food & Beverage,614800
1942,caffe latte,Coffee Shops,Food & Beverage,30000
1943,cat tembok sekrup set,Home Improvement,Housing & Utilities,128000
1944,cola medium lemon tea paket ayam nasi pudding chocolate,Fast Food,Food & Beverage,120000
1945,azarine sunscreen maybelline fit me skintific moisturizer,Beauty,Health & Personal Care,350000
1946,herborist body butter,Beauty,Health & Personal Care,48000
1947,es cendol sate ayam tsk bebek goreng,Restaurants,Food & Beverage,633000
1948,garnier micellar water,Beauty,Health & Personal Care,57000
1949,mie ayam jamur service charge es cendol,Restaurants,Food & Beverage,158200
1950,herborist body butter body mist azarine sunscreen pixy bedak two way cake,Beauty,Health & Personal Care,399000
1951,pop mie ayam,Groceries,Food & Beverage,6000
1952,maybelline fit me pixy bedak two way cake hand cream emina lip cream body mist azarine sunscreen scarlett body scrub garnier micellar water revlon lipstick ponds face wash,Beauty,Health & Personal Care,1042400
1953,roma kelapa,Groceries,Food & Beverage,72000
1954,sunlight lime sabun cuci tangan,Household,Housing & Utilities,104000
1955,sosis so nice,Groceries,Food & Beverage,48000
1956,kopi susu gula aren brownies iced americano,Coffee Shops,Food & Beverage,121500
1957,polo shirt,Apparel,Lifestyle & Entertainment,181000
1958,topi baseball celana chino kaos basic cotton dress wanita,Apparel,Lifestyle & Entertainment,849500
1959,dimsum ayam,Restaurants,Food & Beverage,24000
1960,almond croissant,Coffee Shops,Food & Beverage,129000
1961,chocolate ice almond croissant croissant butter,Coffee Shops,Food & Beverage,122500
1962,sunlight lime,Groceries,Food & Beverage,9000
1963,walls cornetto bimoli l,Groceries,Food & Beverage,43000
1964,sos pembersih lantai lap microfiber baygon aerosol wipol karbol wangi spon cuci piring,Household,Housing & Utilities,912000
1965,vaseline body lotion,Beauty,Health & Personal Care,46000
1966,es teh manis air mineral bakso urat jeruk hangat,Restaurants,Food & Beverage,126000
1967,sunlight lime molto pewangi stella pengharum lap microfiber sos pembersih lantai sabun cuci tangan,Household,Housing & Utilities,472100
1968,dimsum ayam,Restaurants,Food & Beverage,26500
1969,nasi putih dimsum ayam sop iga,Restaurants,Food & Beverage,174000
1970,pertamax,Gas & Fuel,Transportation,567000
1971,telur ayam tepung segitiga biru saus sambal abc walls cornetto,Groceries,Food & Beverage,309000
1972,panadol biru strip masker medis termometer digital,Health,Health & Personal Care,105000
1973,lemon tea pudding chocolate burger cheese paket ayam nasi chicken nugget paket burger combo paket hemat french fries,Fast Food,Food & Beverage,337000
1974,wipol sikat wc sos pembersih lantai sunlight lime rinso deterjen super pell stella pengharum sabun cuci tangan,Household,Housing & Utilities,789000
1975,baju anak,Apparel,Lifestyle & Entertainment,139000
1976,tolak angin box sanmol tablet betadine paracetamol mg,Health,Health & Personal Care,95000
1977,cinnamon roll iced americano spanish latte cappuccino,Coffee Shops,Food & Beverage,394000
1978,dimsum ayam es cendol jeruk hangat tax resto,Restaurants,Food & Beverage,112500
1979,nasi putih bebek goreng dimsum ayam kwetiau siram sapi es teh manis gurame bakar jeruk hangat,Restaurants,Food & Beverage,478000
1980,wardah lightening toner pixy bedak two way cake ponds face wash skintific moisturizer,Beauty,Health & Personal Care,278900
1981,skintific moisturizer vaseline body lotion hand cream wardah lightening toner,Beauty,Health & Personal Care,318600
1982,pudding chocolate cola medium sambal extra chicken popcorn,Fast Food,Food & Beverage,123000
1983,sosis so nice frisian flag uht silverqueen pepsodent oreo vanilla saus sambal abc nu green tea,Groceries,Food & Beverage,240000
1984,super pell lap microfiber plastik sampah x tissue paseo s,Household,Housing & Utilities,169100
1985,dexlite,Gas & Fuel,Transportation,340000
1986,bebek goreng sop iga cumi saus padang air mineral service charge capcay seafood es teh manis,Restaurants,Food & Beverage,336600
1987,indomie ayam bawang saus sambal abc mie sedaap soto,Groceries,Food & Beverage,154400
1988,revvo,Gas & Fuel,Transportation,429000
1989,vaseline body lotion emina lip cream,Beauty,Health & Personal Care,120200
1990,croissant butter,Coffee Shops,Food & Beverage,145000
1991,komix jahe enervon c botol masker medis paracetamol mg,Health,Health & Personal Care,173100
1992,good day cappuccino kopi kapal api mix mie sedaap soto nu green tea tepung segitiga biru pepsodent beras ramos le minerale yakult frisian flag uht,Groceries,Food & Beverage,249000
1993,oat milk cinnamon roll es kopi pandan lychee tea brownies iced americano banana bread spanish latte,Coffee Shops,Food & Beverage,262400
1994,sos pembersih lantai stella pengharum attack easy sunlight lime sikat wc rinso deterjen karbol wangi plastik sampah x,Household,Housing & Utilities,602400
1995,bakso urat service charge sop iga jeruk hangat,Restaurants,Food & Beverage,176000
1996,kopi kapal api mix walls cornetto piattos sapi panggang lifebuoy sabun batang gula pasir,Groceries,Food & Beverage,54500
1997,kecap bango good day cappuccino tissue nice s aqua pepsodent lifebuoy sabun batang fiesta nugget,Groceries,Food & Beverage,220500
1998,filma minyak l roti tawar sari roti good day cappuccino walls cornetto chitato sapi panggang frisian flag uht fiesta nugget,Groceries,Food & Beverage,236000
1999,kabel roll stop rak susun tingkat gantungan baju set pisau dapur keran air sekrup set jam dinding organizer drawer storage box l pot tanaman,Home Improvement,Housing & Utilities,1667400
2000,tol dalam kota,Transportation,Transportation,18000
2001,spanish latte,Coffee Shops,Food & Beverage,36000
2002,pertamax turbo,Gas & Fuel,Transportation,510000
2003,paket burger combo sambal extra french fries spaghetti chicken pudding chocolate,Fast Food,Food & Beverage,321000
2004,pop mie ayam aqua oreo vanilla tepung segitiga biru,Groceries,Food & Beverage,121500
2005,webcam full hd flashdisk,Electronics & Software,Lifestyle & Entertainment,435000
2006,tol jakarta cikampek parkir mobil,Transportation,Transportation,50500
2007,airport train,Transportation,Transportation,327000
2008,le minerale,Groceries,Food & Beverage,8000
2009,kabel data type c keyboard usb anti gores hp,Electronics & Software,Lifestyle & Entertainment,409000
2010,tissue nice s filma minyak l teh pucuk beras ramos piattos sapi panggang pop mie ayam tepung segitiga biru ultra milk coklat,Groceries,Food & Beverage,593500
2011,kaos basic cotton celana chino,Apparel,Lifestyle & Entertainment,524000
2012,roti tawar sari roti tepung segitiga biru sosis so nice indomie goreng filma minyak l garam refina,Groceries,Food & Beverage,159000
2013,sabun cuci tangan sikat wc tissue paseo s spon cuci piring super pell sunlight lime lap microfiber,Household,Housing & Utilities,508900
2014,almond croissant banana bread brownies oat milk cinnamon roll iced americano,Coffee Shops,Food & Beverage,462000
2015,dimsum ayam kwetiau siram sapi nasi goreng spesial soto ayam capcay seafood es cendol cumi saus padang es teh manis gurame bakar sate ayam tsk,Restaurants,Food & Beverage,977000
2016,kecap bango piattos sapi panggang bimoli l good day cappuccino aqua beras ramos,Groceries,Food & Beverage,204000
2017,pudding chocolate pb sambal extra,Fast Food,Food & Beverage,74000
2018,shell v power,Gas & Fuel,Transportation,411000
2019,telur ayam walls cornetto sunlight lime,Groceries,Food & Beverage,68000
2020,nu green tea telur ayam yakult silverqueen tissue nice s lifebuoy sabun batang pepsodent,Groceries,Food & Beverage,269000
2021,parkir mobil airport train bagasi tambahan tiket bus akap,Transportation,Transportation,1065000
2022,wipol lap microfiber baygon aerosol sabun cuci tangan spon cuci piring sunlight lime,Household,Housing & Utilities,353500
2023,bodrex flu batuk tolak angin box hansaplast minyak kayu putih,Health,Health & Personal Care,138500
2024,frisian flag uht roma kelapa nu green tea aqua tissue nice s good day cappuccino,Groceries,Food & Beverage,142000
2025,memory card,Electronics & Software,Lifestyle & Entertainment,168000
2026,saus sambal abc mie sedaap soto garam refina tissue nice s,Groceries,Food & Beverage,48000
2027,wardah lightening toner makarizo hair mask ellips hair vitamin vaseline body lotion somethinc serum,Beauty,Health & Personal Care,292000
2028,oat milk matcha latte,Coffee Shops,Food & Beverage,79000
2029,lampu led keran air artificial plant gantungan baju set sekrup set rak susun tingkat pot tanaman,Home Improvement,Housing & Utilities,1334000
2030,cola medium spicy chicken wings paket ayam nasi tax resto,Fast Food,Food & Beverage,293000
2031,keran air sekrup set jam dinding organizer drawer food container set artificial plant lampu led storage box l obeng set talenan,Home Improvement,Housing & Utilities,1190500
2032,caffe latte kopi susu gula aren,Coffee Shops,Food & Beverage,91000
2033,karbol wangi attack easy tissue paseo s,Household,Housing & Utilities,360000
2034,es teh manis bebek goreng soto ayam,Restaurants,Food & Beverage,96500
2035,pop mie ayam yakult ultra milk coklat mie sedaap soto le minerale oreo vanilla sunlight lime,Groceries,Food & Beverage,145300
2036,tepung segitiga biru kopi kapal api mix sosis so nice indomie ayam bawang garam refina roti tawar sari roti,Groceries,Food & Beverage,116000
2037,ayam goreng crispy paket hemat lemon tea nasi putih spaghetti chicken pudding chocolate take away bag chicken nugget,Fast Food,Food & Beverage,241000
2038,dexlite,Gas & Fuel,Transportation,261000
2039,emina lip cream garnier micellar water somethinc serum scarlett body scrub,Beauty,Health & Personal Care,642500
2040,keran air cat tembok rak susun tingkat obeng set organizer drawer pot tanaman artificial plant gantungan baju set pisau dapur,Home Improvement,Housing & Utilities,965000
2041,paket burger combo burger cheese spicy chicken wings nasi putih french fries,Fast Food,Food & Beverage,474000
2042,tissue nice s frisian flag uht ultra milk coklat beras ramos mie sedaap soto pop mie ayam oreo vanilla,Groceries,Food & Beverage,738000
2043,tiket pesawat domestik tol dalam kota tiket bus transjakarta,Transportation,Transportation,1247000
2044,lemon tea chicken nugget spicy chicken wings chicken popcorn,Fast Food,Food & Beverage,303000
2045,makarizo hair mask,Beauty,Health & Personal Care,37000
2046,memory card anti gores hp,Electronics & Software,Lifestyle & Entertainment,284000
2047,cat tembok jam dinding obeng set sekrup set rak susun tingkat lampu led kabel roll stop organizer drawer keran air pot tanaman,Home Improvement,Housing & Utilities,1088500
2048,fiesta nugget tissue nice s gula pasir bimoli l mie sedaap soto indomie ayam bawang teh pucuk chitato sapi panggang roma kelapa,Groceries,Food & Beverage,195500
2049,beras ramos nu green tea roti tawar sari roti pepsodent le minerale,Groceries,Food & Beverage,211500
2050,lifebuoy sabun batang saus sambal abc piattos sapi panggang beras ramos le minerale tepung segitiga biru filma minyak l fiesta nugget,Groceries,Food & Beverage,769500
2051,bagasi tambahan parkir motor,Transportation,Transportation,274200
2052,parkir motor,Transportation,Transportation,4000
2053,rice bowl chicken french fries chicken nugget burger cheese chicken popcorn spicy chicken wings take away bag pudding chocolate,Fast Food,Food & Beverage,365600
2054,pertalite,Gas & Fuel,Transportation,140000
2055,sosis so nice pop mie ayam,Groceries,Food & Beverage,22000
2056,azarine sunscreen emina lip cream revlon lipstick wardah lightening toner ponds face wash,Beauty,Health & Personal Care,301800
2057,herborist body butter maybelline fit me vaseline body lotion ellips hair vitamin,Beauty,Health & Personal Care,510000
2058,body mist maybelline fit me pixy bedak two way cake,Beauty,Health & Personal Care,217500
2059,pb mie ayam jamur dimsum ayam,Restaurants,Food & Beverage,89100
2060,paket burger combo ice cream cone spaghetti chicken pb,Fast Food,Food & Beverage,177000
2061,kemeja oxford celana chino kaos kaki sandal casual,Apparel,Lifestyle & Entertainment,1080000
2062,cumi saus padang sop iga ayam bakar madu bakso urat,Restaurants,Food & Beverage,227000
2063,tiket mrt jakarta tol dalam kota,Transportation,Transportation,39000
2064,cinnamon roll cheesecake slice service charge,Coffee Shops,Food & Beverage,143000
2065,pertamax,Gas & Fuel,Transportation,78000
2066,air mineral gurame bakar,Restaurants,Food & Beverage,525000
2067,spanish latte iced americano croissant butter matcha latte cinnamon roll cheesecake slice lychee tea cappuccino chocolate ice kopi susu gula aren,Coffee Shops,Food & Beverage,743800
2068,pepsodent tepung segitiga biru sosis so nice bimoli l teh pucuk pop mie ayam,Groceries,Food & Beverage,105000
2069,nu green tea gula pasir piattos sapi panggang kopi kapal api mix walls cornetto good day cappuccino saus sambal abc garam refina,Groceries,Food & Beverage,119500
2070,kopi kapal api mix pop mie ayam tissue nice s pepsodent roma kelapa kecap bango good day cappuccino garam refina,Groceries,Food & Beverage,184400
2071,roma kelapa garam refina silverqueen,Groceries,Food & Beverage,47000
2072,silverqueen piattos sapi panggang good day cappuccino,Groceries,Food & Beverage,64000
2073,cheesecake slice es kopi pandan cappuccino,Coffee Shops,Food & Beverage,137000
2074,good day cappuccino garam refina tissue nice s teh pucuk yakult,Groceries,Food & Beverage,105600
2075,revvo,Gas & Fuel,Transportation,540000
2076,bp,Gas & Fuel,Transportation,526500
2077,ayam goreng crispy rice bowl chicken chicken nugget pudding chocolate paket burger combo paket hemat spaghetti chicken burger cheese lemon tea spicy chicken wings,Fast Food,Food & Beverage,310000
2078,fiesta nugget silverqueen filma minyak l yakult indomie goreng walls cornetto pepsodent indomie ayam bawang roti tawar sari roti tepung segitiga biru,Groceries,Food & Beverage,589200
2079,spicy chicken wings paket hemat nasi putih paket burger combo,Fast Food,Food & Beverage,299600
2080,pepsodent nu green tea aqua,Groceries,Food & Beverage,48700
2081,revvo,Gas & Fuel,Transportation,533000
2082,kopi kapal api mix oreo vanilla teh pucuk mie sedaap soto,Groceries,Food & Beverage,25500
2083,sambal extra service charge cola medium,Fast Food,Food & Beverage,25700
2084,es teh manis soto ayam nasi goreng spesial kwetiau siram sapi,Restaurants,Food & Beverage,256000
2085,wipol sikat wc kain pel stella pengharum,Household,Housing & Utilities,139000
2086,sambal extra spaghetti chicken chicken nugget ice cream cone,Fast Food,Food & Beverage,76500
2087,air mineral soto ayam gurame bakar nasi goreng spesial sop iga,Restaurants,Food & Beverage,403000
2088,soto ayam pb,Restaurants,Food & Beverage,27000
2089,polo shirt dress wanita,Apparel,Lifestyle & Entertainment,1165700
2090,bakso urat service charge mie goreng jawa,Restaurants,Food & Beverage,118000
2091,bagasi tambahan travel antarkota,Transportation,Transportation,749000
2092,kabel data type c keyboard usb redmi note,Electronics & Software,Lifestyle & Entertainment,3848000
2093,speaker bluetooth,Electronics & Software,Lifestyle & Entertainment,640000
2094,air mineral sate ayam tsk,Restaurants,Food & Beverage,48500
2095,silverqueen walls cornetto telur ayam mie sedaap soto fiesta nugget lifebuoy sabun batang filma minyak l,Groceries,Food & Beverage,315500
2096,silverqueen pepsodent,Groceries,Food & Beverage,40000
2097,rak susun tingkat,Home Improvement,Housing & Utilities,288000
2098,pudding chocolate cola medium,Fast Food,Food & Beverage,66000
2099,cola medium rice bowl chicken spicy chicken wings pudding chocolate spaghetti chicken sambal extra,Fast Food,Food & Beverage,226000
2100,le minerale roma kelapa ultra milk coklat mie sedaap soto silverqueen,Groceries,Food & Beverage,236000
2101,minyak kayu putih promag tablet betadine,Health,Health & Personal Care,85000
2102,bakso urat dimsum ayam mie goreng jawa kwetiau siram sapi,Restaurants,Food & Beverage,174500
2103,bantal sofa kabel roll stop talenan obeng set storage box l keran air food container set organizer drawer sekrup set,Home Improvement,Housing & Utilities,796000
2104,nasi putih bebek goreng sop iga cumi saus padang kwetiau siram sapi es teh manis,Restaurants,Food & Beverage,523500
2105,mouse wireless,Electronics & Software,Lifestyle & Entertainment,348000
2106,vaseline body lotion somethinc serum,Beauty,Health & Personal Care,291000
2107,tiket kereta eksekutif,Transportation,Transportation,308000
2108,redmi note,Electronics & Software,Lifestyle & Entertainment,2729000
2109,revvo,Gas & Fuel,Transportation,182000
2110,sabun cuci tangan sikat wc lap microfiber molto pewangi rinso deterjen wipol,Household,Housing & Utilities,609000
2111,chicken nugget rice bowl chicken,Fast Food,Food & Beverage,98500
2112,indomie ayam bawang fiesta nugget frisian flag uht teh pucuk sunlight lime tissue nice s sosis so nice beras ramos,Groceries,Food & Beverage,266000
2113,es cendol air mineral nasi goreng spesial mie goreng jawa,Restaurants,Food & Beverage,87000
2114,nasi putih burger cheese service charge,Fast Food,Food & Beverage,37800
2115,soto ayam service charge kwetiau siram sapi gurame bakar dimsum ayam jeruk hangat bebek goreng sop iga mie ayam jamur bakso urat,Restaurants,Food & Beverage,811500
2116,indomie ayam bawang chitato sapi panggang ultra milk coklat good day cappuccino tissue nice s oreo vanilla garam refina saus sambal abc silverqueen gula pasir,Groceries,Food & Beverage,552800
2117,es cendol bebek goreng cumi saus padang mie goreng jawa,Restaurants,Food & Beverage,395000
2118,jeruk hangat sop iga es cendol sate ayam tsk,Restaurants,Food & Beverage,589000
2119,fiesta nugget sosis so nice kecap bango frisian flag uht,Groceries,Food & Beverage,273200
2120,matcha latte croissant butter service charge spanish latte,Coffee Shops,Food & Beverage,136500
2121,saus sambal abc silverqueen walls cornetto piattos sapi panggang tissue nice s kopi kapal api mix,Groceries,Food & Beverage,207000
2122,attack easy sunlight lime,Household,Housing & Utilities,49000
2123,airport train,Transportation,Transportation,154000
2124,anti gores hp,Electronics & Software,Lifestyle & Entertainment,50000
2125,extra shot cheesecake slice cappuccino caffe latte lychee tea,Coffee Shops,Food & Beverage,183000
2126,bio solar,Gas & Fuel,Transportation,306000
2127,celana chino,Apparel,Lifestyle & Entertainment,276000
2128,caffe latte lychee tea chocolate ice,Coffee Shops,Food & Beverage,87500
2129,ellips hair vitamin emina lip cream skintific moisturizer wardah lightening toner garnier micellar water,Beauty,Health & Personal Care,296500
2130,cheesecake slice extra shot croissant butter matcha latte lychee tea oat milk,Coffee Shops,Food & Beverage,505000
2131,chicken nugget paket burger combo cola medium paket hemat,Fast Food,Food & Beverage,378000
2132,sosis so nice saus sambal abc indomie goreng gula pasir bimoli l pop mie ayam garam refina fiesta nugget walls cornetto,Groceries,Food & Beverage,149700
2133,food container set cat tembok,Home Improvement,Housing & Utilities,269900
2134,sos pembersih lantai sunlight lime stella pengharum sikat wc lap microfiber tissue paseo s sabun cuci tangan baygon aerosol rinso deterjen,Household,Housing & Utilities,1117000
2135,pixy bedak two way cake skintific moisturizer body mist ponds face wash scarlett body scrub,Beauty,Health & Personal Care,446000
2136,paket hemat burger cheese take away bag spicy chicken wings,Fast Food,Food & Beverage,223000
2137,paket hemat spaghetti chicken chicken popcorn rice bowl chicken,Fast Food,Food & Beverage,206500
2138,roma kelapa fiesta nugget indomie goreng bimoli l walls cornetto silverqueen pop mie ayam,Groceries,Food & Beverage,187000
2139,kopi kapal api mix pepsodent chitato sapi panggang telur ayam fiesta nugget silverqueen piattos sapi panggang roma kelapa filma minyak l beras ramos,Groceries,Food & Beverage,563100
2140,gula pasir chitato sapi panggang silverqueen le minerale,Groceries,Food & Beverage,70500
2141,kecap bango roma kelapa,Groceries,Food & Beverage,169000
2142,ayam bakar madu sate ayam tsk,Restaurants,Food & Beverage,80500
2143,spaghetti chicken pudding chocolate,Fast Food,Food & Beverage,124000
2144,lemon tea take away bag paket ayam nasi paket burger combo,Fast Food,Food & Beverage,121000
2145,revvo,Gas & Fuel,Transportation,108000
2146,sunlight lime tissue nice s,Groceries,Food & Beverage,24000
2147,azarine sunscreen makarizo hair mask somethinc serum,Beauty,Health & Personal Care,227000
2148,spaghetti chicken paket hemat,Fast Food,Food & Beverage,172000
2149,brownies cheesecake slice extra shot oat milk iced americano es kopi pandan,Coffee Shops,Food & Beverage,312500
2150,skintific moisturizer hand cream maybelline fit me scarlett body scrub azarine sunscreen emina lip cream,Beauty,Health & Personal Care,641500
2151,croissant butter spanish latte cinnamon roll kopi susu gula aren service charge chocolate ice caffe latte,Coffee Shops,Food & Beverage,558000
2152,pixy bedak two way cake emina lip cream garnier micellar water vaseline body lotion,Beauty,Health & Personal Care,352800
2153,saus sambal abc,Groceries,Food & Beverage,16000
2154,take away bag sambal extra french fries,Fast Food,Food & Beverage,68500
2155,walls cornetto pepsodent aqua mie sedaap soto teh pucuk,Groceries,Food & Beverage,125900
2156,case hp memory card oppo a anti gores hp,Electronics & Software,Lifestyle & Entertainment,4455000
2157,sop iga nasi goreng spesial ayam bakar madu,Restaurants,Food & Beverage,141500
2158,sikat wc stella pengharum sunlight lime karbol wangi attack easy,Household,Housing & Utilities,272000
2159,kecap bango walls cornetto chitato sapi panggang garam refina pepsodent pop mie ayam filma minyak l,Groceries,Food & Beverage,303000
2160,caffe latte iced americano spanish latte cappuccino banana bread,Coffee Shops,Food & Beverage,238000
2161,chitato sapi panggang frisian flag uht sosis so nice gula pasir sunlight lime silverqueen indomie ayam bawang,Groceries,Food & Beverage,178000
2162,paket hemat cola medium chicken popcorn paket ayam nasi sambal extra take away bag,Fast Food,Food & Beverage,227900
2163,ultra milk coklat beras ramos sosis so nice roti tawar sari roti kopi kapal api mix,Groceries,Food & Beverage,234300
2164,es kopi pandan almond croissant cappuccino caffe latte,Coffee Shops,Food & Beverage,175000
2165,service charge soto ayam air mineral gurame bakar,Restaurants,Food & Beverage,224000
2166,sunlight lime oreo vanilla sosis so nice le minerale saus sambal abc kecap bango indomie goreng nu green tea pepsodent,Groceries,Food & Beverage,165500
2167,pertalite,Gas & Fuel,Transportation,410000
2168,kwetiau siram sapi sate ayam tsk nasi goreng spesial nasi putih,Restaurants,Food & Beverage,219500
2169,yakult oreo vanilla roma kelapa frisian flag uht fiesta nugget,Groceries,Food & Beverage,155000
2170,revvo,Gas & Fuel,Transportation,384000
2171,soto ayam mie ayam jamur dimsum ayam es teh manis es cendol,Restaurants,Food & Beverage,313000
2172,oreo vanilla frisian flag uht roma kelapa le minerale,Groceries,Food & Beverage,28000
2173,emina lip cream wardah lightening toner pixy bedak two way cake revlon lipstick maybelline fit me,Beauty,Health & Personal Care,360000
2174,tissue nice s yakult aqua lifebuoy sabun batang indomie goreng le minerale roti tawar sari roti,Groceries,Food & Beverage,193500
2175,roti tawar sari roti gula pasir le minerale ultra milk coklat oreo vanilla chitato sapi panggang sosis so nice pop mie ayam tissue nice s,Groceries,Food & Beverage,442000
2176,es teh manis kwetiau siram sapi gurame bakar ayam bakar madu,Restaurants,Food & Beverage,278500
2177,spanish latte,Coffee Shops,Food & Beverage,72000
2178,kemeja oxford,Apparel,Lifestyle & Entertainment,185500
2179,powerbank,Electronics & Software,Lifestyle & Entertainment,161000
2180,revvo,Gas & Fuel,Transportation,518000
2181,oralit sachet masker medis termometer digital bodrex flu batuk hansaplast,Health,Health & Personal Care,164000
2182,vitamin c mg,Health,Health & Personal Care,55000
2183,shell v power,Gas & Fuel,Transportation,210000
2184,enervon c botol panadol biru strip paracetamol mg antangin cair betadine,Health,Health & Personal Care,215500
2185,mouse wireless usb hub port speaker bluetooth,Electronics & Software,Lifestyle & Entertainment,804000
2186,bakso urat service charge mie ayam jamur mie goreng jawa,Restaurants,Food & Beverage,258000
2187,bimoli l nu green tea tissue nice s ultra milk coklat telur ayam pepsodent filma minyak l pop mie ayam mie sedaap soto,Groceries,Food & Beverage,326000
2188,lap microfiber karbol wangi wipol sikat wc sos pembersih lantai plastik sampah x,Household,Housing & Utilities,340000
2189,airport train tiket krl tiket ferry parkir mobil,Transportation,Transportation,297000
2190,paket burger combo ayam goreng crispy burger cheese paket hemat nasi putih chicken nugget,Fast Food,Food & Beverage,318500
2191,aqua walls cornetto kopi kapal api mix silverqueen chitato sapi panggang tepung segitiga biru le minerale,Groceries,Food & Beverage,147200
2192,brownies cappuccino kopi susu gula aren banana bread,Coffee Shops,Food & Beverage,126000
2193,chitato sapi panggang filma minyak l yakult fiesta nugget gula pasir beras ramos tepung segitiga biru,Groceries,Food & Beverage,594800
2194,roti tawar sari roti yakult indomie ayam bawang,Groceries,Food & Beverage,95000
2195,silverqueen bimoli l piattos sapi panggang sosis so nice mie sedaap soto,Groceries,Food & Beverage,70600
2196,revvo,Gas & Fuel,Transportation,468000
2197,revvo,Gas & Fuel,Transportation,300000
2198,beras ramos lifebuoy sabun batang pop mie ayam sosis so nice tissue nice s bimoli l filma minyak l,Groceries,Food & Beverage,609000
2199,tolak angin box termometer digital komix jahe,Health,Health & Personal Care,193000
2200,food container set rak susun tingkat kabel roll stop sekrup set bantal sofa pisau dapur storage box l talenan keran air,Home Improvement,Housing & Utilities,1231800
2201,keran air food container set artificial plant jam dinding pisau dapur lampu led organizer drawer,Home Improvement,Housing & Utilities,1273000
2202,matcha latte,Coffee Shops,Food & Beverage,38000
2203,burger cheese take away bag paket hemat lemon tea rice bowl chicken paket burger combo,Fast Food,Food & Beverage,358000
2204,chicken nugget burger cheese sambal extra,Fast Food,Food & Beverage,110000
2205,indomie ayam bawang ultra milk coklat sosis so nice yakult filma minyak l aqua sunlight lime oreo vanilla,Groceries,Food & Beverage,167000
2206,silverqueen yakult ultra milk coklat mie sedaap soto aqua,Groceries,Food & Beverage,187500
2207,croissant butter cinnamon roll pb almond croissant chocolate ice,Coffee Shops,Food & Beverage,304000
2208,storage box l talenan kabel roll stop pisau dapur gantungan baju set artificial plant pot tanaman cat tembok rak susun tingkat lampu led,Home Improvement,Housing & Utilities,1087800
2209,attack easy kain pel baygon aerosol,Household,Housing & Utilities,256000
2210,frisian flag uht nu green tea pepsodent garam refina beras ramos mie sedaap soto sunlight lime piattos sapi panggang indomie ayam bawang ultra milk coklat,Groceries,Food & Beverage,382500
2211,paket ayam nasi cola medium rice bowl chicken paket hemat nasi putih,Fast Food,Food & Beverage,253000
2212,sos pembersih lantai baygon aerosol tissue paseo s spon cuci piring super pell,Household,Housing & Utilities,211400
2213,kecap bango roma kelapa tissue nice s oreo vanilla beras ramos,Groceries,Food & Beverage,235000
2214,brownies kopi susu gula aren oat milk iced americano cheesecake slice,Coffee Shops,Food & Beverage,344000
2215,lychee tea cappuccino chocolate ice spanish latte,Coffee Shops,Food & Beverage,546000
2216,spanish latte almond croissant matcha latte caffe latte tax resto,Coffee Shops,Food & Beverage,207000
2217,nasi goreng spesial capcay seafood es teh manis gurame bakar,Restaurants,Food & Beverage,337500
2218,paket hemat nasi putih take away bag ice cream cone,Fast Food,Food & Beverage,83000
2219,memory card,Electronics & Software,Lifestyle & Entertainment,294000
2220,ayam goreng crispy,Fast Food,Food & Beverage,21000
2221,indomie ayam bawang tissue nice s,Groceries,Food & Beverage,18000
2222,parkir motor,Transportation,Transportation,8000
2223,shell v power,Gas & Fuel,Transportation,324000
2224,chitato sapi panggang frisian flag uht,Groceries,Food & Beverage,30000
2225,rinso deterjen sos pembersih lantai sunlight lime,Household,Housing & Utilities,145600
2226,talenan food container set lampu led keran air,Home Improvement,Housing & Utilities,530800
2227,ultra milk coklat le minerale tepung segitiga biru indomie goreng oreo vanilla piattos sapi panggang chitato sapi panggang,Groceries,Food & Beverage,157800
2228,airport train,Transportation,Transportation,85000
2229,kain pel rinso deterjen sos pembersih lantai spon cuci piring plastik sampah x,Household,Housing & Utilities,156000
2230,brownies extra shot kopi susu gula aren cinnamon roll matcha latte iced americano chocolate ice,Coffee Shops,Food & Beverage,450000
2231,es kopi pandan cappuccino iced americano,Coffee Shops,Food & Beverage,176600
2232,termometer digital vitamin c mg minyak kayu putih hansaplast tolak angin box sanmol tablet,Health,Health & Personal Care,481000
2233,organizer drawer artificial plant sekrup set lampu led cat tembok,Home Improvement,Housing & Utilities,343000
2234,lychee tea croissant butter,Coffee Shops,Food & Beverage,110500
2235,le minerale beras ramos piattos sapi panggang gula pasir teh pucuk frisian flag uht filma minyak l lifebuoy sabun batang garam refina saus sambal abc pop mie ayam indomie goreng,Groceries,Food & Beverage,503500
2236,sosis so nice,Groceries,Food & Beverage,10000
2237,teh pucuk pop mie ayam tissue nice s,Groceries,Food & Beverage,43000
2238,roti tawar sari roti filma minyak l nu green tea yakult,Groceries,Food & Beverage,111800
2239,jam dinding artificial plant storage box l gantungan baju set,Home Improvement,Housing & Utilities,540000
2240,cappuccino croissant butter banana bread es kopi pandan caffe latte brownies,Coffee Shops,Food & Beverage,376500
2241,bio solar,Gas & Fuel,Transportation,306000
2242,sunlight lime roma kelapa garam refina,Groceries,Food & Beverage,23800
2243,yakult,Groceries,Food & Beverage,88000
2244,jeruk hangat sate ayam tsk capcay seafood,Restaurants,Food & Beverage,212000
2245,molto pewangi tissue paseo s,Household,Housing & Utilities,76000
2246,betadine termometer digital antangin cair,Health,Health & Personal Care,120000
2247,obeng set keran air pot tanaman sekrup set kabel roll stop,Home Improvement,Housing & Utilities,602000
2248,makarizo hair mask body mist garnier micellar water hand cream pixy bedak two way cake wardah lightening toner emina lip cream,Beauty,Health & Personal Care,411000
2249,mie goreng jawa gurame bakar jeruk hangat nasi goreng spesial ayam bakar madu mie ayam jamur es teh manis,Restaurants,Food & Beverage,788600
2250,oat milk es kopi pandan cinnamon roll brownies spanish latte croissant butter banana bread lychee tea,Coffee Shops,Food & Beverage,293200
2251,bebek goreng es cendol service charge jeruk hangat,Restaurants,Food & Beverage,139000
2252,jeans slim fit,Apparel,Lifestyle & Entertainment,253500
2253,wardah lightening toner skintific moisturizer garnier micellar water body mist,Beauty,Health & Personal Care,302000
2254,garam refina tepung segitiga biru sunlight lime,Groceries,Food & Beverage,57500
2255,sunlight lime attack easy sikat wc wipol,Household,Housing & Utilities,187500
2256,roti tawar sari roti filma minyak l indomie ayam bawang fiesta nugget,Groceries,Food & Beverage,231000
2257,sate ayam tsk ayam bakar madu,Restaurants,Food & Beverage,104500
2258,body mist ellips hair vitamin vaseline body lotion hand cream pixy bedak two way cake,Beauty,Health & Personal Care,238000
2259,spicy chicken wings ice cream cone take away bag cola medium burger cheese,Fast Food,Food & Beverage,160000
2260,chocolate ice cappuccino brownies,Coffee Shops,Food & Beverage,321000
2261,hand cream makarizo hair mask maybelline fit me somethinc serum,Beauty,Health & Personal Care,443000
2262,ultra milk coklat kopi kapal api mix tepung segitiga biru lifebuoy sabun batang beras ramos teh pucuk good day cappuccino indomie ayam bawang,Groceries,Food & Beverage,523200
2263,mie ayam jamur bebek goreng,Restaurants,Food & Beverage,108000
2264,pertamax,Gas & Fuel,Transportation,442000
2265,cat tembok talenan organizer drawer obeng set artificial plant keran air storage box l,Home Improvement,Housing & Utilities,979000
2266,beras ramos silverqueen,Groceries,Food & Beverage,93000
2267,burger cheese pudding chocolate ayam goreng crispy,Fast Food,Food & Beverage,63500
2268,mouse wireless redmi note,Electronics & Software,Lifestyle & Entertainment,2980500
2269,spon cuci piring sikat wc stella pengharum molto pewangi lap microfiber sunlight lime,Household,Housing & Utilities,421000
2270,airport train,Transportation,Transportation,54500
2271,revvo,Gas & Fuel,Transportation,525000
2272,kopi kapal api mix oreo vanilla roma kelapa kecap bango,Groceries,Food & Beverage,170000
2273,pertamax turbo kopi kaleng,Gas & Fuel,Transportation,297500
2274,plastik sampah x attack easy super pell kain pel,Household,Housing & Utilities,228000
2275,paket burger combo chicken popcorn paket hemat pudding chocolate,Fast Food,Food & Beverage,243000
2276,bio solar,Gas & Fuel,Transportation,315000
2277,somethinc serum herborist body butter emina lip cream wardah lightening toner,Beauty,Health & Personal Care,248000
2278,telur ayam beras ramos garam refina good day cappuccino piattos sapi panggang kecap bango sosis so nice,Groceries,Food & Beverage,314000
2279,termometer digital betadine oralit sachet obh combi,Health,Health & Personal Care,154000
2280,cola medium pb ayam goreng crispy french fries,Fast Food,Food & Beverage,191000
2281,take away bag,Fast Food,Food & Beverage,5000
2282,chocolate ice oat milk es kopi pandan,Coffee Shops,Food & Beverage,116000
2283,es kopi pandan matcha latte extra shot cinnamon roll,Coffee Shops,Food & Beverage,192000
2284,lemon tea ice cream cone,Fast Food,Food & Beverage,130000
2285,pop mie ayam filma minyak l oreo vanilla sosis so nice,Groceries,Food & Beverage,143000
2286,anti gores hp,Electronics & Software,Lifestyle & Entertainment,67000
2287,cappuccino almond croissant extra shot spanish latte croissant butter matcha latte cinnamon roll brownies,Coffee Shops,Food & Beverage,463500
2288,sosis so nice pepsodent piattos sapi panggang kopi kapal api mix,Groceries,Food & Beverage,60000
2289,mie goreng jawa sate ayam tsk capcay seafood mie ayam jamur,Restaurants,Food & Beverage,226000
2290,case hp speaker bluetooth,Electronics & Software,Lifestyle & Entertainment,440000
2291,topi baseball,Apparel,Lifestyle & Entertainment,117000
2292,extra shot cheesecake slice cinnamon roll almond croissant pb,Coffee Shops,Food & Beverage,231000
2293,chicken popcorn burger cheese rice bowl chicken,Fast Food,Food & Beverage,64000
2294,vaseline body lotion body mist skintific moisturizer pixy bedak two way cake somethinc serum ellips hair vitamin,Beauty,Health & Personal Care,418000
2295,aqua good day cappuccino garam refina filma minyak l silverqueen nu green tea kecap bango teh pucuk,Groceries,Food & Beverage,132500
2296,sanmol tablet enervon c botol betadine vitamin c mg,Health,Health & Personal Care,143500
2297,filma minyak l saus sambal abc,Groceries,Food & Beverage,150000
2298,wardah lightening toner maybelline fit me ponds face wash skintific moisturizer garnier micellar water body mist,Beauty,Health & Personal Care,659000
2299,burger cheese cola medium pb,Fast Food,Food & Beverage,117100
2300,spon cuci piring tissue paseo s baygon aerosol molto pewangi kain pel,Household,Housing & Utilities,330000
2301,sop iga mie goreng jawa,Restaurants,Food & Beverage,72000
2302,aqua silverqueen,Groceries,Food & Beverage,80000
2303,nasi putih ayam bakar madu tax resto air mineral bebek goreng sop iga,Restaurants,Food & Beverage,559000
2304,memory card powerbank,Electronics & Software,Lifestyle & Entertainment,424000
2305,pertalite,Gas & Fuel,Transportation,80000
2306,kopi kapal api mix mie sedaap soto tepung segitiga biru gula pasir tissue nice s frisian flag uht,Groceries,Food & Beverage,264500
2307,le minerale frisian flag uht indomie ayam bawang,Groceries,Food & Beverage,25500
2308,teh pucuk gula pasir saus sambal abc,Groceries,Food & Beverage,72000
2309,obeng set cat tembok,Home Improvement,Housing & Utilities,428000
2310,spicy chicken wings paket ayam nasi spaghetti chicken burger cheese chicken nugget,Fast Food,Food & Beverage,160000
2311,nasi putih,Restaurants,Food & Beverage,8000
2312,almond croissant brownies,Coffee Shops,Food & Beverage,157000
2313,jaket hoodie,Apparel,Lifestyle & Entertainment,373000
2314,mie sedaap soto tissue nice s oreo vanilla yakult,Groceries,Food & Beverage,82500
2315,sos pembersih lantai sunlight lime rinso deterjen,Household,Housing & Utilities,204000
2316,dimsum ayam nasi goreng spesial sop iga bebek goreng nasi putih,Restaurants,Food & Beverage,247800
2317,pertamax parkir spbu,Gas & Fuel,Transportation,219000
2318,filma minyak l sunlight lime tepung segitiga biru,Groceries,Food & Beverage,52000
2319,kopi kapal api mix silverqueen sosis so nice saus sambal abc teh pucuk good day cappuccino chitato sapi panggang fiesta nugget tissue nice s roti tawar sari roti,Groceries,Food & Beverage,299000
2320,garam refina oreo vanilla piattos sapi panggang walls cornetto,Groceries,Food & Beverage,46600
2321,kabel roll stop pot tanaman cat tembok sekrup set,Home Improvement,Housing & Utilities,361000
2322,saus sambal abc yakult filma minyak l,Groceries,Food & Beverage,159000
2323,oppo a flashdisk,Electronics & Software,Lifestyle & Entertainment,2200500
2324,kecap bango mie sedaap soto bimoli l le minerale pepsodent,Groceries,Food & Beverage,271000
2325,memory card,Electronics & Software,Lifestyle & Entertainment,157000
2326,paket ayam nasi rice bowl chicken spicy chicken wings ayam goreng crispy burger cheese,Fast Food,Food & Beverage,204000
2327,pertalite,Gas & Fuel,Transportation,300000
2328,rice bowl chicken ayam goreng crispy service charge pudding chocolate,Fast Food,Food & Beverage,64000
2329,jaket hoodie,Apparel,Lifestyle & Entertainment,577000
2330,paket hemat burger cheese,Fast Food,Food & Beverage,152000
2331,ayam goreng crispy paket burger combo,Fast Food,Food & Beverage,100000
2332,tiket mrt jakarta,Transportation,Transportation,6000
2333,walls cornetto sosis so nice roma kelapa indomie goreng ultra milk coklat,Groceries,Food & Beverage,97500
2334,yakult roti tawar sari roti,Groceries,Food & Beverage,85000
2335,gantungan baju set storage box l talenan artificial plant lampu led,Home Improvement,Housing & Utilities,354500
2336,gantungan baju set jam dinding talenan keran air organizer drawer pisau dapur sekrup set kabel roll stop food container set bantal sofa rak susun tingkat storage box l,Home Improvement,Housing & Utilities,1428100
2337,parkir motor tiket ferry travel antarkota,Transportation,Transportation,793000
2338,pertalite,Gas & Fuel,Transportation,60000
2339,ponds face wash somethinc serum revlon lipstick scarlett body scrub ellips hair vitamin emina lip cream body mist skintific moisturizer garnier micellar water wardah lightening toner,Beauty,Health & Personal Care,693500
2340,teh pucuk roti tawar sari roti yakult tissue nice s gula pasir,Groceries,Food & Beverage,228000
2341,silverqueen le minerale telur ayam aqua kecap bango garam refina piattos sapi panggang fiesta nugget good day cappuccino pepsodent,Groceries,Food & Beverage,477400
2342,spicy chicken wings sambal extra lemon tea cola medium,Fast Food,Food & Beverage,122000
2343,vitamin c mg tolak angin box oralit sachet termometer digital minyak kayu putih,Health,Health & Personal Care,173000
2344,food container set kabel roll stop talenan pisau dapur gantungan baju set storage box l,Home Improvement,Housing & Utilities,649000
2345,chicken popcorn,Fast Food,Food & Beverage,20000
2346,dexlite,Gas & Fuel,Transportation,162000
2347,cheesecake slice banana bread almond croissant,Coffee Shops,Food & Beverage,189000
2348,obh combi bodrex flu batuk promag tablet,Health,Health & Personal Care,69000
2349,cumi saus padang bakso urat tax resto soto ayam nasi putih ayam bakar madu capcay seafood gurame bakar bebek goreng,Restaurants,Food & Beverage,427300
2350,pertamax turbo,Gas & Fuel,Transportation,240000
2351,oat milk chocolate ice caffe latte brownies,Coffee Shops,Food & Beverage,144000
2352,mouse wireless webcam full hd kabel data type c powerbank charger fast,Electronics & Software,Lifestyle & Entertainment,1172000
2353,baygon aerosol lap microfiber sunlight lime super pell,Household,Housing & Utilities,426000
2354,maybelline fit me ponds face wash revlon lipstick,Beauty,Health & Personal Care,304000
2355,ayam goreng crispy paket hemat rice bowl chicken chicken nugget,Fast Food,Food & Beverage,217000
2356,teh pucuk le minerale oreo vanilla roma kelapa roti tawar sari roti,Groceries,Food & Beverage,172000
2357,mie goreng jawa es teh manis nasi goreng spesial jeruk hangat,Restaurants,Food & Beverage,142300
2358,sikat wc plastik sampah x lap microfiber super pell baygon aerosol,Household,Housing & Utilities,274500
2359,panadol biru strip tolak angin box minyak kayu putih,Health,Health & Personal Care,143500
2360,molto pewangi sos pembersih lantai sunlight lime plastik sampah x lap microfiber kain pel baygon aerosol rinso deterjen tissue paseo s sabun cuci tangan sikat wc karbol wangi stella pengharum wipol super pell,Household,Housing & Utilities,1238000
2361,chicken popcorn nasi putih,Fast Food,Food & Beverage,36000
2362,bodrex flu batuk betadine panadol biru strip promag tablet,Health,Health & Personal Care,117000
2363,scarlett body scrub body mist ellips hair vitamin azarine sunscreen somethinc serum emina lip cream pixy bedak two way cake skintific moisturizer garnier micellar water vaseline body lotion,Beauty,Health & Personal Care,730000
2364,sepatu sneakers kaos basic cotton ikat pinggang,Apparel,Lifestyle & Entertainment,1792000
2365,roti tawar sari roti indomie goreng,Groceries,Food & Beverage,29000
2366,beras ramos,Groceries,Food & Beverage,322000
2367,spaghetti chicken sambal extra burger cheese,Fast Food,Food & Beverage,372000
2368,mouse wireless case hp,Electronics & Software,Lifestyle & Entertainment,263000
2369,powerbank,Electronics & Software,Lifestyle & Entertainment,632000
2370,piattos sapi panggang,Groceries,Food & Beverage,9000
2371,antangin cair masker medis obh combi bodrex flu batuk promag tablet,Health,Health & Personal Care,115000
2372,garnier micellar water azarine sunscreen somethinc serum,Beauty,Health & Personal Care,417000
2373,rinso deterjen,Household,Housing & Utilities,58000
2374,sabun cuci tangan,Household,Housing & Utilities,16000
2375,nasi putih capcay seafood,Restaurants,Food & Beverage,488800
2376,tepung segitiga biru ultra milk coklat walls cornetto gula pasir roma kelapa,Groceries,Food & Beverage,120500
2377,cumi saus padang nasi goreng spesial service charge ayam bakar madu bebek goreng,Restaurants,Food & Beverage,1107500
2378,obh combi enervon c botol paracetamol mg,Health,Health & Personal Care,142000
2379,mie ayam jamur soto ayam bebek goreng mie goreng jawa,Restaurants,Food & Beverage,639800
2380,bio solar,Gas & Fuel,Transportation,217000
2381,rice bowl chicken paket hemat cola medium,Fast Food,Food & Beverage,298000
2382,enervon c botol masker medis,Health,Health & Personal Care,96200
2383,aqua gula pasir,Groceries,Food & Beverage,30000
2384,gurame bakar,Restaurants,Food & Beverage,84000
2385,caffe latte es kopi pandan spanish latte,Coffee Shops,Food & Beverage,122500
2386,kopi kapal api mix roma kelapa kecap bango silverqueen yakult pop mie ayam good day cappuccino fiesta nugget,Groceries,Food & Beverage,173800
2387,memory card usb hub port,Electronics & Software,Lifestyle & Entertainment,266500
2388,ellips hair vitamin azarine sunscreen emina lip cream herborist body butter hand cream body mist garnier micellar water wardah lightening toner,Beauty,Health & Personal Care,449500
2389,spicy chicken wings paket burger combo,Fast Food,Food & Beverage,71500
2390,ayam bakar madu es cendol nasi putih gurame bakar,Restaurants,Food & Beverage,331000
2391,termometer digital paracetamol mg vitamin c mg,Health,Health & Personal Care,118000
2392,chitato sapi panggang kopi kapal api mix walls cornetto teh pucuk telur ayam roti tawar sari roti indomie goreng good day cappuccino,Groceries,Food & Beverage,286000
2393,air mineral mie goreng jawa,Restaurants,Food & Beverage,36000
2394,azarine sunscreen vaseline body lotion ellips hair vitamin,Beauty,Health & Personal Care,240000
2395,pepsodent gula pasir tissue nice s,Groceries,Food & Beverage,90000
2396,pertamax turbo kopi kaleng,Gas & Fuel,Transportation,205000
2397,fiesta nugget oreo vanilla tissue nice s tepung segitiga biru,Groceries,Food & Beverage,112000
2398,fiesta nugget pop mie ayam indomie goreng,Groceries,Food & Beverage,176000
2399,komix jahe betadine,Health,Health & Personal Care,33200
2400,usb hub port,Electronics & Software,Lifestyle & Entertainment,371000
2401,bakso urat ayam bakar madu es cendol es teh manis dimsum ayam sate ayam tsk gurame bakar mie goreng jawa,Restaurants,Food & Beverage,378400
2402,pixy bedak two way cake revlon lipstick vaseline body lotion,Beauty,Health & Personal Care,427200
2403,mie goreng jawa jeruk hangat nasi goreng spesial gurame bakar kwetiau siram sapi es cendol air mineral,Restaurants,Food & Beverage,296000
2404,cola medium paket ayam nasi spicy chicken wings chicken nugget ayam goreng crispy burger cheese,Fast Food,Food & Beverage,215000
2405,promag tablet masker medis,Health,Health & Personal Care,44000
2406,super pell attack easy sunlight lime molto pewangi stella pengharum baygon aerosol spon cuci piring lap microfiber tissue paseo s plastik sampah x,Household,Housing & Utilities,604000
2407,spanish latte lychee tea croissant butter extra shot chocolate ice cheesecake slice,Coffee Shops,Food & Beverage,384000
2408,frisian flag uht sosis so nice roma kelapa sunlight lime garam refina ultra milk coklat mie sedaap soto,Groceries,Food & Beverage,106200
2409,attack easy wipol karbol wangi spon cuci piring plastik sampah x molto pewangi,Household,Housing & Utilities,276500
2410,service charge,Restaurants,Food & Beverage,39000
2411,sandal casual,Apparel,Lifestyle & Entertainment,204000
2412,sunlight lime fiesta nugget pepsodent bimoli l saus sambal abc gula pasir filma minyak l le minerale teh pucuk,Groceries,Food & Beverage,285800
2413,dexlite,Gas & Fuel,Transportation,324000
2414,tiket mrt jakarta,Transportation,Transportation,40000
2415,sosis so nice good day cappuccino,Groceries,Food & Beverage,16800
2416,kemeja oxford sepatu sneakers polo shirt jeans slim fit,Apparel,Lifestyle & Entertainment,1264500
2417,croissant butter matcha latte,Coffee Shops,Food & Beverage,102000
2418,mouse wireless lisensi software bln usb hub port case hp,Electronics & Software,Lifestyle & Entertainment,626500
2419,pertalite,Gas & Fuel,Transportation,340000
2420,obh combi oralit sachet vitamin c mg antangin cair paracetamol mg,Health,Health & Personal Care,98100
2421,es teh manis kwetiau siram sapi bebek goreng,Restaurants,Food & Beverage,163100
2422,paket ayam nasi spicy chicken wings paket hemat cola medium french fries burger cheese spaghetti chicken,Fast Food,Food & Beverage,320500
2423,burger cheese,Fast Food,Food & Beverage,25000
2424,sandal casual celana chino,Apparel,Lifestyle & Entertainment,519000
2425,paket ayam nasi,Fast Food,Food & Beverage,78000
2426,promag tablet hansaplast bodrex flu batuk komix jahe tolak angin box panadol biru strip,Health,Health & Personal Care,110500
2427,walls cornetto saus sambal abc le minerale pepsodent beras ramos teh pucuk roti tawar sari roti fiesta nugget tepung segitiga biru,Groceries,Food & Beverage,554000
2428,air mineral mie ayam jamur kwetiau siram sapi,Restaurants,Food & Beverage,149500
2429,shuttle bandung jkt,Transportation,Transportation,171000
2430,indomie goreng oreo vanilla le minerale kopi kapal api mix indomie ayam bawang yakult,Groceries,Food & Beverage,201500
2431,indomie ayam bawang garam refina le minerale tepung segitiga biru oreo vanilla good day cappuccino filma minyak l,Groceries,Food & Beverage,75000
2432,spicy chicken wings tax resto,Fast Food,Food & Beverage,90200
2433,sunlight lime rinso deterjen stella pengharum spon cuci piring molto pewangi lap microfiber kain pel attack easy sikat wc plastik sampah x karbol wangi tissue paseo s sabun cuci tangan baygon aerosol wipol,Household,Housing & Utilities,1187000
2434,jam dinding organizer drawer storage box l,Home Improvement,Housing & Utilities,233000
2435,piattos sapi panggang kopi kapal api mix aqua le minerale roma kelapa pepsodent telur ayam saus sambal abc kecap bango,Groceries,Food & Beverage,400000
2436,nasi putih service charge gurame bakar,Restaurants,Food & Beverage,214000
2437,skintific moisturizer herborist body butter makarizo hair mask hand cream garnier micellar water,Beauty,Health & Personal Care,361500
2438,sabun cuci tangan molto pewangi stella pengharum sos pembersih lantai sunlight lime,Household,Housing & Utilities,217500
2439,lychee tea es kopi pandan,Coffee Shops,Food & Beverage,182000
2440,mie ayam jamur,Restaurants,Food & Beverage,24000
2441,kecap bango beras ramos walls cornetto silverqueen indomie ayam bawang oreo vanilla le minerale,Groceries,Food & Beverage,362500
2442,dexlite,Gas & Fuel,Transportation,102000
2443,kopi susu gula aren cinnamon roll lychee tea,Coffee Shops,Food & Beverage,189500
2444,pertalite,Gas & Fuel,Transportation,130000
2445,paket hemat pudding chocolate,Fast Food,Food & Beverage,128000
2446,somethinc serum skintific moisturizer vaseline body lotion,Beauty,Health & Personal Care,383500
2447,tepung segitiga biru walls cornetto kecap bango lifebuoy sabun batang aqua mie sedaap soto,Groceries,Food & Beverage,228000
2448,lap microfiber kain pel karbol wangi sos pembersih lantai attack easy,Household,Housing & Utilities,614000
2449,chicken popcorn french fries rice bowl chicken,Fast Food,Food & Beverage,103000
2450,bio solar,Gas & Fuel,Transportation,306000
2451,makarizo hair mask garnier micellar water pixy bedak two way cake revlon lipstick hand cream,Beauty,Health & Personal Care,288500
2452,service charge extra shot,Coffee Shops,Food & Beverage,42000
2453,promag tablet bodrex flu batuk termometer digital,Health,Health & Personal Care,83000
2454,shuttle bandung jkt airport train,Transportation,Transportation,199000
2455,paracetamol mg minyak kayu putih antangin cair,Health,Health & Personal Care,56000
2456,polo shirt baju anak,Apparel,Lifestyle & Entertainment,266000
2457,kwetiau siram sapi mie goreng jawa,Restaurants,Food & Beverage,325000
2458,shell v power,Gas & Fuel,Transportation,320000
2459,nasi goreng spesial nasi putih es teh manis sate ayam tsk,Restaurants,Food & Beverage,270500
2460,bp,Gas & Fuel,Transportation,406000
2461,somethinc serum makarizo hair mask body mist pixy bedak two way cake,Beauty,Health & Personal Care,452000
2462,mie sedaap soto kecap bango sosis so nice,Groceries,Food & Beverage,97000
2463,paket ayam nasi paket hemat,Fast Food,Food & Beverage,62500
2464,nasi putih sambal extra,Fast Food,Food & Beverage,18000
2465,travel antarkota tiket krl bagasi tambahan tol dalam kota,Transportation,Transportation,808000
2466,pertamax turbo,Gas & Fuel,Transportation,16000
2467,gula pasir beras ramos aqua oreo vanilla kopi kapal api mix le minerale piattos sapi panggang good day cappuccino,Groceries,Food & Beverage,177100
2468,nasi putih,Fast Food,Food & Beverage,7000
2469,sosis so nice garam refina filma minyak l good day cappuccino nu green tea,Groceries,Food & Beverage,106000
2470,scarlett body scrub herborist body butter pixy bedak two way cake,Beauty,Health & Personal Care,509200
2471,roti tawar sari roti garam refina fiesta nugget,Groceries,Food & Beverage,148000
2472,case hp redmi note powerbank,Electronics & Software,Lifestyle & Entertainment,6858000
2473,keyboard usb flashdisk usb hub port,Electronics & Software,Lifestyle & Entertainment,411000
2474,dexlite,Gas & Fuel,Transportation,434000
2475,kaos basic cotton legging sport,Apparel,Lifestyle & Entertainment,675000
2476,tissue nice s bimoli l garam refina frisian flag uht,Groceries,Food & Beverage,57000
2477,sepatu sneakers jeans slim fit polo shirt,Apparel,Lifestyle & Entertainment,1508000
2478,pepsodent telur ayam tepung segitiga biru aqua garam refina,Groceries,Food & Beverage,226000
2479,dexlite air mineral,Gas & Fuel,Transportation,47000
2480,caffe latte matcha latte es kopi pandan brownies,Coffee Shops,Food & Beverage,146500
2481,nasi goreng spesial es teh manis soto ayam sop iga air mineral bebek goreng service charge jeruk hangat mie ayam jamur mie goreng jawa,Restaurants,Food & Beverage,517500
2482,kwetiau siram sapi nasi putih es teh manis soto ayam dimsum ayam cumi saus padang air mineral sop iga mie ayam jamur jeruk hangat,Restaurants,Food & Beverage,561100
2483,paket hemat ice cream cone burger cheese,Fast Food,Food & Beverage,72000
2484,beras ramos indomie goreng gula pasir,Groceries,Food & Beverage,157800
2485,promag tablet antangin cair,Health,Health & Personal Care,41000
2486,panadol biru strip oralit sachet enervon c botol termometer digital masker medis promag tablet,Health,Health & Personal Care,290500
2487,antangin cair panadol biru strip vitamin c mg hansaplast tolak angin box masker medis obh combi,Health,Health & Personal Care,230500
2488,maybelline fit me wardah lightening toner scarlett body scrub herborist body butter revlon lipstick,Beauty,Health & Personal Care,914000
2489,gantungan baju set food container set bantal sofa pisau dapur,Home Improvement,Housing & Utilities,512400
2490,ayam bakar madu capcay seafood nasi putih mie ayam jamur service charge es teh manis,Restaurants,Food & Beverage,190200
2491,shell super,Gas & Fuel,Transportation,319000
2492,jaket hoodie,Apparel,Lifestyle & Entertainment,270500
2493,piattos sapi panggang aqua sunlight lime gula pasir tissue nice s fiesta nugget,Groceries,Food & Beverage,118100
2494,lifebuoy sabun batang sunlight lime,Groceries,Food & Beverage,15000
2495,polo shirt sepatu sneakers kaos kaki,Apparel,Lifestyle & Entertainment,612000
2496,talenan pisau dapur sekrup set cat tembok jam dinding,Home Improvement,Housing & Utilities,598000
2497,komix jahe masker medis hansaplast antangin cair tolak angin box enervon c botol oralit sachet,Health,Health & Personal Care,283900
2498,obh combi minyak kayu putih bodrex flu batuk oralit sachet,Health,Health & Personal Care,95000
2499,garam refina le minerale telur ayam,Groceries,Food & Beverage,115500
2500,betadine enervon c botol,Health,Health & Personal Care,102700
2501,filma minyak l kecap bango,Groceries,Food & Beverage,38500
2502,sate ayam tsk pb bakso urat,Restaurants,Food & Beverage,75000
2503,komix jahe vitamin c mg enervon c botol bodrex flu batuk masker medis sanmol tablet termometer digital antangin cair,Health,Health & Personal Care,296500
2504,promag tablet enervon c botol masker medis komix jahe hansaplast panadol biru strip oralit sachet,Health,Health & Personal Care,147000
2505,beras ramos le minerale nu green tea,Groceries,Food & Beverage,86000
2506,frisian flag uht gula pasir ultra milk coklat,Groceries,Food & Beverage,80000
2507,beras ramos fiesta nugget good day cappuccino pepsodent piattos sapi panggang oreo vanilla bimoli l saus sambal abc frisian flag uht,Groceries,Food & Beverage,315000
2508,sunlight lime aqua fiesta nugget roti tawar sari roti,Groceries,Food & Beverage,101000
2509,spicy chicken wings service charge spaghetti chicken chicken nugget,Fast Food,Food & Beverage,188000
2510,indomie ayam bawang telur ayam nu green tea pepsodent oreo vanilla tepung segitiga biru frisian flag uht bimoli l,Groceries,Food & Beverage,265600
2511,nasi goreng spesial capcay seafood es cendol soto ayam air mineral gurame bakar cumi saus padang,Restaurants,Food & Beverage,875200
2512,good day cappuccino beras ramos saus sambal abc yakult sunlight lime tissue nice s tepung segitiga biru oreo vanilla walls cornetto mie sedaap soto,Groceries,Food & Beverage,401000
2513,celana chino sepatu sneakers,Apparel,Lifestyle & Entertainment,838500
2514,take away bag cola medium,Fast Food,Food & Beverage,23000
2515,capcay seafood pb dimsum ayam soto ayam mie ayam jamur jeruk hangat kwetiau siram sapi,Restaurants,Food & Beverage,240500
2516,tol dalam kota,Transportation,Transportation,23000
2517,storage box l keran air talenan rak susun tingkat,Home Improvement,Housing & Utilities,1198000
2518,pertalite,Gas & Fuel,Transportation,130000
2519,mie goreng jawa sate ayam tsk gurame bakar dimsum ayam es cendol bakso urat,Restaurants,Food & Beverage,280000
2520,bantal sofa storage box l talenan organizer drawer gantungan baju set obeng set rak susun tingkat food container set,Home Improvement,Housing & Utilities,1061700
2521,tepung segitiga biru mie sedaap soto yakult chitato sapi panggang,Groceries,Food & Beverage,43500
2522,pot tanaman kabel roll stop artificial plant,Home Improvement,Housing & Utilities,279500
2523,scarlett body scrub emina lip cream maybelline fit me,Beauty,Health & Personal Care,268500
2524,es kopi pandan lychee tea cappuccino kopi susu gula aren oat milk,Coffee Shops,Food & Beverage,191500
2525,indomie goreng teh pucuk le minerale indomie ayam bawang piattos sapi panggang beras ramos good day cappuccino,Groceries,Food & Beverage,100900
2526,chitato sapi panggang,Groceries,Food & Beverage,28000
2527,indomie goreng aqua ultra milk coklat,Groceries,Food & Beverage,29000
2528,frisian flag uht gula pasir silverqueen bimoli l fiesta nugget indomie goreng,Groceries,Food & Beverage,266000
2529,telur ayam indomie goreng pepsodent bimoli l beras ramos indomie ayam bawang aqua kopi kapal api mix,Groceries,Food & Beverage,289000
2530,revvo,Gas & Fuel,Transportation,504000
2531,paket hemat lemon tea ayam goreng crispy paket ayam nasi,Fast Food,Food & Beverage,189100
2532,spaghetti chicken paket burger combo paket ayam nasi chicken nugget pudding chocolate french fries sambal extra lemon tea,Fast Food,Food & Beverage,284700
2533,dexlite,Gas & Fuel,Transportation,600000
2534,garnier micellar water vaseline body lotion body mist hand cream revlon lipstick maybelline fit me pixy bedak two way cake azarine sunscreen,Beauty,Health & Personal Care,535800
2535,revvo,Gas & Fuel,Transportation,288000
2536,lychee tea kopi susu gula aren oat milk,Coffee Shops,Food & Beverage,74900
2537,lemon tea ice cream cone chicken popcorn paket hemat ayam goreng crispy,Fast Food,Food & Beverage,168000
2538,ponds face wash azarine sunscreen,Beauty,Health & Personal Care,125700
2539,sandal casual,Apparel,Lifestyle & Entertainment,372000
2540,rice bowl chicken,Fast Food,Food & Beverage,264000
2541,bakso urat bebek goreng gurame bakar soto ayam kwetiau siram sapi,Restaurants,Food & Beverage,350400
2542,lampu led kabel roll stop sekrup set pisau dapur artificial plant food container set cat tembok storage box l bantal sofa organizer drawer,Home Improvement,Housing & Utilities,1542700
2543,dexlite,Gas & Fuel,Transportation,504000
2544,somethinc serum wardah lightening toner,Beauty,Health & Personal Care,167500
2545,sabun cuci tangan plastik sampah x,Household,Housing & Utilities,72000
2546,aqua kopi kapal api mix mie sedaap soto pop mie ayam gula pasir roma kelapa sosis so nice ultra milk coklat lifebuoy sabun batang le minerale sunlight lime indomie ayam bawang silverqueen piattos sapi panggang frisian flag uht,Groceries,Food & Beverage,295000
2547,es cendol ayam bakar madu air mineral,Restaurants,Food & Beverage,78000
2548,kwetiau siram sapi nasi goreng spesial,Restaurants,Food & Beverage,99500
2549,nu green tea ultra milk coklat le minerale chitato sapi panggang tepung segitiga biru mie sedaap soto piattos sapi panggang fiesta nugget,Groceries,Food & Beverage,173600
2550,jeans slim fit ikat pinggang sepatu sneakers,Apparel,Lifestyle & Entertainment,1340000
2551,pertamax,Gas & Fuel,Transportation,500000
2552,cappuccino,Coffee Shops,Food & Beverage,27500
2553,pixy bedak two way cake revlon lipstick vaseline body lotion,Beauty,Health & Personal Care,570500
2554,good day cappuccino sosis so nice pop mie ayam fiesta nugget chitato sapi panggang aqua,Groceries,Food & Beverage,207000
2555,charger fast memory card oppo a,Electronics & Software,Lifestyle & Entertainment,2327500
2556,soto ayam service charge bebek goreng nasi goreng spesial cumi saus padang sop iga gurame bakar sate ayam tsk,Restaurants,Food & Beverage,751000
2557,lychee tea banana bread,Coffee Shops,Food & Beverage,152000
2558,es teh manis air mineral es cendol,Restaurants,Food & Beverage,93900
2559,lifebuoy sabun batang oreo vanilla mie sedaap soto,Groceries,Food & Beverage,65500
2560,kecap bango sunlight lime roti tawar sari roti beras ramos aqua,Groceries,Food & Beverage,520500
2561,pot tanaman rak susun tingkat artificial plant,Home Improvement,Housing & Utilities,1314200
2562,baygon aerosol tissue paseo s sabun cuci tangan karbol wangi wipol lap microfiber spon cuci piring super pell,Household,Housing & Utilities,482000
2563,bagasi tambahan tiket ferry,Transportation,Transportation,146000
2564,frisian flag uht indomie goreng saus sambal abc kecap bango,Groceries,Food & Beverage,213500
2565,bp,Gas & Fuel,Transportation,362500
2566,garam refina le minerale sosis so nice,Groceries,Food & Beverage,72000
2567,pudding chocolate tax resto nasi putih spicy chicken wings take away bag,Fast Food,Food & Beverage,65500
2568,sosis so nice silverqueen roti tawar sari roti fiesta nugget indomie goreng saus sambal abc teh pucuk mie sedaap soto oreo vanilla pop mie ayam kopi kapal api mix sunlight lime,Groceries,Food & Beverage,213400
2569,shell v power,Gas & Fuel,Transportation,720000
2570,spon cuci piring attack easy super pell wipol sos pembersih lantai lap microfiber,Household,Housing & Utilities,280000
2571,dimsum ayam es cendol capcay seafood,Restaurants,Food & Beverage,518000
2572,shell v power,Gas & Fuel,Transportation,319000
2573,indomie goreng kecap bango good day cappuccino ultra milk coklat,Groceries,Food & Beverage,183500
2574,iced americano matcha latte kopi susu gula aren brownies chocolate ice,Coffee Shops,Food & Beverage,236500
2575,french fries take away bag lemon tea paket ayam nasi pudding chocolate burger cheese,Fast Food,Food & Beverage,134000
2576,service charge caffe latte croissant butter cinnamon roll almond croissant banana bread extra shot,Coffee Shops,Food & Beverage,343400
2577,nasi putih es teh manis,Restaurants,Food & Beverage,17000
2578,bebek goreng mie ayam jamur air mineral,Restaurants,Food & Beverage,422500
2579,pudding chocolate tax resto sambal extra,Fast Food,Food & Beverage,51000
2580,indomie ayam bawang nu green tea oreo vanilla roma kelapa,Groceries,Food & Beverage,51000
2581,capcay seafood,Restaurants,Food & Beverage,33000
2582,ayam bakar madu service charge bakso urat,Restaurants,Food & Beverage,145000
2583,redmi note,Electronics & Software,Lifestyle & Entertainment,3325000
2584,take away bag paket ayam nasi lemon tea pudding chocolate spicy chicken wings chicken nugget chicken popcorn,Fast Food,Food & Beverage,180000
2585,le minerale nu green tea beras ramos telur ayam saus sambal abc piattos sapi panggang,Groceries,Food & Beverage,302500
2586,mie sedaap soto le minerale kecap bango fiesta nugget walls cornetto filma minyak l pepsodent tissue nice s pop mie ayam,Groceries,Food & Beverage,231600
2587,oreo vanilla indomie goreng tissue nice s ultra milk coklat,Groceries,Food & Beverage,71000
2588,mie sedaap soto roti tawar sari roti kopi kapal api mix pepsodent,Groceries,Food & Beverage,37500
2589,karbol wangi spon cuci piring baygon aerosol,Household,Housing & Utilities,262200
2590,saus sambal abc filma minyak l,Groceries,Food & Beverage,54000
2591,shell super,Gas & Fuel,Transportation,255000
2592,ultra milk coklat kecap bango piattos sapi panggang frisian flag uht walls cornetto sosis so nice nu green tea le minerale mie sedaap soto telur ayam oreo vanilla kopi kapal api mix indomie ayam bawang tepung segitiga biru roma kelapa,Groceries,Food & Beverage,431500
2593,cheesecake slice,Coffee Shops,Food & Beverage,70000
2594,piattos sapi panggang beras ramos pop mie ayam ultra milk coklat garam refina filma minyak l kopi kapal api mix,Groceries,Food & Beverage,440000
2595,cheesecake slice banana bread pb oat milk,Coffee Shops,Food & Beverage,191000
2596,redmi note,Electronics & Software,Lifestyle & Entertainment,2523000
2597,shell v power,Gas & Fuel,Transportation,195000
2598,tiket krl tiket mrt jakarta,Transportation,Transportation,33000
2599,es teh manis,Restaurants,Food & Beverage,7000
2600,pot tanaman jam dinding bantal sofa cat tembok keran air lampu led storage box l,Home Improvement,Housing & Utilities,929200
2601,komix jahe promag tablet vitamin c mg minyak kayu putih oralit sachet panadol biru strip termometer digital paracetamol mg,Health,Health & Personal Care,269000
2602,charger fast,Electronics & Software,Lifestyle & Entertainment,100000
2603,le minerale sunlight lime aqua beras ramos lifebuoy sabun batang garam refina tissue nice s frisian flag uht,Groceries,Food & Beverage,138000
2604,lemon tea ayam goreng crispy,Fast Food,Food & Beverage,87000
2605,frisian flag uht teh pucuk pepsodent piattos sapi panggang bimoli l sunlight lime nu green tea,Groceries,Food & Beverage,143000
2606,paracetamol mg,Health,Health & Personal Care,13000
2607,bantal sofa cat tembok organizer drawer jam dinding lampu led kabel roll stop,Home Improvement,Housing & Utilities,871000
2608,wardah lightening toner azarine sunscreen,Beauty,Health & Personal Care,299000
2609,enervon c botol komix jahe paracetamol mg tolak angin box,Health,Health & Personal Care,183000
2610,pisau dapur,Home Improvement,Housing & Utilities,130000
2611,lemon tea chicken popcorn paket ayam nasi,Fast Food,Food & Beverage,86000
2612,wardah lightening toner,Beauty,Health & Personal Care,45000
2613,garam refina silverqueen pepsodent mie sedaap soto,Groceries,Food & Beverage,139000
2614,pixy bedak two way cake scarlett body scrub hand cream revlon lipstick ponds face wash,Beauty,Health & Personal Care,345900
2615,gula pasir aqua indomie ayam bawang walls cornetto lifebuoy sabun batang chitato sapi panggang good day cappuccino,Groceries,Food & Beverage,122000
2616,lifebuoy sabun batang roma kelapa good day cappuccino oreo vanilla mie sedaap soto pepsodent garam refina aqua pop mie ayam indomie goreng piattos sapi panggang indomie ayam bawang,Groceries,Food & Beverage,147000
2617,yakult garam refina bimoli l oreo vanilla sosis so nice fiesta nugget kecap bango chitato sapi panggang nu green tea ultra milk coklat,Groceries,Food & Beverage,389000
2618,vitamin c mg bodrex flu batuk,Health,Health & Personal Care,78500
2619,ayam goreng crispy lemon tea french fries chicken popcorn,Fast Food,Food & Beverage,266500
2620,garam refina oreo vanilla filma minyak l nu green tea good day cappuccino fiesta nugget yakult roti tawar sari roti teh pucuk piattos sapi panggang kopi kapal api mix silverqueen,Groceries,Food & Beverage,269000
2621,case hp anti gores hp,Electronics & Software,Lifestyle & Entertainment,101000
2622,air mineral service charge nasi goreng spesial,Restaurants,Food & Beverage,70500
2623,beras ramos bimoli l frisian flag uht indomie ayam bawang,Groceries,Food & Beverage,497000
2624,revvo,Gas & Fuel,Transportation,12000
2625,antangin cair promag tablet,Health,Health & Personal Care,32000
2626,skintific moisturizer hand cream pixy bedak two way cake azarine sunscreen body mist,Beauty,Health & Personal Care,531000
2627,kopi susu gula aren oat milk cappuccino extra shot,Coffee Shops,Food & Beverage,457000
2628,celana chino,Apparel,Lifestyle & Entertainment,216000
2629,gurame bakar,Restaurants,Food & Beverage,188800
2630,sate ayam tsk,Restaurants,Food & Beverage,106000
2631,bagasi tambahan tiket bus transjakarta tiket kereta ekonomi,Transportation,Transportation,757000
2632,pop mie ayam walls cornetto,Groceries,Food & Beverage,54000
2633,oralit sachet obh combi hansaplast betadine sanmol tablet,Health,Health & Personal Care,87200
2634,wardah lightening toner hand cream herborist body butter ponds face wash,Beauty,Health & Personal Care,175000
2635,sekrup set organizer drawer gantungan baju set jam dinding rak susun tingkat keran air pot tanaman pisau dapur,Home Improvement,Housing & Utilities,870400
2636,kaos kaki polo shirt kemeja oxford kemeja flanel,Apparel,Lifestyle & Entertainment,720500
2637,revvo,Gas & Fuel,Transportation,585000
2638,tiket bus transjakarta,Transportation,Transportation,4300
2639,silverqueen telur ayam sosis so nice piattos sapi panggang le minerale,Groceries,Food & Beverage,204500
2640,ayam goreng crispy,Fast Food,Food & Beverage,63000
2641,sosis so nice silverqueen kecap bango,Groceries,Food & Beverage,139500
2642,sikat wc spon cuci piring lap microfiber attack easy super pell rinso deterjen kain pel sunlight lime,Household,Housing & Utilities,348400
2643,ayam bakar madu gurame bakar service charge sate ayam tsk cumi saus padang nasi putih bakso urat,Restaurants,Food & Beverage,814500
2644,promag tablet antangin cair termometer digital minyak kayu putih,Health,Health & Personal Care,133000
2645,rice bowl chicken nasi putih,Fast Food,Food & Beverage,39500
2646,pepsodent,Groceries,Food & Beverage,51000
2647,redmi note,Electronics & Software,Lifestyle & Entertainment,3559000
2648,pot tanaman sekrup set bantal sofa kabel roll stop cat tembok lampu led artificial plant food container set,Home Improvement,Housing & Utilities,765000
2649,tepung segitiga biru nu green tea frisian flag uht roma kelapa sunlight lime,Groceries,Food & Beverage,92500
2650,bebek goreng cumi saus padang kwetiau siram sapi soto ayam capcay seafood,Restaurants,Food & Beverage,942700
2651,es cendol gurame bakar bebek goreng,Restaurants,Food & Beverage,556000
2652,bp,Gas & Fuel,Transportation,406000
2653,food container set sekrup set kabel roll stop cat tembok pisau dapur bantal sofa,Home Improvement,Housing & Utilities,732300
2654,cheesecake slice extra shot kopi susu gula aren almond croissant lychee tea,Coffee Shops,Food & Beverage,155000
2655,matcha latte chocolate ice,Coffee Shops,Food & Beverage,62500
2656,cumi saus padang service charge,Restaurants,Food & Beverage,77000
2657,good day cappuccino chitato sapi panggang piattos sapi panggang teh pucuk garam refina indomie goreng,Groceries,Food & Beverage,163200
2658,lisensi software bln powerbank,Electronics & Software,Lifestyle & Entertainment,435500
2659,chicken nugget sambal extra,Fast Food,Food & Beverage,179000
2660,filma minyak l nu green tea oreo vanilla ultra milk coklat,Groceries,Food & Beverage,57000
2661,roma kelapa piattos sapi panggang kecap bango,Groceries,Food & Beverage,68000
2662,jam dinding sekrup set,Home Improvement,Housing & Utilities,168000
2663,vitamin c mg tolak angin box bodrex flu batuk antangin cair panadol biru strip termometer digital,Health,Health & Personal Care,437000
2664,sosis so nice le minerale chitato sapi panggang frisian flag uht lifebuoy sabun batang aqua oreo vanilla nu green tea fiesta nugget,Groceries,Food & Beverage,284000
2665,sos pembersih lantai sabun cuci tangan,Household,Housing & Utilities,160000
2666,hansaplast paracetamol mg,Health,Health & Personal Care,24000
2667,paket ayam nasi ayam goreng crispy nasi putih,Fast Food,Food & Beverage,227000
2668,sambal extra spaghetti chicken,Fast Food,Food & Beverage,97400
2669,pertamax turbo,Gas & Fuel,Transportation,253000
2670,croissant butter banana bread extra shot oat milk,Coffee Shops,Food & Beverage,277200
2671,cola medium chicken popcorn spaghetti chicken burger cheese,Fast Food,Food & Beverage,86500
2672,pertalite,Gas & Fuel,Transportation,250000
2673,tiket ferry,Transportation,Transportation,315000
2674,es cendol bakso urat es teh manis gurame bakar capcay seafood soto ayam bebek goreng air mineral sop iga nasi goreng spesial,Restaurants,Food & Beverage,593000
2675,chitato sapi panggang le minerale mie sedaap soto beras ramos,Groceries,Food & Beverage,110000
2676,aqua bimoli l chitato sapi panggang kopi kapal api mix pepsodent garam refina kecap bango,Groceries,Food & Beverage,232000
2677,french fries nasi putih paket hemat ayam goreng crispy take away bag,Fast Food,Food & Beverage,176000
2678,filma minyak l ultra milk coklat beras ramos indomie goreng saus sambal abc nu green tea,Groceries,Food & Beverage,989000
2679,mie ayam jamur nasi goreng spesial,Restaurants,Food & Beverage,66000
2680,hand cream wardah lightening toner body mist vaseline body lotion azarine sunscreen,Beauty,Health & Personal Care,509400
2681,sambal extra chicken popcorn lemon tea paket burger combo spicy chicken wings burger cheese,Fast Food,Food & Beverage,201000
2682,termometer digital tolak angin box,Health,Health & Personal Care,111500
2683,paket hemat,Fast Food,Food & Beverage,25000
2684,molto pewangi sikat wc attack easy spon cuci piring rinso deterjen karbol wangi super pell kain pel,Household,Housing & Utilities,448300
2685,brownies extra shot,Coffee Shops,Food & Beverage,166000
2686,sambal extra,Fast Food,Food & Beverage,5000
2687,jeruk hangat service charge soto ayam es cendol bakso urat gurame bakar kwetiau siram sapi es teh manis,Restaurants,Food & Beverage,552000
2688,kwetiau siram sapi gurame bakar sop iga es cendol,Restaurants,Food & Beverage,641500
2689,oreo vanilla teh pucuk bimoli l silverqueen garam refina kopi kapal api mix sunlight lime chitato sapi panggang pop mie ayam,Groceries,Food & Beverage,181900
2690,komix jahe enervon c botol promag tablet,Health,Health & Personal Care,64000
2691,garnier micellar water ellips hair vitamin pixy bedak two way cake emina lip cream revlon lipstick,Beauty,Health & Personal Care,272000
2692,travel antarkota tiket bus akap,Transportation,Transportation,431000
2693,shell v power,Gas & Fuel,Transportation,135000
2694,revvo,Gas & Fuel,Transportation,496000
2695,aqua chitato sapi panggang pop mie ayam indomie goreng silverqueen,Groceries,Food & Beverage,102000
2696,sekrup set obeng set storage box l jam dinding organizer drawer talenan,Home Improvement,Housing & Utilities,626000
2697,bantal sofa cat tembok keran air,Home Improvement,Housing & Utilities,434000
2698,paracetamol mg obh combi betadine tolak angin box,Health,Health & Personal Care,115000
2699,shell v power,Gas & Fuel,Transportation,720000
2700,emina lip cream azarine sunscreen ellips hair vitamin wardah lightening toner,Beauty,Health & Personal Care,202900
2701,spaghetti chicken sambal extra chicken popcorn,Fast Food,Food & Beverage,84000
2702,cola medium nasi putih chicken nugget,Fast Food,Food & Beverage,108500
2703,silverqueen oreo vanilla indomie ayam bawang teh pucuk,Groceries,Food & Beverage,40500
2704,tissue nice s filma minyak l pop mie ayam bimoli l,Groceries,Food & Beverage,104000
2705,air mineral jeruk hangat capcay seafood gurame bakar kwetiau siram sapi bakso urat mie goreng jawa mie ayam jamur,Restaurants,Food & Beverage,623500
2706,garam refina roma kelapa frisian flag uht tissue nice s pop mie ayam nu green tea beras ramos,Groceries,Food & Beverage,522000
2707,cinnamon roll brownies caffe latte kopi susu gula aren chocolate ice extra shot banana bread matcha latte cappuccino iced americano,Coffee Shops,Food & Beverage,458700
2708,topi baseball,Apparel,Lifestyle & Entertainment,112000
2709,indomie goreng oreo vanilla garam refina nu green tea,Groceries,Food & Beverage,87500
2710,es kopi pandan oat milk,Coffee Shops,Food & Beverage,101000
2711,chicken nugget spicy chicken wings chicken popcorn,Fast Food,Food & Beverage,380600
2712,pixy bedak two way cake ponds face wash makarizo hair mask wardah lightening toner maybelline fit me,Beauty,Health & Personal Care,358000
2713,es cendol service charge sop iga nasi putih mie goreng jawa soto ayam,Restaurants,Food & Beverage,186000
2714,spaghetti chicken rice bowl chicken,Fast Food,Food & Beverage,59600
2715,masker medis tolak angin box vitamin c mg promag tablet sanmol tablet termometer digital enervon c botol hansaplast,Health,Health & Personal Care,473300
2716,lemon tea spicy chicken wings cola medium,Fast Food,Food & Beverage,50500
2717,pepsodent le minerale bimoli l oreo vanilla frisian flag uht roma kelapa,Groceries,Food & Beverage,103500
2718,burger cheese cola medium,Fast Food,Food & Beverage,128000
2719,promag tablet,Health,Health & Personal Care,17000
2720,rinso deterjen tissue paseo s sikat wc stella pengharum baygon aerosol,Household,Housing & Utilities,329000
2721,dimsum ayam gurame bakar air mineral sop iga bakso urat capcay seafood sate ayam tsk,Restaurants,Food & Beverage,802500
2722,kecap bango frisian flag uht tissue nice s,Groceries,Food & Beverage,75000
2723,bio solar,Gas & Fuel,Transportation,245000
2724,take away bag pudding chocolate chicken popcorn paket ayam nasi,Fast Food,Food & Beverage,162000
2725,yakult bimoli l silverqueen indomie goreng filma minyak l good day cappuccino,Groceries,Food & Beverage,110000
2726,plastik sampah x sos pembersih lantai attack easy spon cuci piring lap microfiber,Household,Housing & Utilities,139000
2727,enervon c botol antangin cair paracetamol mg obh combi,Health,Health & Personal Care,157000
2728,garam refina ultra milk coklat sosis so nice piattos sapi panggang filma minyak l,Groceries,Food & Beverage,180500
2729,nasi goreng spesial ayam bakar madu air mineral,Restaurants,Food & Beverage,191000
2730,sambal extra french fries spicy chicken wings nasi putih paket burger combo,Fast Food,Food & Beverage,184000
2731,skintific moisturizer,Beauty,Health & Personal Care,125000
2732,nasi putih nasi goreng spesial kwetiau siram sapi sate ayam tsk es teh manis gurame bakar mie goreng jawa bakso urat sop iga jeruk hangat,Restaurants,Food & Beverage,837800
2733,lychee tea croissant butter cheesecake slice,Coffee Shops,Food & Beverage,771500
2734,molto pewangi lap microfiber spon cuci piring attack easy sabun cuci tangan tissue paseo s,Household,Housing & Utilities,375000
2735,aqua kecap bango tissue nice s,Groceries,Food & Beverage,80000
2736,oppo a lisensi software bln webcam full hd,Electronics & Software,Lifestyle & Entertainment,3136000
2737,saus sambal abc ultra milk coklat piattos sapi panggang kecap bango garam refina,Groceries,Food & Beverage,71600
2738,minyak kayu putih termometer digital oralit sachet bodrex flu batuk betadine enervon c botol,Health,Health & Personal Care,203100
2739,pertamax turbo,Gas & Fuel,Transportation,615000
2740,burger cheese cola medium,Fast Food,Food & Beverage,43600
2741,lifebuoy sabun batang,Groceries,Food & Beverage,12000
2742,jeruk hangat bakso urat kwetiau siram sapi sop iga service charge,Restaurants,Food & Beverage,250500
2743,scarlett body scrub azarine sunscreen body mist ellips hair vitamin pixy bedak two way cake herborist body butter,Beauty,Health & Personal Care,352300
2744,roti tawar sari roti teh pucuk fiesta nugget,Groceries,Food & Beverage,138000
2745,cappuccino cinnamon roll banana bread,Coffee Shops,Food & Beverage,185000
2746,pop mie ayam teh pucuk nu green tea gula pasir walls cornetto yakult,Groceries,Food & Beverage,195900
2747,paket hemat spaghetti chicken burger cheese nasi putih sambal extra,Fast Food,Food & Beverage,626800
2748,caffe latte oat milk lychee tea kopi susu gula aren,Coffee Shops,Food & Beverage,118000
2749,le minerale roti tawar sari roti tissue nice s saus sambal abc piattos sapi panggang,Groceries,Food & Beverage,114400
2750,spanish latte es kopi pandan cheesecake slice iced americano,Coffee Shops,Food & Beverage,113000
2751,teh pucuk tissue nice s gula pasir aqua pepsodent kopi kapal api mix indomie goreng,Groceries,Food & Beverage,134500
2752,oat milk cinnamon roll lychee tea,Coffee Shops,Food & Beverage,93000
2753,sport bra,Apparel,Lifestyle & Entertainment,157000
2754,aqua chitato sapi panggang teh pucuk oreo vanilla mie sedaap soto garam refina,Groceries,Food & Beverage,98000
2755,pot tanaman cat tembok gantungan baju set pisau dapur food container set obeng set rak susun tingkat lampu led,Home Improvement,Housing & Utilities,996700
2756,good day cappuccino indomie ayam bawang mie sedaap soto bimoli l lifebuoy sabun batang,Groceries,Food & Beverage,175500
2757,cat tembok,Home Improvement,Housing & Utilities,95000
2758,redmi note usb hub port lisensi software bln flashdisk headset bluetooth,Electronics & Software,Lifestyle & Entertainment,4355000
2759,dimsum ayam jeruk hangat air mineral nasi goreng spesial mie ayam jamur,Restaurants,Food & Beverage,145000
2760,good day cappuccino walls cornetto tissue nice s,Groceries,Food & Beverage,66400
2761,sandal casual,Apparel,Lifestyle & Entertainment,245500
2762,bodrex flu batuk,Health,Health & Personal Care,11000
2763,roti tawar sari roti sunlight lime piattos sapi panggang pepsodent,Groceries,Food & Beverage,105000
2764,tissue paseo s lap microfiber sos pembersih lantai baygon aerosol attack easy karbol wangi super pell sikat wc sabun cuci tangan sunlight lime,Household,Housing & Utilities,632500
2765,hand cream herborist body butter ellips hair vitamin maybelline fit me ponds face wash garnier micellar water wardah lightening toner,Beauty,Health & Personal Care,419600
2766,bp,Gas & Fuel,Transportation,140000
2767,kemeja flanel,Apparel,Lifestyle & Entertainment,199000
2768,pb pudding chocolate,Fast Food,Food & Beverage,64000
2769,kopi kapal api mix filma minyak l frisian flag uht silverqueen nu green tea,Groceries,Food & Beverage,76500
2770,obeng set talenan pisau dapur keran air storage box l,Home Improvement,Housing & Utilities,551800
2771,sunlight lime lap microfiber sabun cuci tangan stella pengharum molto pewangi,Household,Housing & Utilities,605000
2772,cappuccino,Coffee Shops,Food & Beverage,248000
2773,vitamin c mg bodrex flu batuk obh combi minyak kayu putih,Health,Health & Personal Care,103500
2774,kopi kapal api mix sunlight lime frisian flag uht mie sedaap soto sosis so nice indomie ayam bawang pepsodent saus sambal abc,Groceries,Food & Beverage,170300
2775,pepsodent walls cornetto roti tawar sari roti,Groceries,Food & Beverage,67000
2776,pertamax,Gas & Fuel,Transportation,442000
2777,air mineral nasi goreng spesial sate ayam tsk bebek goreng ayam bakar madu,Restaurants,Food & Beverage,235500
2778,ice cream cone spaghetti chicken chicken popcorn paket ayam nasi rice bowl chicken spicy chicken wings paket burger combo nasi putih cola medium chicken nugget,Fast Food,Food & Beverage,700000
2779,dress wanita topi baseball,Apparel,Lifestyle & Entertainment,338500
2780,wardah lightening toner revlon lipstick emina lip cream scarlett body scrub somethinc serum ponds face wash,Beauty,Health & Personal Care,741000
2781,ice cream cone french fries nasi putih paket burger combo ayam goreng crispy cola medium,Fast Food,Food & Beverage,167500
2782,somethinc serum azarine sunscreen ellips hair vitamin revlon lipstick hand cream,Beauty,Health & Personal Care,376100
2783,termometer digital sanmol tablet obh combi komix jahe masker medis,Health,Health & Personal Care,143000
2784,kaos basic cotton jaket hoodie,Apparel,Lifestyle & Entertainment,597000
2785,plastik sampah x,Household,Housing & Utilities,29500
2786,lychee tea cheesecake slice,Coffee Shops,Food & Beverage,112000
2787,tolak angin box bodrex flu batuk hansaplast,Health,Health & Personal Care,58000
2788,bio solar,Gas & Fuel,Transportation,42000
2789,paket hemat chicken popcorn,Fast Food,Food & Beverage,79000
2790,karbol wangi baygon aerosol rinso deterjen,Household,Housing & Utilities,255000
2791,stella pengharum kain pel sikat wc sunlight lime molto pewangi attack easy lap microfiber tissue paseo s,Household,Housing & Utilities,393500
2792,charger fast lisensi software bln,Electronics & Software,Lifestyle & Entertainment,414000
2793,chitato sapi panggang saus sambal abc beras ramos lifebuoy sabun batang sosis so nice filma minyak l kopi kapal api mix telur ayam,Groceries,Food & Beverage,390000
2794,capcay seafood air mineral,Restaurants,Food & Beverage,230000
2795,es cendol gurame bakar air mineral cumi saus padang capcay seafood,Restaurants,Food & Beverage,648000
2796,kopi susu gula aren,Coffee Shops,Food & Beverage,40000
2797,baju anak legging sport,Apparel,Lifestyle & Entertainment,344500
2798,chicken popcorn french fries take away bag spaghetti chicken pudding chocolate ice cream cone ayam goreng crispy,Fast Food,Food & Beverage,441000
2799,paket ayam nasi burger cheese ayam goreng crispy rice bowl chicken,Fast Food,Food & Beverage,429000
2800,jeruk hangat es teh manis dimsum ayam,Restaurants,Food & Beverage,44000
2801,pertamax turbo,Gas & Fuel,Transportation,105000
2802,capcay seafood cumi saus padang mie goreng jawa service charge nasi putih,Restaurants,Food & Beverage,537500
2803,spaghetti chicken paket burger combo,Fast Food,Food & Beverage,144000
2804,beras ramos sunlight lime indomie goreng aqua,Groceries,Food & Beverage,100000
2805,plastik sampah x attack easy rinso deterjen stella pengharum lap microfiber kain pel,Household,Housing & Utilities,230900
2806,cumi saus padang nasi goreng spesial capcay seafood,Restaurants,Food & Beverage,141500
2807,good day cappuccino roma kelapa sosis so nice beras ramos fiesta nugget,Groceries,Food & Beverage,257600
2808,piattos sapi panggang walls cornetto pop mie ayam mie sedaap soto,Groceries,Food & Beverage,55000
2809,ultra milk coklat walls cornetto,Groceries,Food & Beverage,32000
2810,pertamax,Gas & Fuel,Transportation,481000
2811,food container set cat tembok,Home Improvement,Housing & Utilities,282000
2812,sandal casual celana chino jeans slim fit,Apparel,Lifestyle & Entertainment,645500
2813,banana bread oat milk tax resto kopi susu gula aren iced americano es kopi pandan,Coffee Shops,Food & Beverage,373000
2814,mie goreng jawa es cendol gurame bakar sate ayam tsk,Restaurants,Food & Beverage,514000
2815,walls cornetto piattos sapi panggang tepung segitiga biru indomie ayam bawang tissue nice s beras ramos mie sedaap soto le minerale roma kelapa oreo vanilla yakult sunlight lime,Groceries,Food & Beverage,309000
2816,tissue paseo s,Household,Housing & Utilities,54000
2817,rinso deterjen super pell attack easy sabun cuci tangan tissue paseo s kain pel,Household,Housing & Utilities,416000
2818,mie ayam jamur ayam bakar madu air mineral mie goreng jawa sate ayam tsk capcay seafood,Restaurants,Food & Beverage,302000
2819,parkir motor tiket ferry,Transportation,Transportation,94000
2820,jeruk hangat,Restaurants,Food & Beverage,9000
2821,pixy bedak two way cake body mist hand cream garnier micellar water maybelline fit me vaseline body lotion wardah lightening toner somethinc serum ponds face wash ellips hair vitamin,Beauty,Health & Personal Care,637000
2822,revlon lipstick garnier micellar water ponds face wash makarizo hair mask,Beauty,Health & Personal Care,267200
2823,revvo air mineral,Gas & Fuel,Transportation,193000
2824,pb es cendol gurame bakar,Restaurants,Food & Beverage,382800
2825,matcha latte caffe latte cappuccino almond croissant,Coffee Shops,Food & Beverage,283000
2826,baju anak sport bra,Apparel,Lifestyle & Entertainment,550000
2827,cumi saus padang es teh manis,Restaurants,Food & Beverage,57700
2828,ice cream cone ayam goreng crispy rice bowl chicken,Fast Food,Food & Beverage,133500
2829,oat milk chocolate ice,Coffee Shops,Food & Beverage,240000
2830,oreo vanilla telur ayam garam refina,Groceries,Food & Beverage,197000
2831,chitato sapi panggang filma minyak l,Groceries,Food & Beverage,110000
2832,dexlite,Gas & Fuel,Transportation,266000
2833,skintific moisturizer hand cream,Beauty,Health & Personal Care,180000
2834,ayam goreng crispy ice cream cone cola medium nasi putih chicken nugget paket hemat,Fast Food,Food & Beverage,232400
2835,sop iga,Restaurants,Food & Beverage,310000
2836,bio solar,Gas & Fuel,Transportation,301000
2837,sport bra,Apparel,Lifestyle & Entertainment,150000
2838,cumi saus padang mie ayam jamur,Restaurants,Food & Beverage,147000
2839,pertalite,Gas & Fuel,Transportation,350000
2840,cola medium take away bag rice bowl chicken ice cream cone spicy chicken wings,Fast Food,Food & Beverage,269000
2841,sosis so nice sunlight lime pepsodent gula pasir good day cappuccino roma kelapa,Groceries,Food & Beverage,135500
2842,ayam goreng crispy cola medium paket burger combo chicken popcorn paket ayam nasi rice bowl chicken,Fast Food,Food & Beverage,366500
2843,panadol biru strip masker medis,Health,Health & Personal Care,115500
2844,oreo vanilla sunlight lime ultra milk coklat,Groceries,Food & Beverage,48000
2845,sate ayam tsk sop iga mie goreng jawa,Restaurants,Food & Beverage,184500
2846,lisensi software bln usb hub port powerbank speaker bluetooth,Electronics & Software,Lifestyle & Entertainment,850500
2847,sikat wc sunlight lime stella pengharum sos pembersih lantai lap microfiber,Household,Housing & Utilities,268000
2848,organizer drawer obeng set,Home Improvement,Housing & Utilities,211000
2849,kopi kapal api mix oreo vanilla indomie goreng,Groceries,Food & Beverage,68500
2850,sos pembersih lantai baygon aerosol plastik sampah x tissue paseo s,Household,Housing & Utilities,350000
2851,enervon c botol hansaplast sanmol tablet promag tablet oralit sachet,Health,Health & Personal Care,110300
2852,pepsodent sosis so nice roti tawar sari roti beras ramos piattos sapi panggang tissue nice s yakult good day cappuccino oreo vanilla kopi kapal api mix,Groceries,Food & Beverage,325000
2853,nu green tea oreo vanilla good day cappuccino,Groceries,Food & Beverage,54000
2854,travel antarkota,Transportation,Transportation,765000
2855,nu green tea lifebuoy sabun batang kecap bango,Groceries,Food & Beverage,34000
2856,matcha latte croissant butter cheesecake slice iced americano lychee tea caffe latte extra shot spanish latte kopi susu gula aren es kopi pandan,Coffee Shops,Food & Beverage,426000
2857,obh combi,Health,Health & Personal Care,26000
2858,masker medis enervon c botol minyak kayu putih antangin cair betadine obh combi,Health,Health & Personal Care,412000
2859,walls cornetto gula pasir sosis so nice kopi kapal api mix pop mie ayam,Groceries,Food & Beverage,98200
2860,dress wanita,Apparel,Lifestyle & Entertainment,383000
2861,service charge kwetiau siram sapi bakso urat dimsum ayam air mineral soto ayam,Restaurants,Food & Beverage,291600
2862,anti gores hp mouse wireless powerbank,Electronics & Software,Lifestyle & Entertainment,526000
2863,tiket mrt jakarta,Transportation,Transportation,27000
2864,air mineral pb es teh manis,Restaurants,Food & Beverage,31500
2865,lisensi software bln oppo a usb hub port memory card,Electronics & Software,Lifestyle & Entertainment,3198300
2866,pertamax turbo,Gas & Fuel,Transportation,32000
2867,headset bluetooth usb hub port,Electronics & Software,Lifestyle & Entertainment,449000
2868,fiesta nugget lifebuoy sabun batang roti tawar sari roti telur ayam piattos sapi panggang yakult,Groceries,Food & Beverage,333000
2869,es teh manis kwetiau siram sapi service charge,Restaurants,Food & Beverage,80600
2870,frisian flag uht,Groceries,Food & Beverage,18000
2871,le minerale sunlight lime,Groceries,Food & Beverage,28000
2872,pertamax,Gas & Fuel,Transportation,297000
2873,chitato sapi panggang nu green tea garam refina roma kelapa lifebuoy sabun batang kecap bango,Groceries,Food & Beverage,154300
2874,saus sambal abc yakult roma kelapa lifebuoy sabun batang gula pasir indomie goreng,Groceries,Food & Beverage,315000
2875,sunlight lime kopi kapal api mix,Groceries,Food & Beverage,11600
2876,dexlite,Gas & Fuel,Transportation,490000
2877,garam refina mie sedaap soto piattos sapi panggang indomie goreng kecap bango silverqueen nu green tea yakult roti tawar sari roti frisian flag uht saus sambal abc kopi kapal api mix,Groceries,Food & Beverage,328500
2878,sport bra kaos basic cotton,Apparel,Lifestyle & Entertainment,221000
2879,shell super,Gas & Fuel,Transportation,441000
2880,spon cuci piring baygon aerosol kain pel lap microfiber sikat wc karbol wangi sunlight lime sos pembersih lantai super pell,Household,Housing & Utilities,576500
2881,croissant butter matcha latte chocolate ice lychee tea iced americano es kopi pandan caffe latte,Coffee Shops,Food & Beverage,481500
2882,capcay seafood kwetiau siram sapi sate ayam tsk jeruk hangat mie goreng jawa bebek goreng,Restaurants,Food & Beverage,473900
2883,telur ayam nu green tea,Groceries,Food & Beverage,39000
2884,garam refina,Groceries,Food & Beverage,6000
2885,paracetamol mg tolak angin box,Health,Health & Personal Care,62000
2886,mie ayam jamur service charge es cendol,Restaurants,Food & Beverage,205000
2887,redmi note oppo a,Electronics & Software,Lifestyle & Entertainment,5510500
2888,gula pasir roma kelapa pop mie ayam filma minyak l,Groceries,Food & Beverage,98200
2889,tax resto ayam bakar madu,Restaurants,Food & Beverage,49000
2890,tolak angin box termometer digital hansaplast minyak kayu putih,Health,Health & Personal Care,145000
2891,tiket kereta ekonomi tiket mrt jakarta tol jakarta cikampek,Transportation,Transportation,302500
2892,sekrup set food container set pisau dapur organizer drawer keran air pot tanaman talenan obeng set,Home Improvement,Housing & Utilities,610000
2893,ice cream cone french fries,Fast Food,Food & Beverage,70500
2894,baygon aerosol tissue paseo s spon cuci piring sunlight lime stella pengharum lap microfiber super pell,Household,Housing & Utilities,529500
2895,dexlite,Gas & Fuel,Transportation,210000
2896,bimoli l pop mie ayam nu green tea fiesta nugget silverqueen garam refina kopi kapal api mix mie sedaap soto frisian flag uht tissue nice s,Groceries,Food & Beverage,382000
2897,bodrex flu batuk masker medis vitamin c mg,Health,Health & Personal Care,85500
2898,croissant butter cheesecake slice almond croissant lychee tea chocolate ice spanish latte cappuccino banana bread,Coffee Shops,Food & Beverage,521000
2899,brownies iced americano cappuccino cheesecake slice kopi susu gula aren,Coffee Shops,Food & Beverage,302800
2900,pertamax turbo,Gas & Fuel,Transportation,341000
2901,tol dalam kota,Transportation,Transportation,13400
2902,banana bread cheesecake slice brownies croissant butter extra shot matcha latte,Coffee Shops,Food & Beverage,334500
2903,jeruk hangat cumi saus padang es cendol,Restaurants,Food & Beverage,137800
2904,parkir motor tiket ferry parkir mobil tiket kereta ekonomi tiket mrt jakarta,Transportation,Transportation,350400
2905,es teh manis bebek goreng mie ayam jamur ayam bakar madu nasi putih,Restaurants,Food & Beverage,381000
2906,cinnamon roll lychee tea croissant butter oat milk,Coffee Shops,Food & Beverage,253100
2907,sosis so nice indomie ayam bawang chitato sapi panggang telur ayam sunlight lime tepung segitiga biru gula pasir,Groceries,Food & Beverage,234500
2908,nasi putih take away bag burger cheese paket burger combo chicken popcorn service charge,Fast Food,Food & Beverage,265000
2909,sunlight lime silverqueen oreo vanilla tissue nice s walls cornetto,Groceries,Food & Beverage,104500
2910,es cendol nasi goreng spesial service charge,Restaurants,Food & Beverage,81000
2911,es kopi pandan cheesecake slice banana bread almond croissant,Coffee Shops,Food & Beverage,276100
2912,vitamin c mg betadine promag tablet,Health,Health & Personal Care,90000
2913,dress wanita kaos basic cotton kemeja flanel,Apparel,Lifestyle & Entertainment,1011000
2914,mie sedaap soto gula pasir beras ramos good day cappuccino lifebuoy sabun batang silverqueen,Groceries,Food & Beverage,283500
2915,aqua walls cornetto sunlight lime garam refina silverqueen roma kelapa kecap bango,Groceries,Food & Beverage,166000
2916,yakult telur ayam beras ramos ultra milk coklat walls cornetto chitato sapi panggang,Groceries,Food & Beverage,564000
2917,soto ayam mie ayam jamur ayam bakar madu nasi goreng spesial air mineral dimsum ayam service charge sate ayam tsk,Restaurants,Food & Beverage,274000
2918,webcam full hd charger fast,Electronics & Software,Lifestyle & Entertainment,1012000
2919,paket burger combo burger cheese spaghetti chicken,Fast Food,Food & Beverage,119000
2920,bakso urat nasi putih mie ayam jamur,Restaurants,Food & Beverage,131000
2921,pepsodent beras ramos teh pucuk sunlight lime,Groceries,Food & Beverage,118600
2922,spanish latte almond croissant oat milk,Coffee Shops,Food & Beverage,147000
2923,baygon aerosol sikat wc sunlight lime,Household,Housing & Utilities,170200
2924,revvo,Gas & Fuel,Transportation,26000
2925,telur ayam roti tawar sari roti nu green tea fiesta nugget indomie ayam bawang gula pasir pop mie ayam piattos sapi panggang filma minyak l,Groceries,Food & Beverage,288500
2926,revvo,Gas & Fuel,Transportation,203000
2927,sosis so nice roma kelapa saus sambal abc tepung segitiga biru aqua,Groceries,Food & Beverage,238400
2928,super pell sikat wc attack easy kain pel stella pengharum sunlight lime rinso deterjen sabun cuci tangan tissue paseo s molto pewangi,Household,Housing & Utilities,517900
2929,take away bag spicy chicken wings burger cheese french fries ice cream cone,Fast Food,Food & Beverage,202700
2930,shell v power,Gas & Fuel,Transportation,308000
2931,telur ayam sosis so nice,Groceries,Food & Beverage,72000
2932,skintific moisturizer,Beauty,Health & Personal Care,95000
2933,kwetiau siram sapi mie goreng jawa tax resto jeruk hangat bebek goreng,Restaurants,Food & Beverage,136400
2934,tissue nice s tepung segitiga biru beras ramos ultra milk coklat yakult oreo vanilla filma minyak l garam refina piattos sapi panggang teh pucuk,Groceries,Food & Beverage,570400
2935,chitato sapi panggang,Groceries,Food & Beverage,12000
2936,roma kelapa saus sambal abc walls cornetto indomie ayam bawang,Groceries,Food & Beverage,73000
2937,chicken nugget nasi putih take away bag,Fast Food,Food & Beverage,40000
2938,pop mie ayam chitato sapi panggang indomie ayam bawang telur ayam mie sedaap soto,Groceries,Food & Beverage,97000
2939,oat milk almond croissant croissant butter es kopi pandan spanish latte,Coffee Shops,Food & Beverage,254500
2940,revlon lipstick makarizo hair mask somethinc serum,Beauty,Health & Personal Care,450000
2941,tepung segitiga biru piattos sapi panggang tissue nice s mie sedaap soto indomie ayam bawang garam refina le minerale pepsodent ultra milk coklat,Groceries,Food & Beverage,105500
2942,tissue nice s filma minyak l kopi kapal api mix,Groceries,Food & Beverage,53000
2943,service charge jeruk hangat kwetiau siram sapi capcay seafood ayam bakar madu nasi putih mie ayam jamur nasi goreng spesial es teh manis bebek goreng,Restaurants,Food & Beverage,809000
2944,silverqueen yakult lifebuoy sabun batang frisian flag uht kopi kapal api mix sunlight lime kecap bango pepsodent ultra milk coklat,Groceries,Food & Beverage,427600
2945,ice cream cone nasi putih,Fast Food,Food & Beverage,62900
2946,hand cream azarine sunscreen ponds face wash makarizo hair mask,Beauty,Health & Personal Care,194000
2947,sambal extra paket burger combo pudding chocolate paket hemat ice cream cone,Fast Food,Food & Beverage,432000
2948,soto ayam,Restaurants,Food & Beverage,24000
2949,lychee tea cappuccino extra shot,Coffee Shops,Food & Beverage,163500
2950,telur ayam lifebuoy sabun batang indomie goreng roma kelapa nu green tea,Groceries,Food & Beverage,89000
2951,pertamax turbo,Gas & Fuel,Transportation,326000
2952,azarine sunscreen,Beauty,Health & Personal Care,56000
2953,betadine minyak kayu putih hansaplast,Health,Health & Personal Care,126000
2954,parkir mobil,Transportation,Transportation,18000
2955,baygon aerosol tissue paseo s rinso deterjen sabun cuci tangan spon cuci piring kain pel lap microfiber attack easy,Household,Housing & Utilities,572000
2956,pisau dapur cat tembok artificial plant kabel roll stop bantal sofa,Home Improvement,Housing & Utilities,794000
2957,chicken nugget chicken popcorn pudding chocolate french fries paket hemat ayam goreng crispy nasi putih,Fast Food,Food & Beverage,209000
2958,revvo,Gas & Fuel,Transportation,448000
2959,sate ayam tsk kwetiau siram sapi ayam bakar madu mie goreng jawa,Restaurants,Food & Beverage,336400
2960,pertamax turbo,Gas & Fuel,Transportation,390000
2961,enervon c botol oralit sachet,Health,Health & Personal Care,57500
2962,nasi putih sop iga cumi saus padang bebek goreng ayam bakar madu,Restaurants,Food & Beverage,744000
2963,food container set talenan cat tembok obeng set keran air pot tanaman rak susun tingkat organizer drawer,Home Improvement,Housing & Utilities,1306400
2964,chicken nugget sambal extra,Fast Food,Food & Beverage,135000
2965,gantungan baju set pisau dapur kabel roll stop food container set,Home Improvement,Housing & Utilities,509500
2966,gula pasir indomie ayam bawang lifebuoy sabun batang ultra milk coklat roma kelapa teh pucuk bimoli l beras ramos pepsodent,Groceries,Food & Beverage,172500
2967,sate ayam tsk es cendol cumi saus padang capcay seafood service charge,Restaurants,Food & Beverage,989000
2968,karbol wangi plastik sampah x attack easy sabun cuci tangan stella pengharum lap microfiber molto pewangi rinso deterjen,Household,Housing & Utilities,522900
2969,legging sport,Apparel,Lifestyle & Entertainment,228000
2970,paket ayam nasi pudding chocolate rice bowl chicken,Fast Food,Food & Beverage,139000
2971,es cendol air mineral,Restaurants,Food & Beverage,27000
2972,minyak kayu putih,Health,Health & Personal Care,95000
2973,sosis so nice tepung segitiga biru walls cornetto telur ayam chitato sapi panggang yakult good day cappuccino tissue nice s piattos sapi panggang garam refina kecap bango ultra milk coklat,Groceries,Food & Beverage,332200
2974,french fries take away bag,Fast Food,Food & Beverage,25700
2975,spanish latte caffe latte cappuccino brownies oat milk,Coffee Shops,Food & Beverage,207500
2976,komix jahe tolak angin box obh combi,Health,Health & Personal Care,75000
2977,storage box l bantal sofa cat tembok rak susun tingkat,Home Improvement,Housing & Utilities,610000
2978,oralit sachet minyak kayu putih,Health,Health & Personal Care,42000
2979,chitato sapi panggang aqua walls cornetto pepsodent,Groceries,Food & Beverage,162000
2980,jam dinding lampu led kabel roll stop sekrup set,Home Improvement,Housing & Utilities,365500
2981,roma kelapa filma minyak l pepsodent indomie goreng telur ayam chitato sapi panggang pop mie ayam fiesta nugget oreo vanilla ultra milk coklat,Groceries,Food & Beverage,388800
2982,keyboard usb charger fast memory card usb hub port,Electronics & Software,Lifestyle & Entertainment,867000
2983,paket burger combo,Fast Food,Food & Beverage,55000
2984,masker medis panadol biru strip oralit sachet,Health,Health & Personal Care,63000
2985,tax resto sambal extra chicken popcorn chicken nugget,Fast Food,Food & Beverage,155000
2986,sos pembersih lantai super pell,Household,Housing & Utilities,101500
2987,cola medium burger cheese,Fast Food,Food & Beverage,66000
2988,lifebuoy sabun batang chitato sapi panggang pepsodent roti tawar sari roti garam refina aqua,Groceries,Food & Beverage,175000
2989,banana bread croissant butter es kopi pandan,Coffee Shops,Food & Beverage,90200
2990,pertamax,Gas & Fuel,Transportation,181000
2991,pertamax,Gas & Fuel,Transportation,266000
2992,indomie ayam bawang silverqueen,Groceries,Food & Beverage,87000
2993,body mist maybelline fit me skintific moisturizer ellips hair vitamin hand cream scarlett body scrub garnier micellar water emina lip cream,Beauty,Health & Personal Care,953500
2994,spanish latte oat milk,Coffee Shops,Food & Beverage,45000
2995,spon cuci piring kain pel karbol wangi,Household,Housing & Utilities,213000
2996,pertamax turbo,Gas & Fuel,Transportation,333500
2997,pertalite,Gas & Fuel,Transportation,320000
2998,baygon aerosol wipol sabun cuci tangan kain pel,Household,Housing & Utilities,314100
2999,cola medium rice bowl chicken ice cream cone burger cheese sambal extra chicken popcorn paket ayam nasi,Fast Food,Food & Beverage,179500
3000,shell v power,Gas & Fuel,Transportation,208000
3001,tolak angin box komix jahe hansaplast panadol biru strip oralit sachet vitamin c mg,Health,Health & Personal Care,186000
3002,dimsum ayam,Restaurants,Food & Beverage,63000
3003,cheesecake slice cappuccino spanish latte,Coffee Shops,Food & Beverage,592000
3004,powerbank kabel data type c,Electronics & Software,Lifestyle & Entertainment,215000
3005,pertalite,Gas & Fuel,Transportation,60000
3006,sosis so nice garam refina le minerale nu green tea telur ayam yakult sunlight lime,Groceries,Food & Beverage,159000
3007,paket ayam nasi ice cream cone french fries cola medium chicken nugget rice bowl chicken,Fast Food,Food & Beverage,499000
3008,skintific moisturizer garnier micellar water hand cream vaseline body lotion pixy bedak two way cake ponds face wash revlon lipstick somethinc serum wardah lightening toner herborist body butter,Beauty,Health & Personal Care,1151500
3009,paket hemat pudding chocolate burger cheese spicy chicken wings sambal extra cola medium,Fast Food,Food & Beverage,343500
3010,pudding chocolate lemon tea french fries,Fast Food,Food & Beverage,72900
3011,tiket pesawat domestik,Transportation,Transportation,2873200
3012,kabel roll stop lampu led pisau dapur rak susun tingkat,Home Improvement,Housing & Utilities,500200
3013,paket ayam nasi rice bowl chicken ice cream cone nasi putih french fries lemon tea take away bag,Fast Food,Food & Beverage,186800
3014,tissue nice s le minerale roti tawar sari roti,Groceries,Food & Beverage,37600
3015,piattos sapi panggang oreo vanilla bimoli l fiesta nugget kopi kapal api mix,Groceries,Food & Beverage,80500
3016,fiesta nugget sunlight lime silverqueen sosis so nice teh pucuk roti tawar sari roti le minerale,Groceries,Food & Beverage,317700
3017,sos pembersih lantai plastik sampah x stella pengharum sabun cuci tangan lap microfiber,Household,Housing & Utilities,186600
3018,charger fast,Electronics & Software,Lifestyle & Entertainment,317000
3019,somethinc serum wardah lightening toner vaseline body lotion azarine sunscreen,Beauty,Health & Personal Care,364000
3020,lychee tea banana bread spanish latte caffe latte,Coffee Shops,Food & Beverage,305500
3021,shell v power,Gas & Fuel,Transportation,255000
3022,lemon tea ice cream cone ayam goreng crispy french fries nasi putih,Fast Food,Food & Beverage,175000
3023,oat milk,Coffee Shops,Food & Beverage,11000
3024,bantal sofa keran air gantungan baju set lampu led talenan,Home Improvement,Housing & Utilities,383000
3025,fiesta nugget kopi kapal api mix tissue nice s walls cornetto sosis so nice saus sambal abc,Groceries,Food & Beverage,145000
3026,gantungan baju set food container set pisau dapur rak susun tingkat bantal sofa,Home Improvement,Housing & Utilities,678000
3027,filma minyak l pop mie ayam teh pucuk kecap bango telur ayam mie sedaap soto sunlight lime sosis so nice oreo vanilla ultra milk coklat,Groceries,Food & Beverage,380600
3028,spon cuci piring super pell karbol wangi sunlight lime lap microfiber,Household,Housing & Utilities,218000
3029,paket ayam nasi french fries pudding chocolate rice bowl chicken spicy chicken wings chicken nugget chicken popcorn sambal extra cola medium nasi putih,Fast Food,Food & Beverage,563000
3030,es teh manis gurame bakar,Restaurants,Food & Beverage,426000
3031,chocolate ice brownies cheesecake slice oat milk,Coffee Shops,Food & Beverage,159500
3032,chitato sapi panggang lifebuoy sabun batang kecap bango,Groceries,Food & Beverage,92000
3033,lemon tea,Fast Food,Food & Beverage,13000
3034,vaseline body lotion revlon lipstick ponds face wash azarine sunscreen emina lip cream somethinc serum makarizo hair mask,Beauty,Health & Personal Care,483000
3035,mie sedaap soto gula pasir,Groceries,Food & Beverage,207500
3036,es cendol sate ayam tsk,Restaurants,Food & Beverage,70000
3037,hansaplast masker medis paracetamol mg,Health,Health & Personal Care,64500
3038,pertamax,Gas & Fuel,Transportation,602000
3039,ice cream cone pudding chocolate burger cheese take away bag chicken popcorn spicy chicken wings,Fast Food,Food & Beverage,153500
3040,beras ramos piattos sapi panggang,Groceries,Food & Beverage,105000
3041,silverqueen mie sedaap soto indomie ayam bawang tepung segitiga biru chitato sapi panggang kopi kapal api mix fiesta nugget,Groceries,Food & Beverage,238500
3042,walls cornetto silverqueen piattos sapi panggang lifebuoy sabun batang,Groceries,Food & Beverage,329000
3043,sunlight lime telur ayam le minerale filma minyak l,Groceries,Food & Beverage,202000
3044,redmi note memory card flashdisk lisensi software bln,Electronics & Software,Lifestyle & Entertainment,8973700
3045,roti tawar sari roti silverqueen le minerale kopi kapal api mix telur ayam,Groceries,Food & Beverage,150200
3046,es teh manis sate ayam tsk mie ayam jamur cumi saus padang kwetiau siram sapi,Restaurants,Food & Beverage,494000
3047,maybelline fit me body mist vaseline body lotion skintific moisturizer,Beauty,Health & Personal Care,371500
3048,frisian flag uht indomie ayam bawang pop mie ayam beras ramos aqua,Groceries,Food & Beverage,231000
3049,telur ayam yakult pop mie ayam sosis so nice frisian flag uht,Groceries,Food & Beverage,158000
3050,nu green tea sunlight lime filma minyak l walls cornetto roma kelapa,Groceries,Food & Beverage,101000
3051,take away bag chicken nugget pudding chocolate spaghetti chicken cola medium chicken popcorn,Fast Food,Food & Beverage,229000
3052,body mist revlon lipstick maybelline fit me scarlett body scrub,Beauty,Health & Personal Care,498000
3053,lemon tea chicken popcorn sambal extra,Fast Food,Food & Beverage,87000
3054,gurame bakar capcay seafood bakso urat,Restaurants,Food & Beverage,454500
3055,chocolate ice caffe latte croissant butter,Coffee Shops,Food & Beverage,130000
3056,paket ayam nasi,Fast Food,Food & Beverage,133200
3057,spaghetti chicken,Fast Food,Food & Beverage,138000
3058,bp,Gas & Fuel,Transportation,546000
3059,minyak kayu putih panadol biru strip enervon c botol,Health,Health & Personal Care,109000
3060,french fries paket hemat paket burger combo rice bowl chicken cola medium spaghetti chicken chicken nugget,Fast Food,Food & Beverage,491200
3061,roma kelapa sunlight lime indomie ayam bawang teh pucuk garam refina sosis so nice tepung segitiga biru saus sambal abc,Groceries,Food & Beverage,230800
3062,beras ramos bimoli l sunlight lime piattos sapi panggang,Groceries,Food & Beverage,234800
3063,pot tanaman artificial plant bantal sofa,Home Improvement,Housing & Utilities,330000
3064,usb hub port flashdisk lisensi software bln memory card,Electronics & Software,Lifestyle & Entertainment,459900
3065,memory card keyboard usb usb hub port,Electronics & Software,Lifestyle & Entertainment,506000
3066,caffe latte cinnamon roll lychee tea cappuccino iced americano almond croissant oat milk spanish latte,Coffee Shops,Food & Beverage,556500
3067,nasi putih bakso urat dimsum ayam es cendol,Restaurants,Food & Beverage,170000
3068,paket hemat,Fast Food,Food & Beverage,87000
3069,revlon lipstick somethinc serum,Beauty,Health & Personal Care,274000
3070,webcam full hd flashdisk,Electronics & Software,Lifestyle & Entertainment,1009000
3071,spicy chicken wings spaghetti chicken nasi putih rice bowl chicken,Fast Food,Food & Beverage,107000
3072,pepsodent telur ayam yakult kecap bango saus sambal abc fiesta nugget,Groceries,Food & Beverage,331500
3073,jeruk hangat cumi saus padang nasi putih,Restaurants,Food & Beverage,139000
3074,oralit sachet promag tablet termometer digital obh combi betadine masker medis komix jahe,Health,Health & Personal Care,213000
3075,herborist body butter vaseline body lotion,Beauty,Health & Personal Care,92000
3076,mouse wireless,Electronics & Software,Lifestyle & Entertainment,186000
3077,pot tanaman obeng set rak susun tingkat food container set,Home Improvement,Housing & Utilities,457000
3078,scarlett body scrub skintific moisturizer somethinc serum hand cream ellips hair vitamin maybelline fit me pixy bedak two way cake,Beauty,Health & Personal Care,533800
3079,indomie goreng pop mie ayam ultra milk coklat beras ramos kopi kapal api mix roti tawar sari roti teh pucuk frisian flag uht,Groceries,Food & Beverage,120200
3080,cappuccino service charge caffe latte oat milk brownies,Coffee Shops,Food & Beverage,107600
3081,makarizo hair mask ellips hair vitamin ponds face wash vaseline body lotion emina lip cream body mist herborist body butter revlon lipstick azarine sunscreen skintific moisturizer,Beauty,Health & Personal Care,1194500
3082,french fries cola medium sambal extra take away bag paket burger combo,Fast Food,Food & Beverage,102500
3083,bp,Gas & Fuel,Transportation,360000
3084,bakso urat nasi goreng spesial es teh manis mie goreng jawa,Restaurants,Food & Beverage,215400
3085,yakult beras ramos,Groceries,Food & Beverage,114000
3086,sate ayam tsk service charge cumi saus padang mie ayam jamur jeruk hangat es teh manis nasi putih dimsum ayam es cendol ayam bakar madu,Restaurants,Food & Beverage,583700
3087,sunlight lime rinso deterjen super pell sos pembersih lantai wipol baygon aerosol,Household,Housing & Utilities,492000
3088,shell super,Gas & Fuel,Transportation,386000
3089,brownies extra shot,Coffee Shops,Food & Beverage,252000
3090,iced americano croissant butter almond croissant chocolate ice,Coffee Shops,Food & Beverage,137200
3091,tax resto cola medium,Fast Food,Food & Beverage,67200
3092,spicy chicken wings,Fast Food,Food & Beverage,39000
3093,paket ayam nasi ayam goreng crispy paket hemat,Fast Food,Food & Beverage,109000
3094,dexlite,Gas & Fuel,Transportation,210000
3095,paket burger combo,Fast Food,Food & Beverage,62000
3096,piattos sapi panggang kopi kapal api mix sosis so nice tissue nice s beras ramos indomie goreng chitato sapi panggang,Groceries,Food & Beverage,265500
3097,samsung a,Electronics & Software,Lifestyle & Entertainment,7344000
3098,nu green tea tissue nice s good day cappuccino roti tawar sari roti aqua,Groceries,Food & Beverage,62900
3099,jam dinding pisau dapur storage box l talenan,Home Improvement,Housing & Utilities,486100
3100,piattos sapi panggang garam refina kecap bango yakult le minerale kopi kapal api mix,Groceries,Food & Beverage,132500
3101,tiket bus akap tiket krl,Transportation,Transportation,212000
3102,almond croissant kopi susu gula aren matcha latte oat milk caffe latte cinnamon roll chocolate ice,Coffee Shops,Food & Beverage,526000
3103,aqua mie sedaap soto sunlight lime teh pucuk silverqueen yakult lifebuoy sabun batang oreo vanilla fiesta nugget kopi kapal api mix beras ramos pop mie ayam saus sambal abc kecap bango roma kelapa,Groceries,Food & Beverage,503900
3104,chicken nugget,Fast Food,Food & Beverage,60000
3105,ikat pinggang,Apparel,Lifestyle & Entertainment,126000
3106,silverqueen sosis so nice,Groceries,Food & Beverage,120000
3107,ice cream cone take away bag chicken nugget,Fast Food,Food & Beverage,155000
3108,tiket bus transjakarta,Transportation,Transportation,6000
3109,fiesta nugget aqua silverqueen gula pasir indomie goreng,Groceries,Food & Beverage,123500
3110,rinso deterjen sunlight lime spon cuci piring sikat wc sos pembersih lantai tissue paseo s baygon aerosol plastik sampah x,Household,Housing & Utilities,506000
3111,pot tanaman,Home Improvement,Housing & Utilities,52000
3112,kain pel,Household,Housing & Utilities,17000
3113,cola medium chicken popcorn ayam goreng crispy lemon tea ice cream cone sambal extra french fries pudding chocolate nasi putih chicken nugget,Fast Food,Food & Beverage,427900
3114,frisian flag uht good day cappuccino roti tawar sari roti piattos sapi panggang tepung segitiga biru,Groceries,Food & Beverage,84500
3115,take away bag,Fast Food,Food & Beverage,6000
3116,frisian flag uht tissue nice s filma minyak l aqua lifebuoy sabun batang pepsodent mie sedaap soto piattos sapi panggang pop mie ayam chitato sapi panggang yakult tepung segitiga biru ultra milk coklat sosis so nice fiesta nugget,Groceries,Food & Beverage,435500
3117,cappuccino kopi susu gula aren lychee tea cheesecake slice chocolate ice oat milk banana bread spanish latte,Coffee Shops,Food & Beverage,503200
3118,filma minyak l garam refina roti tawar sari roti lifebuoy sabun batang roma kelapa good day cappuccino kopi kapal api mix sosis so nice piattos sapi panggang,Groceries,Food & Beverage,341300
3119,garam refina roma kelapa filma minyak l,Groceries,Food & Beverage,85000
3120,bimoli l indomie goreng,Groceries,Food & Beverage,22000
3121,nu green tea roma kelapa tissue nice s chitato sapi panggang teh pucuk frisian flag uht saus sambal abc,Groceries,Food & Beverage,203000
3122,ponds face wash scarlett body scrub wardah lightening toner garnier micellar water hand cream revlon lipstick somethinc serum,Beauty,Health & Personal Care,466100
3123,chitato sapi panggang sosis so nice garam refina aqua pop mie ayam,Groceries,Food & Beverage,132500
3124,kwetiau siram sapi capcay seafood es teh manis soto ayam dimsum ayam es cendol mie goreng jawa bakso urat,Restaurants,Food & Beverage,389000
3125,lemon tea chicken popcorn paket hemat paket ayam nasi tax resto,Fast Food,Food & Beverage,388000
3126,saus sambal abc bimoli l sosis so nice,Groceries,Food & Beverage,97000
3127,service charge kwetiau siram sapi sop iga soto ayam,Restaurants,Food & Beverage,853000
3128,roti tawar sari roti walls cornetto le minerale nu green tea,Groceries,Food & Beverage,123000
3129,pudding chocolate chicken nugget ayam goreng crispy lemon tea,Fast Food,Food & Beverage,148000
3130,pb sate ayam tsk kwetiau siram sapi soto ayam bebek goreng jeruk hangat sop iga gurame bakar,Restaurants,Food & Beverage,955000
3131,talenan cat tembok keran air sekrup set organizer drawer pisau dapur kabel roll stop,Home Improvement,Housing & Utilities,834000
3132,molto pewangi wipol super pell stella pengharum sabun cuci tangan,Household,Housing & Utilities,131000
3133,paket hemat sambal extra rice bowl chicken french fries,Fast Food,Food & Beverage,320000
3134,jeruk hangat sop iga soto ayam dimsum ayam cumi saus padang es cendol air mineral es teh manis,Restaurants,Food & Beverage,388000
3135,tiket bus transjakarta travel antarkota tol dalam kota,Transportation,Transportation,189500
3136,take away bag chicken nugget ice cream cone french fries,Fast Food,Food & Beverage,66500
3137,vitamin c mg masker medis enervon c botol,Health,Health & Personal Care,162000
3138,cumi saus padang nasi putih es cendol,Restaurants,Food & Beverage,109000
3139,mie sedaap soto,Groceries,Food & Beverage,3000
3140,pertamax turbo,Gas & Fuel,Transportation,368000
3141,rice bowl chicken paket hemat cola medium spaghetti chicken chicken nugget paket ayam nasi,Fast Food,Food & Beverage,357000
3142,nasi goreng spesial ayam bakar madu service charge sop iga mie ayam jamur kwetiau siram sapi,Restaurants,Food & Beverage,473500
3143,indomie ayam bawang saus sambal abc garam refina,Groceries,Food & Beverage,40000
3144,garam refina walls cornetto kopi kapal api mix good day cappuccino oreo vanilla,Groceries,Food & Beverage,42200
3145,revlon lipstick ponds face wash skintific moisturizer,Beauty,Health & Personal Care,269500
3146,indomie ayam bawang bimoli l kopi kapal api mix piattos sapi panggang filma minyak l,Groceries,Food & Beverage,61600
3147,spicy chicken wings burger cheese pudding chocolate lemon tea paket burger combo,Fast Food,Food & Beverage,259000
3148,jeruk hangat bebek goreng nasi goreng spesial sate ayam tsk air mineral,Restaurants,Food & Beverage,165000
3149,aqua roti tawar sari roti fiesta nugget bimoli l silverqueen good day cappuccino mie sedaap soto ultra milk coklat lifebuoy sabun batang filma minyak l,Groceries,Food & Beverage,218000
3150,caffe latte service charge brownies,Coffee Shops,Food & Beverage,84000
3151,storage box l jam dinding cat tembok food container set organizer drawer kabel roll stop gantungan baju set bantal sofa obeng set,Home Improvement,Housing & Utilities,1343200
3152,gula pasir indomie goreng aqua kecap bango,Groceries,Food & Beverage,48500
3153,pepsodent frisian flag uht pop mie ayam,Groceries,Food & Beverage,99500
3154,molto pewangi plastik sampah x sunlight lime tissue paseo s attack easy kain pel sos pembersih lantai wipol lap microfiber,Household,Housing & Utilities,886000
3155,roma kelapa indomie ayam bawang walls cornetto,Groceries,Food & Beverage,46000
3156,iced americano croissant butter,Coffee Shops,Food & Beverage,58500
3157,ellips hair vitamin scarlett body scrub,Beauty,Health & Personal Care,90000
3158,saus sambal abc,Groceries,Food & Beverage,32000
3159,paket ayam nasi sambal extra french fries take away bag nasi putih,Fast Food,Food & Beverage,89700
3160,lifebuoy sabun batang yakult nu green tea teh pucuk,Groceries,Food & Beverage,64500
3161,ultra milk coklat bimoli l silverqueen telur ayam walls cornetto indomie ayam bawang saus sambal abc,Groceries,Food & Beverage,417000
3162,lemon tea chicken nugget rice bowl chicken paket ayam nasi chicken popcorn,Fast Food,Food & Beverage,140500
3163,extra shot cheesecake slice lychee tea chocolate ice,Coffee Shops,Food & Beverage,427000
3164,kwetiau siram sapi ayam bakar madu,Restaurants,Food & Beverage,204000
3165,nasi goreng spesial nasi putih air mineral dimsum ayam,Restaurants,Food & Beverage,230000
3166,revlon lipstick,Beauty,Health & Personal Care,138000
3167,pepsodent gula pasir indomie goreng,Groceries,Food & Beverage,73000
3168,indomie ayam bawang bimoli l fiesta nugget sosis so nice nu green tea tepung segitiga biru sunlight lime,Groceries,Food & Beverage,476400
3169,jaket hoodie,Apparel,Lifestyle & Entertainment,410000
3170,case hp lisensi software bln,Electronics & Software,Lifestyle & Entertainment,320000
3171,paket burger combo pudding chocolate lemon tea ice cream cone cola medium,Fast Food,Food & Beverage,164500
3172,bimoli l indomie goreng le minerale,Groceries,Food & Beverage,77000
3173,roma kelapa,Groceries,Food & Beverage,9000
3174,roti tawar sari roti ultra milk coklat le minerale,Groceries,Food & Beverage,101000
3175,burger cheese,Fast Food,Food & Beverage,63000
3176,tissue paseo s sos pembersih lantai spon cuci piring sikat wc,Household,Housing & Utilities,144500
3177,bimoli l,Groceries,Food & Beverage,196000
3178,dexlite,Gas & Fuel,Transportation,406000
3179,molto pewangi plastik sampah x sikat wc wipol lap microfiber tissue paseo s sos pembersih lantai attack easy sunlight lime stella pengharum super pell karbol wangi,Household,Housing & Utilities,393000
3180,pertamax turbo,Gas & Fuel,Transportation,150000
3181,roti tawar sari roti tepung segitiga biru piattos sapi panggang mie sedaap soto,Groceries,Food & Beverage,64000
3182,keran air pot tanaman jam dinding,Home Improvement,Housing & Utilities,253000
3183,es cendol bebek goreng kwetiau siram sapi bakso urat,Restaurants,Food & Beverage,303400
3184,sambal extra nasi putih ayam goreng crispy,Fast Food,Food & Beverage,32500
3185,betadine minyak kayu putih hansaplast masker medis promag tablet antangin cair termometer digital,Health,Health & Personal Care,247500
3186,paket burger combo pudding chocolate,Fast Food,Food & Beverage,98500
3187,cinnamon roll chocolate ice matcha latte almond croissant banana bread,Coffee Shops,Food & Beverage,628500
3188,jam dinding food container set obeng set storage box l talenan kabel roll stop cat tembok lampu led rak susun tingkat,Home Improvement,Housing & Utilities,1155600
3189,makarizo hair mask ponds face wash somethinc serum maybelline fit me,Beauty,Health & Personal Care,310000
3190,pertamax,Gas & Fuel,Transportation,544000
3191,kecap bango oreo vanilla sunlight lime mie sedaap soto teh pucuk roma kelapa le minerale,Groceries,Food & Beverage,110000
3192,scarlett body scrub hand cream,Beauty,Health & Personal Care,100000
3193,ice cream cone,Fast Food,Food & Beverage,16000
3194,bebek goreng kwetiau siram sapi sate ayam tsk ayam bakar madu es teh manis,Restaurants,Food & Beverage,378500
3195,super pell sabun cuci tangan kain pel molto pewangi,Household,Housing & Utilities,195000
3196,paket burger combo pb,Fast Food,Food & Beverage,258500
3197,lap microfiber baygon aerosol sikat wc spon cuci piring super pell attack easy,Household,Housing & Utilities,598000
3198,azarine sunscreen pixy bedak two way cake revlon lipstick scarlett body scrub,Beauty,Health & Personal Care,568000
3199,kopi susu gula aren iced americano service charge cinnamon roll chocolate ice almond croissant matcha latte oat milk,Coffee Shops,Food & Beverage,353000
3200,sanmol tablet masker medis,Health,Health & Personal Care,45000
3201,webcam full hd,Electronics & Software,Lifestyle & Entertainment,523100
3202,dimsum ayam es teh manis cumi saus padang,Restaurants,Food & Beverage,89000
3203,tissue paseo s rinso deterjen sos pembersih lantai,Household,Housing & Utilities,82500
3204,chicken nugget paket ayam nasi lemon tea spicy chicken wings service charge,Fast Food,Food & Beverage,128000
3205,pertamax turbo kopi kaleng,Gas & Fuel,Transportation,54000
3206,paracetamol mg sanmol tablet vitamin c mg,Health,Health & Personal Care,83500
3207,frisian flag uht lifebuoy sabun batang,Groceries,Food & Beverage,17000
3208,paket ayam nasi paket hemat ayam goreng crispy,Fast Food,Food & Beverage,188200
3209,frisian flag uht sosis so nice chitato sapi panggang,Groceries,Food & Beverage,86500
3210,emina lip cream vaseline body lotion,Beauty,Health & Personal Care,123000
3211,kabel roll stop bantal sofa pisau dapur artificial plant jam dinding cat tembok,Home Improvement,Housing & Utilities,949500
3212,tax resto cola medium nasi putih,Fast Food,Food & Beverage,43000
3213,french fries nasi putih,Fast Food,Food & Beverage,24500
3214,gurame bakar kwetiau siram sapi,Restaurants,Food & Beverage,160000
3215,betadine obh combi,Health,Health & Personal Care,55000
3216,matcha latte cheesecake slice lychee tea croissant butter kopi susu gula aren almond croissant service charge cappuccino,Coffee Shops,Food & Beverage,510300
3217,caffe latte brownies matcha latte spanish latte,Coffee Shops,Food & Beverage,229100
3218,nasi putih paket ayam nasi spaghetti chicken french fries pudding chocolate rice bowl chicken lemon tea,Fast Food,Food & Beverage,417500
3219,lampu led jam dinding cat tembok talenan pot tanaman,Home Improvement,Housing & Utilities,512000
3220,aqua le minerale tissue nice s kecap bango beras ramos sosis so nice,Groceries,Food & Beverage,978000
3221,chitato sapi panggang garam refina saus sambal abc,Groceries,Food & Beverage,93000
3222,piattos sapi panggang le minerale,Groceries,Food & Beverage,45000
3223,french fries,Fast Food,Food & Beverage,46500
3224,revlon lipstick wardah lightening toner ponds face wash scarlett body scrub garnier micellar water vaseline body lotion,Beauty,Health & Personal Care,798000
3225,pudding chocolate cola medium ice cream cone paket ayam nasi spicy chicken wings,Fast Food,Food & Beverage,330500
3226,aqua beras ramos bimoli l,Groceries,Food & Beverage,270000
3227,ikat pinggang jeans slim fit topi baseball legging sport,Apparel,Lifestyle & Entertainment,1575500
3228,bodrex flu batuk vitamin c mg minyak kayu putih paracetamol mg,Health,Health & Personal Care,122000
3229,pisau dapur,Home Improvement,Housing & Utilities,47000
3230,gantungan baju set artificial plant pot tanaman sekrup set,Home Improvement,Housing & Utilities,200500
3231,pertamax,Gas & Fuel,Transportation,131000
3232,chicken popcorn french fries,Fast Food,Food & Beverage,73000
3233,silverqueen piattos sapi panggang indomie goreng aqua saus sambal abc beras ramos frisian flag uht,Groceries,Food & Beverage,452800
3234,ayam goreng crispy paket ayam nasi,Fast Food,Food & Beverage,57000
3235,artificial plant pot tanaman lampu led jam dinding,Home Improvement,Housing & Utilities,558500
3236,bio solar,Gas & Fuel,Transportation,231000
3237,piattos sapi panggang lifebuoy sabun batang yakult saus sambal abc,Groceries,Food & Beverage,66000
3238,mie sedaap soto aqua pepsodent ultra milk coklat silverqueen pop mie ayam chitato sapi panggang,Groceries,Food & Beverage,162000
3239,revvo,Gas & Fuel,Transportation,100000
3240,plastik sampah x kain pel stella pengharum,Household,Housing & Utilities,221600
3241,indomie ayam bawang roti tawar sari roti frisian flag uht,Groceries,Food & Beverage,112000
3242,good day cappuccino bimoli l teh pucuk walls cornetto gula pasir,Groceries,Food & Beverage,142500
3243,oppo a keyboard usb headset bluetooth,Electronics & Software,Lifestyle & Entertainment,3125000
3244,tiket bus transjakarta,Transportation,Transportation,6000
3245,herborist body butter body mist somethinc serum,Beauty,Health & Personal Care,393000
3246,shell super kopi kaleng,Gas & Fuel,Transportation,635500
3247,lap microfiber sikat wc tissue paseo s,Household,Housing & Utilities,96000
3248,ice cream cone nasi putih pudding chocolate french fries chicken popcorn cola medium paket ayam nasi,Fast Food,Food & Beverage,298200
3249,aqua silverqueen filma minyak l tissue nice s lifebuoy sabun batang tepung segitiga biru telur ayam frisian flag uht,Groceries,Food & Beverage,495000
3250,ice cream cone ayam goreng crispy rice bowl chicken,Fast Food,Food & Beverage,103000
3251,usb hub port,Electronics & Software,Lifestyle & Entertainment,133000
3252,chitato sapi panggang aqua ultra milk coklat filma minyak l mie sedaap soto walls cornetto silverqueen roti tawar sari roti fiesta nugget oreo vanilla tissue nice s yakult garam refina indomie goreng pop mie ayam,Groceries,Food & Beverage,387000
3253,cappuccino iced americano kopi susu gula aren chocolate ice,Coffee Shops,Food & Beverage,285700
3254,travel antarkota,Transportation,Transportation,262000
3255,sekrup set rak susun tingkat pot tanaman kabel roll stop,Home Improvement,Housing & Utilities,426100
3256,pb spicy chicken wings,Fast Food,Food & Beverage,29000
3257,nasi putih take away bag pudding chocolate,Fast Food,Food & Beverage,34000
3258,hand cream,Beauty,Health & Personal Care,21000
3259,beras ramos bimoli l le minerale piattos sapi panggang nu green tea lifebuoy sabun batang roma kelapa tepung segitiga biru,Groceries,Food & Beverage,287500
3260,betadine minyak kayu putih tolak angin box antangin cair,Health,Health & Personal Care,115000
3261,rak susun tingkat kabel roll stop pot tanaman food container set,Home Improvement,Housing & Utilities,577500
3262,lifebuoy sabun batang piattos sapi panggang indomie goreng pop mie ayam teh pucuk kopi kapal api mix garam refina fiesta nugget mie sedaap soto ultra milk coklat aqua tepung segitiga biru,Groceries,Food & Beverage,179600
3263,mie goreng jawa jeruk hangat es cendol,Restaurants,Food & Beverage,160000
3264,somethinc serum emina lip cream revlon lipstick maybelline fit me wardah lightening toner herborist body butter garnier micellar water pixy bedak two way cake,Beauty,Health & Personal Care,721500
3265,lifebuoy sabun batang tissue nice s,Groceries,Food & Beverage,45100
3266,pepsodent,Groceries,Food & Beverage,160000
3267,chicken popcorn burger cheese ice cream cone spicy chicken wings,Fast Food,Food & Beverage,485000
3268,paket ayam nasi spicy chicken wings paket hemat,Fast Food,Food & Beverage,253000
3269,indomie ayam bawang aqua pepsodent pop mie ayam,Groceries,Food & Beverage,69000
3270,oppo a,Electronics & Software,Lifestyle & Entertainment,2073000
3271,filma minyak l teh pucuk gula pasir pepsodent tissue nice s roti tawar sari roti le minerale tepung segitiga biru beras ramos,Groceries,Food & Beverage,552000
3272,es kopi pandan cappuccino iced americano brownies caffe latte,Coffee Shops,Food & Beverage,204000
3273,revvo,Gas & Fuel,Transportation,286000
3274,memory card,Electronics & Software,Lifestyle & Entertainment,152000
3275,chicken popcorn spaghetti chicken ayam goreng crispy paket ayam nasi french fries,Fast Food,Food & Beverage,240000
3276,shell super,Gas & Fuel,Transportation,145000
3277,usb hub port case hp mouse wireless,Electronics & Software,Lifestyle & Entertainment,293000
3278,pot tanaman,Home Improvement,Housing & Utilities,54000
3279,capcay seafood jeruk hangat air mineral es teh manis gurame bakar,Restaurants,Food & Beverage,148000
3280,french fries lemon tea,Fast Food,Food & Beverage,75000
3281,soto ayam pb air mineral,Restaurants,Food & Beverage,84000
3282,karbol wangi stella pengharum rinso deterjen sabun cuci tangan,Household,Housing & Utilities,139000
3283,bp,Gas & Fuel,Transportation,41500
3284,ayam bakar madu soto ayam kwetiau siram sapi mie goreng jawa nasi goreng spesial sop iga,Restaurants,Food & Beverage,249000
3285,sport bra baju anak,Apparel,Lifestyle & Entertainment,363000
3286,kaos basic cotton sport bra,Apparel,Lifestyle & Entertainment,344000
3287,mouse wireless lisensi software bln flashdisk headset bluetooth,Electronics & Software,Lifestyle & Entertainment,1088500
3288,oralit sachet antangin cair masker medis betadine hansaplast vitamin c mg minyak kayu putih enervon c botol,Health,Health & Personal Care,311100
3289,bp,Gas & Fuel,Transportation,507000
3290,bp,Gas & Fuel,Transportation,131000
3291,nasi putih chicken nugget cola medium spicy chicken wings chicken popcorn sambal extra,Fast Food,Food & Beverage,296000
3292,walls cornetto tepung segitiga biru saus sambal abc ultra milk coklat roti tawar sari roti pop mie ayam,Groceries,Food & Beverage,166100
3293,lap microfiber tissue paseo s molto pewangi plastik sampah x wipol stella pengharum rinso deterjen sos pembersih lantai sabun cuci tangan baygon aerosol,Household,Housing & Utilities,851000
3294,makarizo hair mask,Beauty,Health & Personal Care,96000
3295,ultra milk coklat kopi kapal api mix le minerale,Groceries,Food & Beverage,20000
3296,tissue nice s mie sedaap soto garam refina sunlight lime good day cappuccino,Groceries,Food & Beverage,73000
3297,mie goreng jawa service charge service charge bakso urat capcay seafood,Restaurants,Food & Beverage,401000
3298,minyak kayu putih komix jahe promag tablet,Health,Health & Personal Care,97000
3299,burger cheese ice cream cone lemon tea chicken nugget paket ayam nasi spicy chicken wings nasi putih paket burger combo,Fast Food,Food & Beverage,477500
3300,revvo,Gas & Fuel,Transportation,602000
3301,chicken popcorn lemon tea paket hemat chicken nugget spicy chicken wings pudding chocolate,Fast Food,Food & Beverage,232000
3302,komix jahe enervon c botol,Health,Health & Personal Care,116000
3303,le minerale,Groceries,Food & Beverage,3400
3304,bebek goreng gurame bakar,Restaurants,Food & Beverage,450000
3305,paket burger combo french fries paket ayam nasi burger cheese,Fast Food,Food & Beverage,573000
3306,bimoli l mie sedaap soto fiesta nugget teh pucuk kopi kapal api mix silverqueen pepsodent pop mie ayam filma minyak l telur ayam,Groceries,Food & Beverage,408000
3307,stella pengharum attack easy spon cuci piring super pell wipol,Household,Housing & Utilities,211100
3308,bebek goreng soto ayam es cendol gurame bakar bakso urat,Restaurants,Food & Beverage,822000
3309,matcha latte cheesecake slice banana bread iced americano croissant butter kopi susu gula aren cinnamon roll,Coffee Shops,Food & Beverage,903000
3310,lychee tea matcha latte,Coffee Shops,Food & Beverage,54000
3311,gurame bakar air mineral jeruk hangat,Restaurants,Food & Beverage,332000
3312,kecap bango tissue nice s mie sedaap soto roti tawar sari roti frisian flag uht telur ayam,Groceries,Food & Beverage,179000
3313,cinnamon roll croissant butter,Coffee Shops,Food & Beverage,126800
3314,matcha latte chocolate ice,Coffee Shops,Food & Beverage,134000
3315,saus sambal abc lifebuoy sabun batang piattos sapi panggang ultra milk coklat,Groceries,Food & Beverage,173000
3316,minyak kayu putih tolak angin box paracetamol mg termometer digital,Health,Health & Personal Care,175500
3317,mie ayam jamur nasi putih kwetiau siram sapi,Restaurants,Food & Beverage,177700
3318,banana bread extra shot lychee tea cinnamon roll pb cappuccino oat milk caffe latte,Coffee Shops,Food & Beverage,310000
3319,chicken nugget ayam goreng crispy,Fast Food,Food & Beverage,62000
3320,sosis so nice good day cappuccino telur ayam roti tawar sari roti sunlight lime,Groceries,Food & Beverage,173500
3321,kopi kapal api mix chitato sapi panggang piattos sapi panggang garam refina oreo vanilla,Groceries,Food & Beverage,103700
3322,cheesecake slice almond croissant matcha latte es kopi pandan,Coffee Shops,Food & Beverage,296000
3323,lap microfiber sunlight lime spon cuci piring sabun cuci tangan kain pel,Household,Housing & Utilities,488500
3324,paket burger combo,Fast Food,Food & Beverage,43000
3325,paket ayam nasi french fries,Fast Food,Food & Beverage,53000
3326,lifebuoy sabun batang walls cornetto teh pucuk indomie ayam bawang,Groceries,Food & Beverage,49000
3327,shell v power,Gas & Fuel,Transportation,32000
3328,mouse wireless redmi note,Electronics & Software,Lifestyle & Entertainment,2723500
3329,soto ayam nasi putih sate ayam tsk air mineral,Restaurants,Food & Beverage,72800
3330,herborist body butter hand cream somethinc serum,Beauty,Health & Personal Care,224000
3331,herborist body butter ellips hair vitamin pixy bedak two way cake,Beauty,Health & Personal Care,117000
3332,maybelline fit me scarlett body scrub makarizo hair mask,Beauty,Health & Personal Care,265000
3333,pixy bedak two way cake skintific moisturizer body mist vaseline body lotion,Beauty,Health & Personal Care,346400
3334,ayam goreng crispy chicken popcorn rice bowl chicken,Fast Food,Food & Beverage,225200
3335,mie sedaap soto indomie goreng saus sambal abc fiesta nugget piattos sapi panggang tissue nice s sosis so nice,Groceries,Food & Beverage,162000
3336,pop mie ayam indomie ayam bawang lifebuoy sabun batang fiesta nugget,Groceries,Food & Beverage,107500
3337,keran air sekrup set talenan jam dinding,Home Improvement,Housing & Utilities,306600
3338,mie ayam jamur dimsum ayam air mineral jeruk hangat,Restaurants,Food & Beverage,108300
3339,flashdisk speaker bluetooth redmi note,Electronics & Software,Lifestyle & Entertainment,6523000
3340,herborist body butter emina lip cream azarine sunscreen vaseline body lotion body mist,Beauty,Health & Personal Care,258000
3341,sandal casual,Apparel,Lifestyle & Entertainment,178000
3342,capcay seafood jeruk hangat sop iga es teh manis nasi putih,Restaurants,Food & Beverage,170000
3343,shell v power,Gas & Fuel,Transportation,560000
3344,burger cheese,Fast Food,Food & Beverage,110000
3345,sanmol tablet bodrex flu batuk enervon c botol promag tablet vitamin c mg betadine,Health,Health & Personal Care,288400
3346,topi baseball jaket hoodie kemeja oxford legging sport,Apparel,Lifestyle & Entertainment,1184000
3347,ellips hair vitamin revlon lipstick garnier micellar water hand cream wardah lightening toner,Beauty,Health & Personal Care,240000
3348,yakult beras ramos aqua,Groceries,Food & Beverage,105000
3349,sos pembersih lantai sabun cuci tangan lap microfiber,Household,Housing & Utilities,188000
3350,teh pucuk yakult sunlight lime roti tawar sari roti garam refina,Groceries,Food & Beverage,96600
3351,french fries ayam goreng crispy chicken nugget nasi putih pb,Fast Food,Food & Beverage,146000
3352,enervon c botol,Health,Health & Personal Care,39000
3353,minyak kayu putih obh combi,Health,Health & Personal Care,98000
3354,super pell,Household,Housing & Utilities,23000
3355,dress wanita kemeja oxford celana chino,Apparel,Lifestyle & Entertainment,845000
3356,aqua sosis so nice yakult bimoli l ultra milk coklat fiesta nugget garam refina kecap bango lifebuoy sabun batang piattos sapi panggang,Groceries,Food & Beverage,239300
3357,oat milk cinnamon roll banana bread pb,Coffee Shops,Food & Beverage,259700
3358,parkir mobil,Transportation,Transportation,24000
3359,tissue nice s tepung segitiga biru teh pucuk silverqueen mie sedaap soto sosis so nice roma kelapa pop mie ayam garam refina lifebuoy sabun batang telur ayam good day cappuccino,Groceries,Food & Beverage,246000
3360,shuttle bandung jkt,Transportation,Transportation,211000
3361,sosis so nice gula pasir aqua,Groceries,Food & Beverage,117000
3362,sunlight lime roma kelapa kecap bango oreo vanilla beras ramos tissue nice s tepung segitiga biru frisian flag uht bimoli l pop mie ayam,Groceries,Food & Beverage,432000
3363,croissant butter extra shot lychee tea matcha latte,Coffee Shops,Food & Beverage,132700
3364,bio solar kopi kaleng,Gas & Fuel,Transportation,191500
3365,walls cornetto,Groceries,Food & Beverage,24000
3366,good day cappuccino garam refina frisian flag uht sosis so nice indomie ayam bawang indomie goreng tepung segitiga biru bimoli l,Groceries,Food & Beverage,107700
3367,lifebuoy sabun batang good day cappuccino fiesta nugget ultra milk coklat teh pucuk,Groceries,Food & Beverage,94400
3368,chitato sapi panggang mie sedaap soto teh pucuk tepung segitiga biru lifebuoy sabun batang roti tawar sari roti,Groceries,Food & Beverage,163500
3369,polo shirt sport bra baju anak,Apparel,Lifestyle & Entertainment,465500
3370,anti gores hp powerbank oppo a charger fast case hp,Electronics & Software,Lifestyle & Entertainment,2860000
3371,scarlett body scrub,Beauty,Health & Personal Care,66000
3372,mie goreng jawa mie ayam jamur soto ayam service charge es teh manis capcay seafood,Restaurants,Food & Beverage,352000
3373,soto ayam jeruk hangat pb es teh manis bakso urat,Restaurants,Food & Beverage,178000
3374,revvo air mineral,Gas & Fuel,Transportation,215000
3375,cumi saus padang bakso urat,Restaurants,Food & Beverage,99000
3376,kabel roll stop artificial plant rak susun tingkat jam dinding food container set cat tembok talenan keran air sekrup set,Home Improvement,Housing & Utilities,1410500
3377,tiket kereta eksekutif,Transportation,Transportation,746000
3378,chicken nugget service charge cola medium,Fast Food,Food & Beverage,31000
3379,beras ramos indomie goreng filma minyak l silverqueen,Groceries,Food & Beverage,207000
3380,shell super kopi kaleng,Gas & Fuel,Transportation,673000
3381,tolak angin box oralit sachet antangin cair,Health,Health & Personal Care,56500
3382,tissue paseo s sikat wc wipol super pell kain pel karbol wangi sabun cuci tangan baygon aerosol attack easy sunlight lime spon cuci piring plastik sampah x,Household,Housing & Utilities,972100
3383,teh pucuk frisian flag uht,Groceries,Food & Beverage,27000
3384,bebek goreng service charge jeruk hangat air mineral capcay seafood nasi goreng spesial dimsum ayam sop iga kwetiau siram sapi,Restaurants,Food & Beverage,585600
3385,gula pasir oreo vanilla yakult piattos sapi panggang fiesta nugget,Groceries,Food & Beverage,137000
3386,kecap bango silverqueen good day cappuccino tepung segitiga biru,Groceries,Food & Beverage,150000
3387,paket burger combo french fries rice bowl chicken ice cream cone lemon tea,Fast Food,Food & Beverage,251000
3388,hansaplast paracetamol mg,Health,Health & Personal Care,21000
3389,french fries cola medium rice bowl chicken take away bag,Fast Food,Food & Beverage,158000
3390,storage box l pisau dapur gantungan baju set talenan sekrup set lampu led organizer drawer,Home Improvement,Housing & Utilities,483000
3391,skintific moisturizer,Beauty,Health & Personal Care,164000
3392,jeruk hangat kwetiau siram sapi capcay seafood mie goreng jawa dimsum ayam,Restaurants,Food & Beverage,261000
3393,sunlight lime spon cuci piring rinso deterjen baygon aerosol,Household,Housing & Utilities,176000
3394,soto ayam dimsum ayam,Restaurants,Food & Beverage,74000
3395,capcay seafood es teh manis,Restaurants,Food & Beverage,88000
3396,revlon lipstick,Beauty,Health & Personal Care,90000
3397,revvo parkir spbu,Gas & Fuel,Transportation,31800
3398,cappuccino extra shot banana bread kopi susu gula aren almond croissant matcha latte,Coffee Shops,Food & Beverage,352500
3399,paket ayam nasi spicy chicken wings paket burger combo,Fast Food,Food & Beverage,293200
3400,bebek goreng mie goreng jawa,Restaurants,Food & Beverage,138100
3401,nasi putih capcay seafood ayam bakar madu dimsum ayam,Restaurants,Food & Beverage,113700
3402,airport train,Transportation,Transportation,87000
3403,fiesta nugget pop mie ayam,Groceries,Food & Beverage,56000
3404,ice cream cone lemon tea,Fast Food,Food & Beverage,54000
3405,wipol super pell kain pel sos pembersih lantai sunlight lime sabun cuci tangan sikat wc molto pewangi lap microfiber spon cuci piring karbol wangi plastik sampah x,Household,Housing & Utilities,433500
3406,burger cheese spicy chicken wings paket ayam nasi french fries,Fast Food,Food & Beverage,171000
3407,mie ayam jamur sop iga bakso urat sate ayam tsk service charge es teh manis,Restaurants,Food & Beverage,822300
3408,skintific moisturizer herborist body butter,Beauty,Health & Personal Care,578000
3409,chicken nugget spicy chicken wings burger cheese lemon tea rice bowl chicken,Fast Food,Food & Beverage,402000
3410,oreo vanilla piattos sapi panggang indomie ayam bawang kecap bango mie sedaap soto tissue nice s garam refina,Groceries,Food & Beverage,109300
3411,almond croissant cinnamon roll oat milk,Coffee Shops,Food & Beverage,185000
3412,bebek goreng tax resto gurame bakar,Restaurants,Food & Beverage,177000
3413,silverqueen lifebuoy sabun batang frisian flag uht,Groceries,Food & Beverage,257000
3414,promag tablet,Health,Health & Personal Care,14000
3415,soto ayam es cendol bakso urat bebek goreng jeruk hangat mie goreng jawa nasi putih nasi goreng spesial,Restaurants,Food & Beverage,674500
3416,gurame bakar capcay seafood mie goreng jawa sate ayam tsk bakso urat,Restaurants,Food & Beverage,756000
3417,take away bag chicken nugget,Fast Food,Food & Beverage,66000
3418,stella pengharum rinso deterjen,Household,Housing & Utilities,118800
3419,kopi kapal api mix roti tawar sari roti aqua piattos sapi panggang telur ayam kecap bango gula pasir pepsodent,Groceries,Food & Beverage,193500
3420,tepung segitiga biru pepsodent oreo vanilla roti tawar sari roti mie sedaap soto,Groceries,Food & Beverage,109000
3421,hand cream emina lip cream,Beauty,Health & Personal Care,195000
3422,burger cheese cola medium pudding chocolate paket hemat paket burger combo,Fast Food,Food & Beverage,582000
3423,promag tablet,Health,Health & Personal Care,16000
3424,cola medium ayam goreng crispy rice bowl chicken,Fast Food,Food & Beverage,75800
3425,kopi kapal api mix garam refina walls cornetto le minerale sunlight lime fiesta nugget,Groceries,Food & Beverage,97000
3426,teh pucuk frisian flag uht chitato sapi panggang roti tawar sari roti nu green tea,Groceries,Food & Beverage,80000
3427,pertalite,Gas & Fuel,Transportation,440000
3428,paket hemat,Fast Food,Food & Beverage,29200
3429,jaket hoodie,Apparel,Lifestyle & Entertainment,300000
3430,piattos sapi panggang sunlight lime saus sambal abc indomie ayam bawang le minerale,Groceries,Food & Beverage,140000
3431,bebek goreng,Restaurants,Food & Beverage,37500
3432,pepsodent,Groceries,Food & Beverage,77000
3433,revvo,Gas & Fuel,Transportation,350000
3434,shell super parkir spbu,Gas & Fuel,Transportation,19000
3435,revvo,Gas & Fuel,Transportation,252000
3436,revvo,Gas & Fuel,Transportation,630000
3437,headset bluetooth,Electronics & Software,Lifestyle & Entertainment,598000
3438,spanish latte,Coffee Shops,Food & Beverage,33000
3439,parkir motor shuttle bandung jkt tiket kereta eksekutif,Transportation,Transportation,527000
3440,gula pasir tissue nice s good day cappuccino roti tawar sari roti mie sedaap soto beras ramos oreo vanilla nu green tea,Groceries,Food & Beverage,215900
3441,sosis so nice chitato sapi panggang garam refina silverqueen le minerale tissue nice s walls cornetto kecap bango mie sedaap soto,Groceries,Food & Beverage,475000
3442,vitamin c mg betadine hansaplast masker medis komix jahe antangin cair,Health,Health & Personal Care,112000
3443,roma kelapa sunlight lime lifebuoy sabun batang kecap bango tissue nice s telur ayam,Groceries,Food & Beverage,340000
3444,sosis so nice indomie goreng yakult aqua le minerale roma kelapa beras ramos frisian flag uht lifebuoy sabun batang gula pasir,Groceries,Food & Beverage,669600
3445,frisian flag uht teh pucuk oreo vanilla mie sedaap soto,Groceries,Food & Beverage,34500
3446,pertalite,Gas & Fuel,Transportation,280000
3447,pepsodent roma kelapa kecap bango gula pasir,Groceries,Food & Beverage,133000
3448,sambal extra french fries,Fast Food,Food & Beverage,23000
3449,ayam bakar madu jeruk hangat,Restaurants,Food & Beverage,176000
3450,memory card,Electronics & Software,Lifestyle & Entertainment,108000
3451,baygon aerosol sunlight lime,Household,Housing & Utilities,688000
3452,lifebuoy sabun batang sunlight lime walls cornetto bimoli l,Groceries,Food & Beverage,207000
3453,baju anak,Apparel,Lifestyle & Entertainment,134000
3454,plastik sampah x lap microfiber,Household,Housing & Utilities,52000
3455,bagasi tambahan tol jakarta cikampek,Transportation,Transportation,161000
3456,masker medis oralit sachet hansaplast,Health,Health & Personal Care,72000
3457,ice cream cone chicken popcorn rice bowl chicken burger cheese paket hemat take away bag pudding chocolate spaghetti chicken,Fast Food,Food & Beverage,224200
3458,kecap bango garam refina roti tawar sari roti yakult sosis so nice good day cappuccino teh pucuk filma minyak l silverqueen,Groceries,Food & Beverage,215500
3459,headset bluetooth kabel data type c,Electronics & Software,Lifestyle & Entertainment,325500
3460,kabel roll stop keran air jam dinding artificial plant,Home Improvement,Housing & Utilities,427500
3461,revvo,Gas & Fuel,Transportation,90000
3462,kopi susu gula aren cappuccino cinnamon roll matcha latte extra shot banana bread cheesecake slice lychee tea,Coffee Shops,Food & Beverage,372000
3463,skintific moisturizer wardah lightening toner,Beauty,Health & Personal Care,159500
3464,cat tembok food container set bantal sofa gantungan baju set,Home Improvement,Housing & Utilities,713500
3465,plastik sampah x spon cuci piring tissue paseo s baygon aerosol molto pewangi,Household,Housing & Utilities,284000
3466,ice cream cone french fries spicy chicken wings nasi putih,Fast Food,Food & Beverage,264600
3467,bodrex flu batuk antangin cair panadol biru strip tolak angin box minyak kayu putih paracetamol mg hansaplast oralit sachet,Health,Health & Personal Care,253000
3468,sop iga pb es teh manis kwetiau siram sapi service charge soto ayam,Restaurants,Food & Beverage,601500
3469,maybelline fit me makarizo hair mask garnier micellar water,Beauty,Health & Personal Care,210000
3470,roma kelapa sunlight lime chitato sapi panggang nu green tea,Groceries,Food & Beverage,54000
3471,enervon c botol minyak kayu putih betadine masker medis,Health,Health & Personal Care,173000
3472,somethinc serum garnier micellar water vaseline body lotion ponds face wash scarlett body scrub emina lip cream revlon lipstick ellips hair vitamin pixy bedak two way cake body mist,Beauty,Health & Personal Care,707500
3473,mie goreng jawa es cendol ayam bakar madu jeruk hangat,Restaurants,Food & Beverage,209000
3474,chitato sapi panggang kopi kapal api mix sosis so nice silverqueen roma kelapa,Groceries,Food & Beverage,148000
3475,dexlite,Gas & Fuel,Transportation,568000
3476,extra shot banana bread cappuccino kopi susu gula aren cheesecake slice almond croissant spanish latte,Coffee Shops,Food & Beverage,235500
3477,french fries paket ayam nasi burger cheese,Fast Food,Food & Beverage,84000
3478,pertamax,Gas & Fuel,Transportation,324000
3479,paracetamol mg antangin cair sanmol tablet tolak angin box panadol biru strip,Health,Health & Personal Care,93700
3480,oreo vanilla tepung segitiga biru tissue nice s silverqueen yakult sosis so nice bimoli l,Groceries,Food & Beverage,179000
3481,sop iga cumi saus padang gurame bakar kwetiau siram sapi,Restaurants,Food & Beverage,670000
3482,parkir mobil bagasi tambahan tiket krl airport train tiket mrt jakarta,Transportation,Transportation,521200
3483,sate ayam tsk,Restaurants,Food & Beverage,42700
3484,es kopi pandan cinnamon roll chocolate ice oat milk lychee tea,Coffee Shops,Food & Beverage,245300
3485,ellips hair vitamin garnier micellar water hand cream somethinc serum maybelline fit me,Beauty,Health & Personal Care,722500
3486,karbol wangi plastik sampah x tissue paseo s sunlight lime super pell sikat wc stella pengharum molto pewangi spon cuci piring sos pembersih lantai,Household,Housing & Utilities,562700
3487,herborist body butter emina lip cream body mist ponds face wash pixy bedak two way cake,Beauty,Health & Personal Care,470600
3488,banana bread kopi susu gula aren pb croissant butter,Coffee Shops,Food & Beverage,210000
3489,samsung a flashdisk,Electronics & Software,Lifestyle & Entertainment,2200400
3490,jeruk hangat kwetiau siram sapi service charge,Restaurants,Food & Beverage,105000
3491,soto ayam gurame bakar es cendol,Restaurants,Food & Beverage,514500
3492,piattos sapi panggang,Groceries,Food & Beverage,90000
3493,nasi putih jeruk hangat es teh manis mie goreng jawa capcay seafood,Restaurants,Food & Beverage,101000
3494,spanish latte banana bread lychee tea oat milk,Coffee Shops,Food & Beverage,256000
3495,pixy bedak two way cake revlon lipstick skintific moisturizer wardah lightening toner,Beauty,Health & Personal Care,336000
3496,kwetiau siram sapi bebek goreng sop iga,Restaurants,Food & Beverage,761000
3497,bantal sofa artificial plant sekrup set talenan rak susun tingkat gantungan baju set obeng set jam dinding,Home Improvement,Housing & Utilities,856000
3498,pop mie ayam le minerale,Groceries,Food & Beverage,22600
3499,enervon c botol promag tablet minyak kayu putih termometer digital,Health,Health & Personal Care,185000
3500,scarlett body scrub,Beauty,Health & Personal Care,80000
3501,gantungan baju set pisau dapur jam dinding artificial plant pot tanaman,Home Improvement,Housing & Utilities,636000
3502,bimoli l le minerale lifebuoy sabun batang roma kelapa yakult,Groceries,Food & Beverage,138000
3503,bio solar,Gas & Fuel,Transportation,301000
3504,sekrup set organizer drawer gantungan baju set pisau dapur pot tanaman,Home Improvement,Housing & Utilities,334000
3505,yakult ultra milk coklat tissue nice s,Groceries,Food & Beverage,96000
3506,bp,Gas & Fuel,Transportation,351000
3507,organizer drawer artificial plant,Home Improvement,Housing & Utilities,181000
3508,pudding chocolate,Fast Food,Food & Beverage,11000
3509,aqua ultra milk coklat walls cornetto kecap bango lifebuoy sabun batang frisian flag uht sosis so nice oreo vanilla,Groceries,Food & Beverage,221000
3510,take away bag,Fast Food,Food & Beverage,8000
3511,sanmol tablet masker medis,Health,Health & Personal Care,43000
3512,termometer digital oralit sachet enervon c botol,Health,Health & Personal Care,105000
3513,sop iga jeruk hangat bakso urat es cendol,Restaurants,Food & Beverage,274000
3514,pertalite,Gas & Fuel,Transportation,440000
3515,good day cappuccino pepsodent kecap bango yakult mie sedaap soto,Groceries,Food & Beverage,308800
3516,bantal sofa cat tembok sekrup set pisau dapur lampu led organizer drawer rak susun tingkat kabel roll stop jam dinding,Home Improvement,Housing & Utilities,1112100
3517,chicken nugget paket burger combo burger cheese cola medium nasi putih,Fast Food,Food & Beverage,130000
3518,indomie goreng yakult aqua ultra milk coklat telur ayam chitato sapi panggang,Groceries,Food & Beverage,118000
3519,wardah lightening toner emina lip cream herborist body butter,Beauty,Health & Personal Care,118000
3520,mouse wireless,Electronics & Software,Lifestyle & Entertainment,182000
3521,pepsodent indomie ayam bawang fiesta nugget sunlight lime walls cornetto,Groceries,Food & Beverage,120000
3522,azarine sunscreen vaseline body lotion scarlett body scrub body mist,Beauty,Health & Personal Care,214000
3523,bebek goreng capcay seafood soto ayam nasi goreng spesial dimsum ayam,Restaurants,Food & Beverage,404000
3524,paket burger combo paket ayam nasi rice bowl chicken,Fast Food,Food & Beverage,190000
3525,telur ayam indomie ayam bawang tissue nice s walls cornetto kopi kapal api mix,Groceries,Food & Beverage,155000
3526,sikat wc,Household,Housing & Utilities,23000
3527,revvo parkir spbu,Gas & Fuel,Transportation,242000
3528,sosis so nice walls cornetto,Groceries,Food & Beverage,25000
3529,filma minyak l nu green tea sosis so nice oreo vanilla good day cappuccino teh pucuk mie sedaap soto telur ayam,Groceries,Food & Beverage,135800
3530,promag tablet betadine,Health,Health & Personal Care,40000
3531,good day cappuccino tepung segitiga biru sunlight lime,Groceries,Food & Beverage,35000
3532,chicken popcorn nasi putih lemon tea ice cream cone paket ayam nasi ayam goreng crispy burger cheese rice bowl chicken,Fast Food,Food & Beverage,315000
3533,aqua sunlight lime mie sedaap soto,Groceries,Food & Beverage,53000
3534,cheesecake slice lychee tea banana bread brownies es kopi pandan cinnamon roll extra shot,Coffee Shops,Food & Beverage,658500
3535,parkir motor bagasi tambahan tiket kereta ekonomi tiket bus transjakarta,Transportation,Transportation,626000
3536,mie sedaap soto kecap bango,Groceries,Food & Beverage,202000
3537,es cendol cumi saus padang es teh manis,Restaurants,Food & Beverage,132000
3538,lychee tea cheesecake slice banana bread matcha latte brownies iced americano,Coffee Shops,Food & Beverage,275000
3539,parkir mobil shuttle bandung jkt tol dalam kota,Transportation,Transportation,168000
3540,nasi putih es cendol,Restaurants,Food & Beverage,61000
3541,airport train,Transportation,Transportation,69000
3542,plastik sampah x baygon aerosol stella pengharum tissue paseo s lap microfiber,Household,Housing & Utilities,215500
3543,sekrup set bantal sofa talenan pot tanaman storage box l artificial plant,Home Improvement,Housing & Utilities,543500
3544,tol jakarta cikampek tiket bus transjakarta tiket pesawat domestik,Transportation,Transportation,1077800
3545,oreo vanilla gula pasir ultra milk coklat mie sedaap soto tepung segitiga biru fiesta nugget,Groceries,Food & Beverage,215900
3546,saus sambal abc good day cappuccino,Groceries,Food & Beverage,40500
3547,indomie ayam bawang gula pasir pop mie ayam filma minyak l tepung segitiga biru ultra milk coklat,Groceries,Food & Beverage,118000
3548,kwetiau siram sapi cumi saus padang sop iga gurame bakar air mineral,Restaurants,Food & Beverage,1792800
3549,lampu led sekrup set,Home Improvement,Housing & Utilities,61000
3550,redmi note charger fast kabel data type c powerbank anti gores hp,Electronics & Software,Lifestyle & Entertainment,3957000
3551,shell super,Gas & Fuel,Transportation,490000
3552,indomie goreng kecap bango mie sedaap soto,Groceries,Food & Beverage,28500
3553,lisensi software bln kabel data type c charger fast memory card,Electronics & Software,Lifestyle & Entertainment,482400
3554,kabel roll stop,Home Improvement,Housing & Utilities,113000
3555,mie goreng jawa service charge cumi saus padang gurame bakar,Restaurants,Food & Beverage,483000
3556,hansaplast,Health,Health & Personal Care,10000
3557,flashdisk,Electronics & Software,Lifestyle & Entertainment,87500
3558,tissue nice s indomie ayam bawang garam refina bimoli l indomie goreng fiesta nugget mie sedaap soto good day cappuccino,Groceries,Food & Beverage,219300
3559,cat tembok keran air lampu led organizer drawer talenan pot tanaman,Home Improvement,Housing & Utilities,404000
3560,pixy bedak two way cake hand cream ellips hair vitamin body mist revlon lipstick somethinc serum ponds face wash,Beauty,Health & Personal Care,621000
3561,headset bluetooth flashdisk powerbank charger fast webcam full hd,Electronics & Software,Lifestyle & Entertainment,1271000
3562,burger cheese chicken popcorn take away bag,Fast Food,Food & Beverage,121500
3563,soto ayam jeruk hangat nasi goreng spesial,Restaurants,Food & Beverage,83000
3564,usb hub port flashdisk,Electronics & Software,Lifestyle & Entertainment,272800
3565,lychee tea banana bread iced americano cappuccino matcha latte,Coffee Shops,Food & Beverage,135000
3566,nasi putih air mineral bebek goreng bakso urat es teh manis cumi saus padang,Restaurants,Food & Beverage,320000
3567,termometer digital obh combi panadol biru strip betadine minyak kayu putih paracetamol mg vitamin c mg tolak angin box,Health,Health & Personal Care,366100
3568,lemon tea,Fast Food,Food & Beverage,13000
3569,attack easy karbol wangi kain pel super pell lap microfiber sunlight lime,Household,Housing & Utilities,433500
3570,filma minyak l pepsodent garam refina ultra milk coklat silverqueen lifebuoy sabun batang sosis so nice walls cornetto le minerale tissue nice s,Groceries,Food & Beverage,293000
3571,tiket bus transjakarta tol jakarta cikampek tiket krl tiket bus akap travel antarkota,Transportation,Transportation,367500
3572,skintific moisturizer wardah lightening toner azarine sunscreen ellips hair vitamin,Beauty,Health & Personal Care,333000
3573,mie sedaap soto sosis so nice,Groceries,Food & Beverage,37000
3574,sosis so nice pepsodent,Groceries,Food & Beverage,60000
3575,paket hemat ice cream cone spicy chicken wings cola medium pb spaghetti chicken,Fast Food,Food & Beverage,260100
3576,vaseline body lotion maybelline fit me hand cream scarlett body scrub wardah lightening toner,Beauty,Health & Personal Care,282000
3577,roma kelapa pop mie ayam nu green tea,Groceries,Food & Beverage,132000
3578,dimsum ayam mie ayam jamur,Restaurants,Food & Beverage,127500
3579,sabun cuci tangan sos pembersih lantai sunlight lime baygon aerosol lap microfiber sikat wc,Household,Housing & Utilities,345500
3580,mie sedaap soto walls cornetto filma minyak l yakult,Groceries,Food & Beverage,99500
3581,spicy chicken wings ayam goreng crispy,Fast Food,Food & Beverage,133000
3582,bebek goreng es teh manis tax resto jeruk hangat bakso urat air mineral,Restaurants,Food & Beverage,122200
3583,pot tanaman gantungan baju set,Home Improvement,Housing & Utilities,94000
3584,food container set jam dinding sekrup set lampu led pisau dapur artificial plant,Home Improvement,Housing & Utilities,631000
3585,polo shirt,Apparel,Lifestyle & Entertainment,186000
3586,parkir mobil tiket ferry tiket kereta eksekutif,Transportation,Transportation,518500
3587,chicken nugget,Fast Food,Food & Beverage,66000
3588,body mist maybelline fit me wardah lightening toner,Beauty,Health & Personal Care,301000
3589,bp,Gas & Fuel,Transportation,219000
3590,headset bluetooth,Electronics & Software,Lifestyle & Entertainment,267000
3591,shuttle bandung jkt,Transportation,Transportation,372000
3592,tiket krl,Transportation,Transportation,22000
3593,cinnamon roll oat milk iced americano,Coffee Shops,Food & Beverage,170000
3594,legging sport kaos basic cotton dress wanita,Apparel,Lifestyle & Entertainment,1273000
3595,spaghetti chicken,Fast Food,Food & Beverage,122000
3596,spanish latte banana bread cinnamon roll cappuccino es kopi pandan,Coffee Shops,Food & Beverage,471100
3597,pop mie ayam teh pucuk oreo vanilla,Groceries,Food & Beverage,32000
3598,saus sambal abc roti tawar sari roti tepung segitiga biru,Groceries,Food & Beverage,193000
3599,dexlite,Gas & Fuel,Transportation,602000
3600,sabun cuci tangan kain pel plastik sampah x wipol sikat wc stella pengharum,Household,Housing & Utilities,243000
3601,case hp lisensi software bln kabel data type c,Electronics & Software,Lifestyle & Entertainment,225400
3602,ponds face wash hand cream,Beauty,Health & Personal Care,49000
3603,le minerale yakult telur ayam kecap bango nu green tea,Groceries,Food & Beverage,236000
3604,ayam goreng crispy burger cheese nasi putih chicken nugget,Fast Food,Food & Beverage,192000
3605,headset bluetooth lisensi software bln usb hub port,Electronics & Software,Lifestyle & Entertainment,627900
3606,cola medium chicken popcorn pudding chocolate rice bowl chicken,Fast Food,Food & Beverage,334000
3607,baju anak,Apparel,Lifestyle & Entertainment,263000
3608,service charge matcha latte lychee tea es kopi pandan,Coffee Shops,Food & Beverage,90500
3609,keyboard usb webcam full hd lisensi software bln flashdisk oppo a,Electronics & Software,Lifestyle & Entertainment,3287000
3610,mie ayam jamur gurame bakar sop iga dimsum ayam sate ayam tsk,Restaurants,Food & Beverage,405600
3611,gurame bakar cumi saus padang pb,Restaurants,Food & Beverage,837000
3612,walls cornetto sosis so nice silverqueen frisian flag uht,Groceries,Food & Beverage,283000
3613,tiket ferry airport train,Transportation,Transportation,159000
3614,speaker bluetooth,Electronics & Software,Lifestyle & Entertainment,239500
3615,sate ayam tsk service charge jeruk hangat,Restaurants,Food & Beverage,55100
3616,oreo vanilla,Groceries,Food & Beverage,50000
3617,tol dalam kota airport train,Transportation,Transportation,91000
3618,baygon aerosol spon cuci piring lap microfiber,Household,Housing & Utilities,163500
3619,wardah lightening toner maybelline fit me garnier micellar water,Beauty,Health & Personal Care,234500
3620,organizer drawer bantal sofa pot tanaman,Home Improvement,Housing & Utilities,621000
3621,take away bag ayam goreng crispy sambal extra paket burger combo,Fast Food,Food & Beverage,110000
3622,cinnamon roll,Coffee Shops,Food & Beverage,230000
3623,indomie goreng sunlight lime saus sambal abc,Groceries,Food & Beverage,51600
3624,oat milk cappuccino almond croissant,Coffee Shops,Food & Beverage,259000
3625,lemon tea french fries paket hemat take away bag spaghetti chicken ice cream cone,Fast Food,Food & Beverage,270000
3626,spaghetti chicken ayam goreng crispy tax resto cola medium,Fast Food,Food & Beverage,282000
3627,es cendol sate ayam tsk sop iga,Restaurants,Food & Beverage,297000
3628,nasi putih sate ayam tsk kwetiau siram sapi soto ayam,Restaurants,Food & Beverage,147000
3629,promag tablet betadine,Health,Health & Personal Care,49000
3630,ice cream cone cola medium lemon tea paket burger combo,Fast Food,Food & Beverage,81000
3631,filma minyak l indomie goreng roti tawar sari roti aqua telur ayam,Groceries,Food & Beverage,195500
3632,vaseline body lotion makarizo hair mask somethinc serum garnier micellar water herborist body butter ponds face wash maybelline fit me wardah lightening toner skintific moisturizer scarlett body scrub,Beauty,Health & Personal Care,921100
3633,lychee tea banana bread cinnamon roll oat milk matcha latte iced americano,Coffee Shops,Food & Beverage,310800
3634,pot tanaman,Home Improvement,Housing & Utilities,46000
3635,oat milk brownies iced americano extra shot caffe latte cheesecake slice croissant butter spanish latte,Coffee Shops,Food & Beverage,400500
3636,ayam goreng crispy nasi putih pb,Fast Food,Food & Beverage,82000
3637,tiket bus akap tiket kereta eksekutif,Transportation,Transportation,1738400
3638,ultra milk coklat yakult sosis so nice saus sambal abc telur ayam kopi kapal api mix beras ramos,Groceries,Food & Beverage,192000
3639,teh pucuk gula pasir walls cornetto nu green tea aqua indomie ayam bawang fiesta nugget indomie goreng oreo vanilla,Groceries,Food & Beverage,143500
3640,pertamax,Gas & Fuel,Transportation,169000
3641,teh pucuk le minerale gula pasir walls cornetto aqua roti tawar sari roti,Groceries,Food & Beverage,133000
3642,kemeja flanel,Apparel,Lifestyle & Entertainment,603000
3643,dimsum ayam sop iga ayam bakar madu nasi goreng spesial,Restaurants,Food & Beverage,271000
3644,brownies chocolate ice matcha latte,Coffee Shops,Food & Beverage,118000
3645,bimoli l sunlight lime,Groceries,Food & Beverage,27000
3646,teh pucuk gula pasir garam refina lifebuoy sabun batang piattos sapi panggang,Groceries,Food & Beverage,83800
3647,attack easy lap microfiber stella pengharum molto pewangi spon cuci piring rinso deterjen plastik sampah x,Household,Housing & Utilities,204500
3648,spanish latte es kopi pandan matcha latte oat milk,Coffee Shops,Food & Beverage,231000
3649,service charge service charge bakso urat es teh manis,Restaurants,Food & Beverage,89000
3650,paracetamol mg,Health,Health & Personal Care,6000
3651,oat milk croissant butter,Coffee Shops,Food & Beverage,72500
3652,es cendol gurame bakar kwetiau siram sapi ayam bakar madu,Restaurants,Food & Beverage,1577000
3653,telur ayam mie sedaap soto indomie goreng frisian flag uht pepsodent piattos sapi panggang oreo vanilla,Groceries,Food & Beverage,165600
3654,sosis so nice walls cornetto,Groceries,Food & Beverage,34000
3655,tiket bus transjakarta,Transportation,Transportation,8000
3656,revlon lipstick emina lip cream azarine sunscreen body mist maybelline fit me scarlett body scrub ponds face wash,Beauty,Health & Personal Care,616000
3657,tolak angin box betadine panadol biru strip minyak kayu putih bodrex flu batuk,Health,Health & Personal Care,156900
3658,oralit sachet tolak angin box,Health,Health & Personal Care,104000
3659,cumi saus padang gurame bakar nasi putih ayam bakar madu es teh manis bakso urat tax resto,Restaurants,Food & Beverage,490400
3660,oreo vanilla frisian flag uht garam refina silverqueen fiesta nugget,Groceries,Food & Beverage,113000
3661,indomie goreng roti tawar sari roti filma minyak l chitato sapi panggang pop mie ayam,Groceries,Food & Beverage,140500
3662,garam refina lifebuoy sabun batang teh pucuk telur ayam yakult nu green tea aqua,Groceries,Food & Beverage,154400
3663,shell super,Gas & Fuel,Transportation,224000
3664,chocolate ice croissant butter cinnamon roll kopi susu gula aren,Coffee Shops,Food & Beverage,251700
3665,shell super kopi kaleng,Gas & Fuel,Transportation,373000
3666,mie goreng jawa dimsum ayam capcay seafood bebek goreng soto ayam pb gurame bakar,Restaurants,Food & Beverage,587500
3667,mie sedaap soto roti tawar sari roti tepung segitiga biru,Groceries,Food & Beverage,36500
3668,makarizo hair mask maybelline fit me body mist vaseline body lotion,Beauty,Health & Personal Care,263500
3669,bimoli l pop mie ayam,Groceries,Food & Beverage,34000
3670,spicy chicken wings nasi putih chicken popcorn paket burger combo,Fast Food,Food & Beverage,187900
3671,iced americano oat milk banana bread caffe latte,Coffee Shops,Food & Beverage,208000
3672,almond croissant croissant butter cappuccino matcha latte iced americano,Coffee Shops,Food & Beverage,742000
3673,le minerale lifebuoy sabun batang,Groceries,Food & Beverage,28500
3674,paket burger combo rice bowl chicken spaghetti chicken pudding chocolate french fries cola medium,Fast Food,Food & Beverage,338000
3675,shell super,Gas & Fuel,Transportation,105000
3676,jeruk hangat,Restaurants,Food & Beverage,10000
3677,service charge capcay seafood,Restaurants,Food & Beverage,504000
3678,revvo,Gas & Fuel,Transportation,381000
3679,aqua pop mie ayam le minerale frisian flag uht indomie ayam bawang saus sambal abc,Groceries,Food & Beverage,147500
3680,iced americano,Coffee Shops,Food & Beverage,208000
3681,pertamax turbo,Gas & Fuel,Transportation,355200
3682,kaos kaki topi baseball,Apparel,Lifestyle & Entertainment,189000
3683,mie sedaap soto piattos sapi panggang frisian flag uht,Groceries,Food & Beverage,45000
3684,sanmol tablet betadine,Health,Health & Personal Care,39000
3685,oralit sachet sanmol tablet,Health,Health & Personal Care,20000
3686,matcha latte brownies cinnamon roll,Coffee Shops,Food & Beverage,84000
3687,tiket pesawat domestik tiket krl,Transportation,Transportation,2813000
3688,jaket hoodie,Apparel,Lifestyle & Entertainment,264000
3689,revlon lipstick ellips hair vitamin pixy bedak two way cake,Beauty,Health & Personal Care,320900
3690,capcay seafood es teh manis kwetiau siram sapi ayam bakar madu nasi putih soto ayam dimsum ayam service charge bebek goreng sop iga,Restaurants,Food & Beverage,792100
3691,service charge bakso urat nasi goreng spesial,Restaurants,Food & Beverage,104000
3692,vitamin c mg panadol biru strip termometer digital enervon c botol komix jahe promag tablet obh combi,Health,Health & Personal Care,255000
3693,karbol wangi molto pewangi lap microfiber attack easy wipol kain pel,Household,Housing & Utilities,474000
3694,nasi putih dimsum ayam,Restaurants,Food & Beverage,36000
3695,indomie ayam bawang beras ramos roma kelapa pop mie ayam sunlight lime,Groceries,Food & Beverage,218000
3696,tiket bus transjakarta parkir mobil,Transportation,Transportation,25000
3697,gurame bakar jeruk hangat nasi putih,Restaurants,Food & Beverage,270000
3698,lemon tea paket hemat nasi putih,Fast Food,Food & Beverage,81000
3699,speaker bluetooth charger fast,Electronics & Software,Lifestyle & Entertainment,392000
3700,cheesecake slice kopi susu gula aren croissant butter almond croissant lychee tea,Coffee Shops,Food & Beverage,243000
3701,ultra milk coklat filma minyak l gula pasir pepsodent beras ramos pop mie ayam,Groceries,Food & Beverage,1266000
3702,filma minyak l good day cappuccino indomie goreng yakult ultra milk coklat gula pasir mie sedaap soto,Groceries,Food & Beverage,170300
3703,spon cuci piring baygon aerosol karbol wangi attack easy wipol tissue paseo s sunlight lime kain pel super pell,Household,Housing & Utilities,574500
3704,gula pasir garam refina,Groceries,Food & Beverage,24500
3705,capcay seafood nasi goreng spesial,Restaurants,Food & Beverage,589000
3706,tiket ferry shuttle bandung jkt,Transportation,Transportation,305000
3707,kopi susu gula aren iced americano,Coffee Shops,Food & Beverage,92000
3708,french fries rice bowl chicken lemon tea ice cream cone,Fast Food,Food & Beverage,123000
3709,kecap bango mie sedaap soto kopi kapal api mix walls cornetto,Groceries,Food & Beverage,70500
3710,indomie ayam bawang garam refina pepsodent pop mie ayam mie sedaap soto saus sambal abc indomie goreng ultra milk coklat,Groceries,Food & Beverage,125200
3711,service charge burger cheese nasi putih chicken nugget,Fast Food,Food & Beverage,145000
3712,pertamax turbo,Gas & Fuel,Transportation,203000
3713,revvo,Gas & Fuel,Transportation,130000
3714,french fries lemon tea sambal extra,Fast Food,Food & Beverage,101500
3715,teh pucuk mie sedaap soto filma minyak l saus sambal abc nu green tea,Groceries,Food & Beverage,141000
3716,mie ayam jamur soto ayam es cendol cumi saus padang bebek goreng pb ayam bakar madu sate ayam tsk air mineral,Restaurants,Food & Beverage,513900
3717,caffe latte,Coffee Shops,Food & Beverage,58000
3718,cola medium chicken nugget burger cheese spaghetti chicken spicy chicken wings pudding chocolate take away bag,Fast Food,Food & Beverage,269200
3719,polo shirt,Apparel,Lifestyle & Entertainment,219000
3720,pixy bedak two way cake wardah lightening toner maybelline fit me,Beauty,Health & Personal Care,264000
3721,mie ayam jamur sate ayam tsk,Restaurants,Food & Beverage,65000
3722,parkir motor,Transportation,Transportation,8000
3723,chicken popcorn spicy chicken wings cola medium,Fast Food,Food & Beverage,321000
3724,cat tembok rak susun tingkat pot tanaman food container set,Home Improvement,Housing & Utilities,742900
3725,roti tawar sari roti mie sedaap soto oreo vanilla kopi kapal api mix tepung segitiga biru,Groceries,Food & Beverage,55400
3726,sop iga,Restaurants,Food & Beverage,131800
3727,komix jahe masker medis promag tablet termometer digital obh combi,Health,Health & Personal Care,189000
3728,tiket ferry,Transportation,Transportation,66000
3729,spaghetti chicken nasi putih,Fast Food,Food & Beverage,81000
3730,aqua roti tawar sari roti yakult roma kelapa piattos sapi panggang,Groceries,Food & Beverage,103000
3731,walls cornetto yakult telur ayam oreo vanilla pop mie ayam roti tawar sari roti,Groceries,Food & Beverage,152000
3732,bimoli l teh pucuk pop mie ayam good day cappuccino gula pasir aqua,Groceries,Food & Beverage,167000
3733,organizer drawer bantal sofa rak susun tingkat sekrup set obeng set gantungan baju set,Home Improvement,Housing & Utilities,1580900
3734,lap microfiber super pell stella pengharum sikat wc kain pel rinso deterjen karbol wangi spon cuci piring tissue paseo s sunlight lime molto pewangi baygon aerosol wipol sabun cuci tangan sos pembersih lantai,Household,Housing & Utilities,1024700
3735,bebek goreng sop iga ayam bakar madu nasi putih kwetiau siram sapi cumi saus padang bakso urat,Restaurants,Food & Beverage,1317000
3736,rice bowl chicken spaghetti chicken burger cheese spicy chicken wings cola medium ice cream cone paket burger combo,Fast Food,Food & Beverage,332000
3737,dimsum ayam nasi putih bebek goreng es cendol soto ayam capcay seafood,Restaurants,Food & Beverage,230600
3738,spicy chicken wings lemon tea ayam goreng crispy paket burger combo chicken popcorn chicken nugget,Fast Food,Food & Beverage,612100
3739,soto ayam air mineral service charge gurame bakar,Restaurants,Food & Beverage,467500
3740,yakult telur ayam,Groceries,Food & Beverage,41000
3741,pepsodent aqua,Groceries,Food & Beverage,80000
3742,service charge cinnamon roll brownies extra shot chocolate ice caffe latte,Coffee Shops,Food & Beverage,240900
3743,le minerale indomie ayam bawang walls cornetto fiesta nugget,Groceries,Food & Beverage,85000
3744,bp,Gas & Fuel,Transportation,423000
3745,teh pucuk sunlight lime gula pasir filma minyak l yakult,Groceries,Food & Beverage,187000
3746,pop mie ayam indomie goreng kecap bango saus sambal abc,Groceries,Food & Beverage,118000
3747,paracetamol mg vitamin c mg termometer digital komix jahe,Health,Health & Personal Care,154900
3748,bp,Gas & Fuel,Transportation,560000
3749,kopi kapal api mix pepsodent garam refina walls cornetto sosis so nice roti tawar sari roti indomie ayam bawang,Groceries,Food & Beverage,286000
3750,burger cheese rice bowl chicken lemon tea,Fast Food,Food & Beverage,123000
3751,lifebuoy sabun batang frisian flag uht ultra milk coklat pop mie ayam,Groceries,Food & Beverage,55500
3752,le minerale telur ayam pepsodent,Groceries,Food & Beverage,50000
3753,bimoli l good day cappuccino roti tawar sari roti kecap bango pepsodent pop mie ayam gula pasir tissue nice s,Groceries,Food & Beverage,197600
3754,revvo,Gas & Fuel,Transportation,162500
3755,capcay seafood nasi putih,Restaurants,Food & Beverage,118000
3756,spon cuci piring sikat wc,Household,Housing & Utilities,66000
3757,extra shot lychee tea banana bread es kopi pandan caffe latte croissant butter,Coffee Shops,Food & Beverage,190500
3758,tepung segitiga biru pepsodent piattos sapi panggang mie sedaap soto yakult walls cornetto kecap bango,Groceries,Food & Beverage,247000
3759,chicken popcorn,Fast Food,Food & Beverage,30000
3760,termometer digital obh combi oralit sachet antangin cair promag tablet enervon c botol,Health,Health & Personal Care,194200
3761,wardah lightening toner makarizo hair mask revlon lipstick azarine sunscreen,Beauty,Health & Personal Care,238000
3762,gula pasir tissue nice s roti tawar sari roti ultra milk coklat indomie ayam bawang,Groceries,Food & Beverage,94500
3763,sepatu sneakers jeans slim fit topi baseball polo shirt kaos kaki,Apparel,Lifestyle & Entertainment,2003500
3764,kemeja flanel polo shirt,Apparel,Lifestyle & Entertainment,766000
3765,sos pembersih lantai baygon aerosol rinso deterjen wipol sikat wc,Household,Housing & Utilities,394700
3766,mouse wireless,Electronics & Software,Lifestyle & Entertainment,210000
3767,brownies caffe latte extra shot cappuccino,Coffee Shops,Food & Beverage,161900
3768,tiket pesawat domestik tiket krl travel antarkota,Transportation,Transportation,1299000
3769,speaker bluetooth headset bluetooth charger fast,Electronics & Software,Lifestyle & Entertainment,902000
3770,jeruk hangat nasi goreng spesial,Restaurants,Food & Beverage,153500
3771,shell v power,Gas & Fuel,Transportation,434000
3772,powerbank,Electronics & Software,Lifestyle & Entertainment,373000
3773,cappuccino brownies,Coffee Shops,Food & Beverage,88000
3774,nu green tea good day cappuccino oreo vanilla pop mie ayam walls cornetto chitato sapi panggang lifebuoy sabun batang,Groceries,Food & Beverage,121000
3775,air mineral bebek goreng,Restaurants,Food & Beverage,107000
3776,tissue nice s aqua indomie goreng lifebuoy sabun batang sosis so nice,Groceries,Food & Beverage,108500
3777,chitato sapi panggang tissue nice s indomie goreng ultra milk coklat saus sambal abc,Groceries,Food & Beverage,172000
3778,lap microfiber molto pewangi attack easy wipol sunlight lime,Household,Housing & Utilities,577000
3779,telur ayam kecap bango piattos sapi panggang mie sedaap soto,Groceries,Food & Beverage,178000
3780,tax resto croissant butter almond croissant extra shot cappuccino,Coffee Shops,Food & Beverage,227300
3781,bimoli l walls cornetto sunlight lime,Groceries,Food & Beverage,101500
3782,sosis so nice pop mie ayam garam refina chitato sapi panggang silverqueen roti tawar sari roti,Groceries,Food & Beverage,293000
3783,case hp,Electronics & Software,Lifestyle & Entertainment,105000
3784,chitato sapi panggang yakult fiesta nugget pop mie ayam bimoli l roma kelapa,Groceries,Food & Beverage,178000
3785,indomie goreng roma kelapa good day cappuccino saus sambal abc,Groceries,Food & Beverage,46000
3786,cinnamon roll kopi susu gula aren croissant butter oat milk iced americano spanish latte,Coffee Shops,Food & Beverage,398000
3787,ellips hair vitamin makarizo hair mask,Beauty,Health & Personal Care,64400
3788,mie goreng jawa sop iga nasi goreng spesial bebek goreng jeruk hangat,Restaurants,Food & Beverage,385000
3789,tissue nice s beras ramos good day cappuccino lifebuoy sabun batang,Groceries,Food & Beverage,242000
3790,sabun cuci tangan molto pewangi wipol sunlight lime,Household,Housing & Utilities,245000
3791,lemon tea chicken popcorn take away bag paket ayam nasi,Fast Food,Food & Beverage,111500
3792,obh combi sanmol tablet antangin cair,Health,Health & Personal Care,57000
3793,oreo vanilla indomie ayam bawang tissue nice s piattos sapi panggang,Groceries,Food & Beverage,116000
3794,bp,Gas & Fuel,Transportation,238000
3795,makarizo hair mask garnier micellar water emina lip cream azarine sunscreen hand cream ellips hair vitamin wardah lightening toner herborist body butter maybelline fit me vaseline body lotion,Beauty,Health & Personal Care,641300
3796,indomie ayam bawang piattos sapi panggang le minerale roma kelapa,Groceries,Food & Beverage,55000
3797,almond croissant cinnamon roll banana bread extra shot lychee tea spanish latte chocolate ice brownies iced americano cappuccino,Coffee Shops,Food & Beverage,792900
3798,piattos sapi panggang silverqueen kopi kapal api mix,Groceries,Food & Beverage,57000
3799,revvo,Gas & Fuel,Transportation,630000
3800,oralit sachet masker medis termometer digital enervon c botol bodrex flu batuk,Health,Health & Personal Care,175000
3801,polo shirt,Apparel,Lifestyle & Entertainment,210000
3802,usb hub port speaker bluetooth,Electronics & Software,Lifestyle & Entertainment,306000
3803,dimsum ayam air mineral nasi goreng spesial bebek goreng mie ayam jamur cumi saus padang,Restaurants,Food & Beverage,332000
3804,hansaplast antangin cair enervon c botol obh combi,Health,Health & Personal Care,93000
3805,celana chino,Apparel,Lifestyle & Entertainment,233000
3806,ayam goreng crispy,Fast Food,Food & Beverage,17000
3807,teh pucuk sunlight lime sosis so nice kopi kapal api mix piattos sapi panggang,Groceries,Food & Beverage,139000
3808,bio solar,Gas & Fuel,Transportation,294000
3809,pertalite,Gas & Fuel,Transportation,210000
3810,revvo,Gas & Fuel,Transportation,520000
3811,enervon c botol minyak kayu putih,Health,Health & Personal Care,173000
3812,karbol wangi super pell sikat wc spon cuci piring sos pembersih lantai sunlight lime attack easy,Household,Housing & Utilities,285500
3813,telur ayam oreo vanilla gula pasir ultra milk coklat roma kelapa frisian flag uht,Groceries,Food & Beverage,210000
3814,stella pengharum sabun cuci tangan plastik sampah x,Household,Housing & Utilities,157500
3815,molto pewangi karbol wangi,Household,Housing & Utilities,64000
3816,pertamax,Gas & Fuel,Transportation,364000
3817,silverqueen garam refina roma kelapa ultra milk coklat pepsodent,Groceries,Food & Beverage,115000
3818,telur ayam,Groceries,Food & Beverage,33000
3819,soto ayam service charge,Restaurants,Food & Beverage,87000
3820,indomie goreng nu green tea bimoli l gula pasir oreo vanilla kecap bango roti tawar sari roti,Groceries,Food & Beverage,126000
3821,obh combi minyak kayu putih,Health,Health & Personal Care,76000
3822,pertamax turbo,Gas & Fuel,Transportation,218000
3823,kecap bango telur ayam pop mie ayam ultra milk coklat le minerale gula pasir indomie goreng tissue nice s pepsodent nu green tea bimoli l mie sedaap soto yakult silverqueen roma kelapa,Groceries,Food & Beverage,342400
3824,paket burger combo pb spaghetti chicken sambal extra,Fast Food,Food & Beverage,118000
3825,pertamax turbo,Gas & Fuel,Transportation,135000
3826,topi baseball,Apparel,Lifestyle & Entertainment,89500
3827,makarizo hair mask wardah lightening toner,Beauty,Health & Personal Care,83700
3828,bio solar,Gas & Fuel,Transportation,299200
3829,enervon c botol bodrex flu batuk oralit sachet masker medis tolak angin box minyak kayu putih,Health,Health & Personal Care,346600
3830,baygon aerosol plastik sampah x wipol,Household,Housing & Utilities,83400
3831,dexlite,Gas & Fuel,Transportation,154000
3832,croissant butter,Coffee Shops,Food & Beverage,145000
3833,baju anak,Apparel,Lifestyle & Entertainment,104000
3834,roti tawar sari roti kopi kapal api mix filma minyak l saus sambal abc,Groceries,Food & Beverage,268000
3835,hand cream scarlett body scrub,Beauty,Health & Personal Care,150000
3836,garam refina sunlight lime indomie ayam bawang pop mie ayam tissue nice s silverqueen,Groceries,Food & Beverage,136000
3837,lifebuoy sabun batang chitato sapi panggang indomie goreng roma kelapa nu green tea telur ayam gula pasir,Groceries,Food & Beverage,126000
3838,baju anak polo shirt ikat pinggang jaket hoodie,Apparel,Lifestyle & Entertainment,889500
3839,tolak angin box obh combi antangin cair,Health,Health & Personal Care,72000
3840,chicken nugget lemon tea,Fast Food,Food & Beverage,175000
3841,pertamax turbo,Gas & Fuel,Transportation,565500
3842,teh pucuk bimoli l roti tawar sari roti silverqueen,Groceries,Food & Beverage,80000
3843,tissue paseo s,Household,Housing & Utilities,27000
3844,service charge sop iga,Restaurants,Food & Beverage,273000
3845,dress wanita polo shirt,Apparel,Lifestyle & Entertainment,463000
3846,teh pucuk,Groceries,Food & Beverage,8000
3847,scarlett body scrub makarizo hair mask emina lip cream azarine sunscreen ellips hair vitamin skintific moisturizer,Beauty,Health & Personal Care,445700
3848,chicken nugget,Fast Food,Food & Beverage,92000
3849,komix jahe panadol biru strip,Health,Health & Personal Care,21000
3850,chicken nugget chicken popcorn ayam goreng crispy,Fast Food,Food & Beverage,70000
3851,french fries,Fast Food,Food & Beverage,38000
3852,tol jakarta cikampek,Transportation,Transportation,25000
3853,bio solar,Gas & Fuel,Transportation,175000
3854,komix jahe termometer digital minyak kayu putih panadol biru strip,Health,Health & Personal Care,121000
3855,ultra milk coklat frisian flag uht teh pucuk,Groceries,Food & Beverage,53100
3856,frisian flag uht filma minyak l kecap bango,Groceries,Food & Beverage,94000
3857,talenan storage box l jam dinding pot tanaman obeng set kabel roll stop bantal sofa lampu led keran air,Home Improvement,Housing & Utilities,916500
3858,tol jakarta cikampek,Transportation,Transportation,34200
3859,tissue nice s ultra milk coklat sunlight lime lifebuoy sabun batang tepung segitiga biru roti tawar sari roti pop mie ayam,Groceries,Food & Beverage,141400
3860,pertamax turbo,Gas & Fuel,Transportation,345000
3861,lychee tea cheesecake slice matcha latte chocolate ice banana bread extra shot,Coffee Shops,Food & Beverage,644600
3862,pertamax,Gas & Fuel,Transportation,504000
3863,sambal extra pudding chocolate,Fast Food,Food & Beverage,88000
3864,azarine sunscreen emina lip cream pixy bedak two way cake revlon lipstick,Beauty,Health & Personal Care,522500
3865,sunlight lime kecap bango pepsodent yakult pop mie ayam roti tawar sari roti indomie ayam bawang good day cappuccino tissue nice s,Groceries,Food & Beverage,404700
3866,piattos sapi panggang indomie ayam bawang gula pasir yakult roti tawar sari roti tissue nice s,Groceries,Food & Beverage,118000
3867,rice bowl chicken burger cheese paket burger combo,Fast Food,Food & Beverage,414000
3868,indomie ayam bawang tissue nice s fiesta nugget roti tawar sari roti tepung segitiga biru roma kelapa oreo vanilla mie sedaap soto,Groceries,Food & Beverage,215500
3869,legging sport kaos basic cotton topi baseball kemeja flanel,Apparel,Lifestyle & Entertainment,880000
3870,vitamin c mg promag tablet komix jahe sanmol tablet paracetamol mg enervon c botol,Health,Health & Personal Care,161000
3871,mouse wireless,Electronics & Software,Lifestyle & Entertainment,249400
3872,storage box l artificial plant pisau dapur obeng set kabel roll stop lampu led rak susun tingkat keran air,Home Improvement,Housing & Utilities,1244600
3873,hansaplast masker medis minyak kayu putih komix jahe,Health,Health & Personal Care,101500
3874,bio solar,Gas & Fuel,Transportation,7000
3875,termometer digital oralit sachet obh combi masker medis betadine hansaplast,Health,Health & Personal Care,346400
3876,indomie ayam bawang filma minyak l roti tawar sari roti tissue nice s walls cornetto lifebuoy sabun batang,Groceries,Food & Beverage,106000
3877,case hp samsung a,Electronics & Software,Lifestyle & Entertainment,2906000
3878,garnier micellar water emina lip cream revlon lipstick,Beauty,Health & Personal Care,504300
3879,kecap bango bimoli l teh pucuk aqua kopi kapal api mix tissue nice s saus sambal abc,Groceries,Food & Beverage,96500
3880,parkir mobil tiket pesawat domestik tiket kereta eksekutif tol dalam kota tiket ferry,Transportation,Transportation,2586000
3881,gula pasir beras ramos chitato sapi panggang oreo vanilla yakult piattos sapi panggang aqua roti tawar sari roti,Groceries,Food & Beverage,567500
3882,yakult tissue nice s telur ayam bimoli l pepsodent roti tawar sari roti mie sedaap soto,Groceries,Food & Beverage,229000
3883,pertalite,Gas & Fuel,Transportation,340000
3884,sanmol tablet tolak angin box komix jahe promag tablet,Health,Health & Personal Care,101000
3885,masker medis vitamin c mg antangin cair oralit sachet,Health,Health & Personal Care,80500
3886,molto pewangi super pell sos pembersih lantai sunlight lime spon cuci piring baygon aerosol rinso deterjen plastik sampah x,Household,Housing & Utilities,734300
3887,nu green tea kopi kapal api mix indomie goreng,Groceries,Food & Beverage,32300
3888,tiket mrt jakarta,Transportation,Transportation,20000
3889,wipol sikat wc super pell rinso deterjen sunlight lime,Household,Housing & Utilities,424800
3890,pudding chocolate french fries sambal extra cola medium,Fast Food,Food & Beverage,84000
3891,paket ayam nasi,Fast Food,Food & Beverage,38500
3892,vaseline body lotion pixy bedak two way cake makarizo hair mask somethinc serum hand cream,Beauty,Health & Personal Care,457000
3893,pertamax,Gas & Fuel,Transportation,520000
3894,jeans slim fit kaos kaki kaos basic cotton topi baseball,Apparel,Lifestyle & Entertainment,1418000
3895,spaghetti chicken sambal extra chicken nugget nasi putih,Fast Food,Food & Beverage,123500
3896,travel antarkota tol jakarta cikampek airport train tol dalam kota,Transportation,Transportation,450500
3897,sunlight lime kopi kapal api mix indomie goreng lifebuoy sabun batang garam refina,Groceries,Food & Beverage,31300
3898,tiket pesawat domestik,Transportation,Transportation,997000
3899,tiket mrt jakarta tiket pesawat domestik,Transportation,Transportation,1789600
3900,cappuccino kopi susu gula aren,Coffee Shops,Food & Beverage,60500
3901,nasi goreng spesial capcay seafood sop iga,Restaurants,Food & Beverage,184000
3902,indomie ayam bawang ultra milk coklat le minerale telur ayam,Groceries,Food & Beverage,203000
3903,sanmol tablet panadol biru strip paracetamol mg masker medis termometer digital komix jahe antangin cair,Health,Health & Personal Care,170000
3904,sport bra jeans slim fit celana chino,Apparel,Lifestyle & Entertainment,660000
3905,keran air kabel roll stop lampu led rak susun tingkat storage box l organizer drawer obeng set food container set,Home Improvement,Housing & Utilities,1648700
3906,wipol,Household,Housing & Utilities,76500
3907,sabun cuci tangan wipol kain pel super pell sikat wc,Household,Housing & Utilities,158000
3908,stella pengharum plastik sampah x,Household,Housing & Utilities,45000
3909,beras ramos le minerale roma kelapa,Groceries,Food & Beverage,185500
3910,service charge banana bread oat milk spanish latte croissant butter almond croissant cinnamon roll extra shot kopi susu gula aren brownies iced americano,Coffee Shops,Food & Beverage,350900
3911,lampu led rak susun tingkat pisau dapur cat tembok obeng set organizer drawer kabel roll stop keran air talenan,Home Improvement,Housing & Utilities,1397000
3912,tiket krl tol jakarta cikampek parkir mobil,Transportation,Transportation,82000
3913,walls cornetto sunlight lime gula pasir oreo vanilla ultra milk coklat roti tawar sari roti,Groceries,Food & Beverage,162000
3914,piattos sapi panggang filma minyak l,Groceries,Food & Beverage,100000
3915,pepsodent yakult silverqueen,Groceries,Food & Beverage,56000
3916,ayam goreng crispy,Fast Food,Food & Beverage,16000
3917,kabel data type c,Electronics & Software,Lifestyle & Entertainment,44000
3918,pop mie ayam pepsodent yakult piattos sapi panggang,Groceries,Food & Beverage,173000
3919,pot tanaman artificial plant gantungan baju set kabel roll stop,Home Improvement,Housing & Utilities,484500
3920,skintific moisturizer somethinc serum azarine sunscreen scarlett body scrub hand cream ponds face wash wardah lightening toner,Beauty,Health & Personal Care,694000
3921,tolak angin box bodrex flu batuk betadine enervon c botol sanmol tablet vitamin c mg,Health,Health & Personal Care,330000
3922,pertamax turbo,Gas & Fuel,Transportation,336000
3923,chocolate ice almond croissant,Coffee Shops,Food & Beverage,146400
3924,cheesecake slice pb banana bread,Coffee Shops,Food & Beverage,302000
3925,sosis so nice indomie goreng fiesta nugget roti tawar sari roti,Groceries,Food & Beverage,195600
3926,kemeja flanel dress wanita,Apparel,Lifestyle & Entertainment,993000
3927,saus sambal abc roti tawar sari roti beras ramos good day cappuccino teh pucuk indomie ayam bawang sosis so nice,Groceries,Food & Beverage,243000
3928,vaseline body lotion scarlett body scrub somethinc serum,Beauty,Health & Personal Care,628000
3929,bakso urat,Restaurants,Food & Beverage,140000
3930,gantungan baju set pot tanaman lampu led keran air,Home Improvement,Housing & Utilities,204500
3931,topi baseball,Apparel,Lifestyle & Entertainment,136000
3932,sambal extra french fries burger cheese,Fast Food,Food & Beverage,73000
3933,kabel roll stop rak susun tingkat pot tanaman talenan sekrup set artificial plant gantungan baju set pisau dapur cat tembok organizer drawer,Home Improvement,Housing & Utilities,1057100
3934,tol jakarta cikampek airport train bagasi tambahan tiket bus akap,Transportation,Transportation,897000
3935,take away bag spaghetti chicken french fries sambal extra,Fast Food,Food & Beverage,150000
3936,spon cuci piring plastik sampah x molto pewangi stella pengharum tissue paseo s,Household,Housing & Utilities,171600
3937,piattos sapi panggang indomie ayam bawang pepsodent good day cappuccino pop mie ayam oreo vanilla teh pucuk,Groceries,Food & Beverage,155400
3938,sunlight lime kain pel,Household,Housing & Utilities,101000
3939,sosis so nice pepsodent nu green tea,Groceries,Food & Beverage,64000
3940,indomie ayam bawang sunlight lime piattos sapi panggang yakult mie sedaap soto,Groceries,Food & Beverage,109000
3941,beras ramos aqua kopi kapal api mix roma kelapa roti tawar sari roti good day cappuccino,Groceries,Food & Beverage,301000
3942,usb hub port anti gores hp keyboard usb lisensi software bln,Electronics & Software,Lifestyle & Entertainment,667000
3943,jam dinding obeng set cat tembok,Home Improvement,Housing & Utilities,416500
3944,saus sambal abc,Groceries,Food & Beverage,60000
3945,mie goreng jawa cumi saus padang,Restaurants,Food & Beverage,110500
3946,gurame bakar kwetiau siram sapi sate ayam tsk mie goreng jawa capcay seafood,Restaurants,Food & Beverage,582000
3947,aqua good day cappuccino silverqueen tissue nice s piattos sapi panggang le minerale sosis so nice kecap bango,Groceries,Food & Beverage,184300
3948,keyboard usb,Electronics & Software,Lifestyle & Entertainment,219000
3949,sosis so nice tepung segitiga biru walls cornetto fiesta nugget yakult pop mie ayam saus sambal abc ultra milk coklat,Groceries,Food & Beverage,125000
3950,brownies caffe latte almond croissant spanish latte matcha latte,Coffee Shops,Food & Beverage,340600
3951,filma minyak l kopi kapal api mix chitato sapi panggang ultra milk coklat yakult,Groceries,Food & Beverage,174000
3952,ayam goreng crispy,Fast Food,Food & Beverage,18000
3953,burger cheese,Fast Food,Food & Beverage,38000
3954,beras ramos roti tawar sari roti pepsodent tissue nice s bimoli l piattos sapi panggang gula pasir yakult,Groceries,Food & Beverage,689600
3955,air mineral mie ayam jamur bakso urat dimsum ayam,Restaurants,Food & Beverage,134800
3956,paket ayam nasi chicken popcorn spicy chicken wings chicken nugget cola medium paket burger combo pb,Fast Food,Food & Beverage,205000
3957,emina lip cream body mist scarlett body scrub makarizo hair mask pixy bedak two way cake hand cream skintific moisturizer ellips hair vitamin,Beauty,Health & Personal Care,539700
3958,shell super,Gas & Fuel,Transportation,560000
3959,chicken nugget sambal extra paket burger combo paket hemat french fries burger cheese lemon tea,Fast Food,Food & Beverage,338900
3960,memory card webcam full hd,Electronics & Software,Lifestyle & Entertainment,452000
3961,organizer drawer gantungan baju set sekrup set obeng set,Home Improvement,Housing & Utilities,543300
3962,ultra milk coklat filma minyak l pepsodent oreo vanilla bimoli l indomie goreng,Groceries,Food & Beverage,258000
3963,extra shot cappuccino,Coffee Shops,Food & Beverage,42500
3964,airport train tiket ferry travel antarkota,Transportation,Transportation,407500
3965,telur ayam kecap bango ultra milk coklat frisian flag uht silverqueen indomie ayam bawang,Groceries,Food & Beverage,206000
3966,cola medium french fries ice cream cone take away bag ayam goreng crispy spaghetti chicken paket hemat pudding chocolate burger cheese lemon tea,Fast Food,Food & Beverage,498000
3967,shell v power,Gas & Fuel,Transportation,682000
3968,skintific moisturizer revlon lipstick makarizo hair mask,Beauty,Health & Personal Care,261000
3969,ponds face wash azarine sunscreen vaseline body lotion,Beauty,Health & Personal Care,145500
3970,oat milk banana bread brownies kopi susu gula aren lychee tea,Coffee Shops,Food & Beverage,215000
3971,redmi note,Electronics & Software,Lifestyle & Entertainment,2949300
3972,charger fast kabel data type c,Electronics & Software,Lifestyle & Entertainment,494000
3973,pepsodent good day cappuccino walls cornetto kecap bango,Groceries,Food & Beverage,109000
3974,somethinc serum hand cream,Beauty,Health & Personal Care,239800
3975,caffe latte cinnamon roll spanish latte cappuccino,Coffee Shops,Food & Beverage,610700
3976,service charge capcay seafood ayam bakar madu mie goreng jawa soto ayam kwetiau siram sapi sop iga bakso urat,Restaurants,Food & Beverage,436000
3977,plastik sampah x sikat wc,Household,Housing & Utilities,70000
3978,kabel roll stop pisau dapur jam dinding bantal sofa storage box l gantungan baju set lampu led cat tembok organizer drawer keran air pot tanaman obeng set sekrup set artificial plant food container set,Home Improvement,Housing & Utilities,1874000
3979,spicy chicken wings ayam goreng crispy service charge chicken nugget cola medium ice cream cone nasi putih paket ayam nasi,Fast Food,Food & Beverage,312600
3980,chitato sapi panggang saus sambal abc le minerale,Groceries,Food & Beverage,128000
3981,bebek goreng soto ayam ayam bakar madu,Restaurants,Food & Beverage,292500
3982,tissue paseo s sabun cuci tangan plastik sampah x sunlight lime molto pewangi,Household,Housing & Utilities,180900
3983,piattos sapi panggang,Groceries,Food & Beverage,47000
3984,betadine obh combi tolak angin box vitamin c mg,Health,Health & Personal Care,389500
3985,jam dinding,Home Improvement,Housing & Utilities,101000
3986,banana bread croissant butter extra shot,Coffee Shops,Food & Beverage,127500
3987,roti tawar sari roti chitato sapi panggang saus sambal abc indomie goreng fiesta nugget garam refina,Groceries,Food & Beverage,207900
3988,extra shot cinnamon roll,Coffee Shops,Food & Beverage,74000
3989,beras ramos oreo vanilla,Groceries,Food & Beverage,89000
3990,shell v power,Gas & Fuel,Transportation,168500
3991,walls cornetto gula pasir silverqueen,Groceries,Food & Beverage,215000
3992,chicken nugget sambal extra spaghetti chicken,Fast Food,Food & Beverage,95000
3993,iced americano spanish latte,Coffee Shops,Food & Beverage,404400
3994,plastik sampah x attack easy sunlight lime sabun cuci tangan lap microfiber stella pengharum,Household,Housing & Utilities,268000
3995,chicken popcorn tax resto paket hemat paket ayam nasi ayam goreng crispy,Fast Food,Food & Beverage,212300
3996,garnier micellar water ellips hair vitamin emina lip cream makarizo hair mask,Beauty,Health & Personal Care,153000
3997,es kopi pandan cappuccino cinnamon roll spanish latte service charge,Coffee Shops,Food & Beverage,349600
3998,mouse wireless,Electronics & Software,Lifestyle & Entertainment,159000
3999,dexlite,Gas & Fuel,Transportation,532000
4000,lifebuoy sabun batang garam refina ultra milk coklat,Groceries,Food & Beverage,50000
4001,sop iga,Restaurants,Food & Beverage,168000
4002,fiesta nugget beras ramos aqua good day cappuccino chitato sapi panggang,Groceries,Food & Beverage,479000
4003,pertamax air mineral,Gas & Fuel,Transportation,398500
4004,revlon lipstick scarlett body scrub azarine sunscreen,Beauty,Health & Personal Care,271500
4005,oreo vanilla tissue nice s,Groceries,Food & Beverage,43000
4006,chocolate ice banana bread brownies cappuccino almond croissant,Coffee Shops,Food & Beverage,440000
4007,pertamax turbo,Gas & Fuel,Transportation,288000
4008,tolak angin box enervon c botol sanmol tablet paracetamol mg,Health,Health & Personal Care,101400
4009,filma minyak l garam refina mie sedaap soto,Groceries,Food & Beverage,32000
4010,sambal extra rice bowl chicken pudding chocolate chicken nugget,Fast Food,Food & Beverage,135000
4011,kabel roll stop obeng set rak susun tingkat lampu led,Home Improvement,Housing & Utilities,639000
4012,capcay seafood gurame bakar,Restaurants,Food & Beverage,580000
4013,jaket hoodie kaos kaki legging sport kaos basic cotton sport bra,Apparel,Lifestyle & Entertainment,901500
4014,frisian flag uht ultra milk coklat lifebuoy sabun batang telur ayam nu green tea beras ramos mie sedaap soto,Groceries,Food & Beverage,422000
4015,komix jahe oralit sachet promag tablet,Health,Health & Personal Care,24500
4016,revvo,Gas & Fuel,Transportation,394000
4017,shuttle bandung jkt tiket kereta ekonomi,Transportation,Transportation,399000
4018,pertamax turbo,Gas & Fuel,Transportation,638000
4019,brownies caffe latte kopi susu gula aren extra shot es kopi pandan matcha latte chocolate ice croissant butter banana bread iced americano,Coffee Shops,Food & Beverage,591500
4020,bakso urat kwetiau siram sapi jeruk hangat gurame bakar mie goreng jawa sate ayam tsk es cendol capcay seafood,Restaurants,Food & Beverage,778100
4021,sop iga service charge,Restaurants,Food & Beverage,211000
4022,nasi putih chicken popcorn paket hemat burger cheese,Fast Food,Food & Beverage,212000
4023,ultra milk coklat lifebuoy sabun batang good day cappuccino,Groceries,Food & Beverage,44200
4024,es kopi pandan,Coffee Shops,Food & Beverage,34000
4025,pertalite kopi kaleng,Gas & Fuel,Transportation,441000
4026,sekrup set cat tembok bantal sofa keran air,Home Improvement,Housing & Utilities,348000
4027,almond croissant banana bread cappuccino,Coffee Shops,Food & Beverage,135000
4028,pepsodent garam refina yakult roti tawar sari roti teh pucuk silverqueen pop mie ayam ultra milk coklat,Groceries,Food & Beverage,246600
4029,ellips hair vitamin makarizo hair mask garnier micellar water vaseline body lotion,Beauty,Health & Personal Care,166000
4030,capcay seafood nasi goreng spesial soto ayam nasi putih jeruk hangat,Restaurants,Food & Beverage,191000
4031,tiket ferry travel antarkota tiket mrt jakarta,Transportation,Transportation,951000
4032,baygon aerosol stella pengharum spon cuci piring,Household,Housing & Utilities,93000
4033,nu green tea kecap bango roma kelapa chitato sapi panggang roti tawar sari roti indomie goreng indomie ayam bawang,Groceries,Food & Beverage,154300
4034,kaos kaki sport bra legging sport kemeja oxford,Apparel,Lifestyle & Entertainment,510500
4035,kopi susu gula aren,Coffee Shops,Food & Beverage,53200
4036,iced americano almond croissant es kopi pandan cinnamon roll croissant butter,Coffee Shops,Food & Beverage,378100
4037,tax resto french fries lemon tea,Fast Food,Food & Beverage,83600
4038,redmi note usb hub port keyboard usb,Electronics & Software,Lifestyle & Entertainment,3581500
4039,paket hemat paket burger combo ayam goreng crispy paket ayam nasi sambal extra pudding chocolate burger cheese,Fast Food,Food & Beverage,345400
4040,pertalite,Gas & Fuel,Transportation,380000
4041,paket ayam nasi,Fast Food,Food & Beverage,76000
4042,pepsodent aqua oreo vanilla silverqueen roma kelapa,Groceries,Food & Beverage,162300
4043,body mist revlon lipstick herborist body butter makarizo hair mask,Beauty,Health & Personal Care,512000
4044,pertamax,Gas & Fuel,Transportation,117000
4045,saus sambal abc kecap bango walls cornetto aqua lifebuoy sabun batang sunlight lime frisian flag uht nu green tea good day cappuccino pepsodent silverqueen teh pucuk chitato sapi panggang oreo vanilla garam refina,Groceries,Food & Beverage,398000
4046,case hp keyboard usb,Electronics & Software,Lifestyle & Entertainment,378500
4047,pertalite,Gas & Fuel,Transportation,140000
4048,pepsodent fiesta nugget silverqueen kecap bango,Groceries,Food & Beverage,226500
4049,tissue paseo s karbol wangi,Household,Housing & Utilities,190000
4050,piattos sapi panggang frisian flag uht garam refina beras ramos,Groceries,Food & Beverage,161500
4051,paket burger combo nasi putih,Fast Food,Food & Beverage,239000
4052,emina lip cream revlon lipstick,Beauty,Health & Personal Care,237000
4053,walls cornetto,Groceries,Food & Beverage,29100
4054,topi baseball,Apparel,Lifestyle & Entertainment,124000
4055,bimoli l sunlight lime kecap bango,Groceries,Food & Beverage,75000
4056,hand cream azarine sunscreen makarizo hair mask,Beauty,Health & Personal Care,150500
4057,revvo,Gas & Fuel,Transportation,280000
4058,storage box l rak susun tingkat pot tanaman food container set kabel roll stop cat tembok sekrup set bantal sofa pisau dapur jam dinding keran air lampu led,Home Improvement,Housing & Utilities,1629200
4059,powerbank usb hub port keyboard usb redmi note,Electronics & Software,Lifestyle & Entertainment,3350000
4060,tiket ferry,Transportation,Transportation,71000
4061,parkir mobil tol jakarta cikampek,Transportation,Transportation,104000
4062,bp kopi kaleng,Gas & Fuel,Transportation,550500
4063,legging sport,Apparel,Lifestyle & Entertainment,238000
4064,telur ayam lifebuoy sabun batang,Groceries,Food & Beverage,113000
4065,lychee tea brownies cappuccino,Coffee Shops,Food & Beverage,366800
4066,rinso deterjen stella pengharum tissue paseo s molto pewangi sabun cuci tangan lap microfiber kain pel attack easy,Household,Housing & Utilities,459500
4067,talenan gantungan baju set pisau dapur keran air storage box l lampu led,Home Improvement,Housing & Utilities,643000
4068,skintific moisturizer,Beauty,Health & Personal Care,107000
4069,mie goreng jawa dimsum ayam,Restaurants,Food & Beverage,48500
4070,sunlight lime molto pewangi rinso deterjen sos pembersih lantai stella pengharum sikat wc kain pel,Household,Housing & Utilities,448000
4071,sanmol tablet hansaplast minyak kayu putih komix jahe panadol biru strip bodrex flu batuk enervon c botol oralit sachet promag tablet obh combi,Health,Health & Personal Care,178500
4072,dress wanita polo shirt baju anak,Apparel,Lifestyle & Entertainment,533200
4073,beras ramos indomie ayam bawang tepung segitiga biru ultra milk coklat good day cappuccino,Groceries,Food & Beverage,314300
4074,garam refina le minerale sosis so nice indomie goreng pop mie ayam fiesta nugget,Groceries,Food & Beverage,116500
4075,sop iga dimsum ayam bakso urat bebek goreng,Restaurants,Food & Beverage,211000
4076,maybelline fit me ponds face wash,Beauty,Health & Personal Care,150500
4077,matcha latte brownies chocolate ice extra shot,Coffee Shops,Food & Beverage,127500
4078,french fries paket hemat chicken nugget nasi putih paket ayam nasi sambal extra,Fast Food,Food & Beverage,199000
4079,sambal extra spaghetti chicken lemon tea rice bowl chicken pudding chocolate spicy chicken wings paket burger combo french fries,Fast Food,Food & Beverage,398000
4080,masker medis minyak kayu putih promag tablet antangin cair,Health,Health & Personal Care,155300
4081,matcha latte brownies es kopi pandan kopi susu gula aren banana bread cappuccino,Coffee Shops,Food & Beverage,255600
4082,bebek goreng,Restaurants,Food & Beverage,106000
4083,ikat pinggang baju anak,Apparel,Lifestyle & Entertainment,622000
4084,spaghetti chicken ayam goreng crispy,Fast Food,Food & Beverage,130000
4085,take away bag burger cheese chicken popcorn pb,Fast Food,Food & Beverage,139500
4086,yakult indomie goreng oreo vanilla garam refina tepung segitiga biru chitato sapi panggang roma kelapa lifebuoy sabun batang mie sedaap soto,Groceries,Food & Beverage,177400
4087,lemon tea take away bag nasi putih chicken popcorn paket ayam nasi,Fast Food,Food & Beverage,106200
4088,dimsum ayam bakso urat mie ayam jamur soto ayam,Restaurants,Food & Beverage,405000
4089,ponds face wash skintific moisturizer makarizo hair mask azarine sunscreen pixy bedak two way cake scarlett body scrub body mist garnier micellar water revlon lipstick herborist body butter,Beauty,Health & Personal Care,817800
4090,walls cornetto roma kelapa,Groceries,Food & Beverage,75500
4091,keyboard usb oppo a anti gores hp mouse wireless flashdisk,Electronics & Software,Lifestyle & Entertainment,2620000
4092,service charge,Restaurants,Food & Beverage,16000
4093,talenan artificial plant food container set cat tembok gantungan baju set organizer drawer keran air,Home Improvement,Housing & Utilities,649500
4094,tepung segitiga biru garam refina,Groceries,Food & Beverage,22000
4095,vitamin c mg bodrex flu batuk masker medis,Health,Health & Personal Care,73300
4096,tiket bus akap tiket kereta eksekutif,Transportation,Transportation,904900
4097,matcha latte cinnamon roll pb iced americano,Coffee Shops,Food & Beverage,264600
4098,es cendol mie goreng jawa,Restaurants,Food & Beverage,202000
4099,french fries paket ayam nasi lemon tea,Fast Food,Food & Beverage,69000
4100,azarine sunscreen hand cream garnier micellar water,Beauty,Health & Personal Care,175000
4101,bagasi tambahan,Transportation,Transportation,467600
4102,dexlite,Gas & Fuel,Transportation,224000
4103,paracetamol mg,Health,Health & Personal Care,12000
4104,filma minyak l teh pucuk piattos sapi panggang,Groceries,Food & Beverage,71400
4105,betadine komix jahe,Health,Health & Personal Care,25000
4106,walls cornetto roti tawar sari roti telur ayam piattos sapi panggang,Groceries,Food & Beverage,112000
4107,obh combi,Health,Health & Personal Care,30000
4108,sunlight lime roma kelapa lifebuoy sabun batang chitato sapi panggang indomie goreng,Groceries,Food & Beverage,77500
4109,bio solar,Gas & Fuel,Transportation,154000
4110,nasi putih french fries,Fast Food,Food & Beverage,191000
4111,service charge mie goreng jawa sate ayam tsk,Restaurants,Food & Beverage,186000
4112,service charge matcha latte cinnamon roll,Coffee Shops,Food & Beverage,124000
4113,sambal extra ayam goreng crispy burger cheese paket burger combo,Fast Food,Food & Beverage,120000
4114,fiesta nugget indomie goreng oreo vanilla aqua telur ayam,Groceries,Food & Beverage,145500
4115,kecap bango telur ayam lifebuoy sabun batang sunlight lime frisian flag uht beras ramos roti tawar sari roti,Groceries,Food & Beverage,301500
4116,spon cuci piring karbol wangi sunlight lime attack easy,Household,Housing & Utilities,86400
4117,sosis so nice garam refina telur ayam roti tawar sari roti beras ramos yakult chitato sapi panggang,Groceries,Food & Beverage,248200
4118,teh pucuk pepsodent tissue nice s telur ayam aqua pop mie ayam yakult nu green tea tepung segitiga biru roti tawar sari roti,Groceries,Food & Beverage,265000
4119,es teh manis dimsum ayam bakso urat tax resto nasi goreng spesial air mineral kwetiau siram sapi nasi putih cumi saus padang mie goreng jawa gurame bakar,Restaurants,Food & Beverage,789500
4120,tiket mrt jakarta tol dalam kota tiket kereta ekonomi tiket bus akap,Transportation,Transportation,520000
4121,bimoli l telur ayam,Groceries,Food & Beverage,127000
4122,oralit sachet minyak kayu putih paracetamol mg,Health,Health & Personal Care,42500
4123,revvo,Gas & Fuel,Transportation,36000
4124,iced americano brownies extra shot kopi susu gula aren matcha latte,Coffee Shops,Food & Beverage,173500
4125,sport bra polo shirt kemeja oxford,Apparel,Lifestyle & Entertainment,558000
4126,vaseline body lotion ellips hair vitamin revlon lipstick scarlett body scrub hand cream ponds face wash makarizo hair mask pixy bedak two way cake maybelline fit me azarine sunscreen,Beauty,Health & Personal Care,897100
4127,air mineral nasi putih ayam bakar madu sop iga es cendol bakso urat,Restaurants,Food & Beverage,439200
4128,bebek goreng ayam bakar madu soto ayam cumi saus padang nasi goreng spesial gurame bakar,Restaurants,Food & Beverage,604000
4129,matcha latte cheesecake slice extra shot croissant butter,Coffee Shops,Food & Beverage,172500
4130,minyak kayu putih bodrex flu batuk vitamin c mg hansaplast sanmol tablet,Health,Health & Personal Care,129000
4131,enervon c botol hansaplast komix jahe,Health,Health & Personal Care,73300
4132,speaker bluetooth,Electronics & Software,Lifestyle & Entertainment,269200
4133,chicken nugget paket burger combo lemon tea paket hemat chicken popcorn,Fast Food,Food & Beverage,181000
4134,saus sambal abc beras ramos silverqueen le minerale fiesta nugget tissue nice s roti tawar sari roti,Groceries,Food & Beverage,381000
4135,good day cappuccino sosis so nice aqua indomie ayam bawang saus sambal abc telur ayam kecap bango oreo vanilla,Groceries,Food & Beverage,135000
4136,webcam full hd,Electronics & Software,Lifestyle & Entertainment,384000
4137,wardah lightening toner maybelline fit me azarine sunscreen hand cream somethinc serum,Beauty,Health & Personal Care,402000
4138,walls cornetto ultra milk coklat sunlight lime indomie ayam bawang garam refina,Groceries,Food & Beverage,123000
4139,teh pucuk sunlight lime tepung segitiga biru indomie ayam bawang sosis so nice filma minyak l,Groceries,Food & Beverage,152700
4140,rice bowl chicken pudding chocolate spaghetti chicken lemon tea service charge,Fast Food,Food & Beverage,269600
4141,super pell molto pewangi sunlight lime sabun cuci tangan attack easy,Household,Housing & Utilities,298000
4142,storage box l obeng set kabel roll stop bantal sofa artificial plant,Home Improvement,Housing & Utilities,914000
4143,vaseline body lotion revlon lipstick,Beauty,Health & Personal Care,166000
4144,minyak kayu putih termometer digital enervon c botol betadine,Health,Health & Personal Care,240500
4145,sikat wc super pell,Household,Housing & Utilities,90400
4146,fiesta nugget lifebuoy sabun batang yakult ultra milk coklat roti tawar sari roti teh pucuk filma minyak l le minerale,Groceries,Food & Beverage,288000
4147,ultra milk coklat sosis so nice,Groceries,Food & Beverage,19500
4148,kopi kapal api mix,Groceries,Food & Beverage,2000
4149,kopi susu gula aren cappuccino banana bread lychee tea extra shot es kopi pandan,Coffee Shops,Food & Beverage,296300
4150,attack easy sabun cuci tangan stella pengharum baygon aerosol sikat wc karbol wangi tissue paseo s spon cuci piring,Household,Housing & Utilities,424000
4151,panadol biru strip termometer digital tolak angin box hansaplast komix jahe,Health,Health & Personal Care,198000
4152,webcam full hd,Electronics & Software,Lifestyle & Entertainment,451000
4153,pot tanaman sekrup set,Home Improvement,Housing & Utilities,215000
4154,case hp oppo a,Electronics & Software,Lifestyle & Entertainment,5603000
4155,chicken nugget pudding chocolate,Fast Food,Food & Beverage,61000
4156,tiket mrt jakarta tiket bus akap tiket kereta eksekutif tiket ferry tiket krl,Transportation,Transportation,807000
4157,pepsodent telur ayam beras ramos lifebuoy sabun batang aqua,Groceries,Food & Beverage,132900
4158,pepsodent filma minyak l walls cornetto chitato sapi panggang garam refina beras ramos,Groceries,Food & Beverage,248000
4159,oat milk spanish latte cinnamon roll,Coffee Shops,Food & Beverage,100000
4160,capcay seafood soto ayam gurame bakar air mineral bakso urat,Restaurants,Food & Beverage,390000
4161,beras ramos telur ayam,Groceries,Food & Beverage,182000
4162,minyak kayu putih,Health,Health & Personal Care,52000
4163,minyak kayu putih bodrex flu batuk termometer digital tolak angin box sanmol tablet paracetamol mg masker medis,Health,Health & Personal Care,425000
4164,filma minyak l lifebuoy sabun batang yakult,Groceries,Food & Beverage,36000
4165,dimsum ayam tax resto soto ayam cumi saus padang,Restaurants,Food & Beverage,219000
4166,tissue nice s telur ayam,Groceries,Food & Beverage,47000
4167,ayam bakar madu pb service charge,Restaurants,Food & Beverage,90900
4168,yakult roma kelapa filma minyak l nu green tea mie sedaap soto fiesta nugget,Groceries,Food & Beverage,266000
4169,hand cream body mist somethinc serum garnier micellar water,Beauty,Health & Personal Care,387000
4170,kwetiau siram sapi bakso urat pb,Restaurants,Food & Beverage,186000
4171,paket hemat spicy chicken wings pudding chocolate sambal extra take away bag rice bowl chicken cola medium,Fast Food,Food & Beverage,259100
4172,burger cheese cola medium ice cream cone french fries,Fast Food,Food & Beverage,100200
4173,gurame bakar air mineral,Restaurants,Food & Beverage,145000
4174,dimsum ayam jeruk hangat kwetiau siram sapi nasi goreng spesial,Restaurants,Food & Beverage,117500
4175,telur ayam tissue nice s yakult kopi kapal api mix,Groceries,Food & Beverage,124500
4176,sop iga cumi saus padang dimsum ayam kwetiau siram sapi,Restaurants,Food & Beverage,324000
4177,komix jahe,Health,Health & Personal Care,6000
4178,oat milk croissant butter almond croissant,Coffee Shops,Food & Beverage,356000
4179,kopi kapal api mix teh pucuk yakult le minerale good day cappuccino indomie goreng,Groceries,Food & Beverage,77000
4180,silverqueen roti tawar sari roti yakult teh pucuk le minerale tissue nice s sosis so nice telur ayam sunlight lime chitato sapi panggang,Groceries,Food & Beverage,358200
4181,sunlight lime karbol wangi,Household,Housing & Utilities,224500
4182,tiket kereta ekonomi parkir mobil,Transportation,Transportation,128500
4183,sosis so nice walls cornetto,Groceries,Food & Beverage,64000
4184,beras ramos garam refina good day cappuccino lifebuoy sabun batang fiesta nugget kecap bango gula pasir indomie ayam bawang frisian flag uht sunlight lime sosis so nice roma kelapa,Groceries,Food & Beverage,390800
4185,jaket hoodie sport bra kaos kaki,Apparel,Lifestyle & Entertainment,556000
4186,garam refina good day cappuccino oreo vanilla sunlight lime,Groceries,Food & Beverage,55500
4187,vitamin c mg betadine hansaplast obh combi minyak kayu putih antangin cair sanmol tablet masker medis,Health,Health & Personal Care,261500
4188,tiket kereta eksekutif tiket kereta ekonomi tiket bus transjakarta,Transportation,Transportation,836000
4189,good day cappuccino,Groceries,Food & Beverage,4000
4190,sunlight lime sikat wc,Household,Housing & Utilities,46600
4191,pot tanaman talenan pisau dapur keran air jam dinding bantal sofa artificial plant organizer drawer storage box l sekrup set,Home Improvement,Housing & Utilities,1214000
4192,revvo,Gas & Fuel,Transportation,23800
4193,spon cuci piring sabun cuci tangan sunlight lime super pell karbol wangi baygon aerosol attack easy plastik sampah x sikat wc wipol lap microfiber tissue paseo s,Household,Housing & Utilities,572700
4194,artificial plant pisau dapur cat tembok,Home Improvement,Housing & Utilities,295200
4195,body mist herborist body butter garnier micellar water,Beauty,Health & Personal Care,311000
4196,tepung segitiga biru kopi kapal api mix indomie goreng,Groceries,Food & Beverage,22000
4197,paket ayam nasi ayam goreng crispy rice bowl chicken nasi putih ice cream cone pudding chocolate chicken nugget,Fast Food,Food & Beverage,390000
4198,lychee tea kopi susu gula aren,Coffee Shops,Food & Beverage,130000
4199,rak susun tingkat storage box l lampu led pot tanaman bantal sofa keran air jam dinding sekrup set cat tembok,Home Improvement,Housing & Utilities,1042600
4200,bio solar,Gas & Fuel,Transportation,168000
4201,pertamax,Gas & Fuel,Transportation,286000
4202,anti gores hp kabel data type c,Electronics & Software,Lifestyle & Entertainment,69300
4203,hansaplast tolak angin box,Health,Health & Personal Care,61500
4204,tiket kereta eksekutif tiket krl tiket pesawat domestik tol dalam kota bagasi tambahan,Transportation,Transportation,1057000
4205,sandal casual sepatu sneakers legging sport,Apparel,Lifestyle & Entertainment,1690000
4206,air mineral es teh manis,Restaurants,Food & Beverage,37800
4207,brownies almond croissant,Coffee Shops,Food & Beverage,124000
4208,garam refina aqua beras ramos indomie goreng telur ayam lifebuoy sabun batang fiesta nugget good day cappuccino teh pucuk,Groceries,Food & Beverage,710500
4209,beras ramos tepung segitiga biru nu green tea sunlight lime,Groceries,Food & Beverage,208000
4210,pudding chocolate spicy chicken wings ayam goreng crispy chicken popcorn cola medium take away bag sambal extra spaghetti chicken french fries nasi putih,Fast Food,Food & Beverage,369000
4211,tiket pesawat domestik airport train tiket ferry bagasi tambahan,Transportation,Transportation,3047000
4212,ayam goreng crispy french fries paket ayam nasi chicken popcorn,Fast Food,Food & Beverage,120800
4213,walls cornetto tissue nice s,Groceries,Food & Beverage,56000
4214,enervon c botol termometer digital komix jahe tolak angin box oralit sachet,Health,Health & Personal Care,156500
4215,jeruk hangat nasi goreng spesial es teh manis,Restaurants,Food & Beverage,82000
4216,cinnamon roll chocolate ice banana bread extra shot kopi susu gula aren lychee tea iced americano oat milk,Coffee Shops,Food & Beverage,319700
4217,pertalite,Gas & Fuel,Transportation,40000
4218,nasi goreng spesial cumi saus padang,Restaurants,Food & Beverage,93000
4219,minyak kayu putih paracetamol mg antangin cair promag tablet enervon c botol sanmol tablet,Health,Health & Personal Care,149500
4220,tepung segitiga biru fiesta nugget chitato sapi panggang oreo vanilla,Groceries,Food & Beverage,302500
4221,indomie ayam bawang aqua filma minyak l piattos sapi panggang good day cappuccino,Groceries,Food & Beverage,76500
4222,lifebuoy sabun batang mie sedaap soto tissue nice s aqua good day cappuccino frisian flag uht roma kelapa,Groceries,Food & Beverage,117000
4223,roma kelapa mie sedaap soto nu green tea chitato sapi panggang silverqueen good day cappuccino piattos sapi panggang teh pucuk filma minyak l indomie ayam bawang beras ramos le minerale,Groceries,Food & Beverage,481200
4224,almond croissant cheesecake slice chocolate ice spanish latte cappuccino oat milk,Coffee Shops,Food & Beverage,433500
4225,ayam bakar madu,Restaurants,Food & Beverage,102000
4226,oralit sachet,Health,Health & Personal Care,9900
4227,cola medium ayam goreng crispy burger cheese paket hemat,Fast Food,Food & Beverage,229000
4228,sport bra kaos basic cotton topi baseball,Apparel,Lifestyle & Entertainment,451400
4229,oralit sachet tolak angin box,Health,Health & Personal Care,49000
4230,oreo vanilla filma minyak l tepung segitiga biru saus sambal abc,Groceries,Food & Beverage,98000
4231,plastik sampah x wipol,Household,Housing & Utilities,64000
4232,sport bra kaos kaki kemeja flanel legging sport,Apparel,Lifestyle & Entertainment,846000
4233,wipol plastik sampah x baygon aerosol attack easy rinso deterjen sabun cuci tangan sos pembersih lantai,Household,Housing & Utilities,683000
4234,termometer digital,Health,Health & Personal Care,171000
4235,keran air talenan kabel roll stop,Home Improvement,Housing & Utilities,381000
4236,revvo,Gas & Fuel,Transportation,234000
4237,french fries cola medium burger cheese spaghetti chicken paket burger combo,Fast Food,Food & Beverage,136000
4238,spaghetti chicken spicy chicken wings french fries paket hemat,Fast Food,Food & Beverage,165000
4239,indomie ayam bawang mie sedaap soto filma minyak l good day cappuccino garam refina saus sambal abc,Groceries,Food & Beverage,147500
4240,ponds face wash makarizo hair mask,Beauty,Health & Personal Care,65100
4241,frisian flag uht gula pasir sosis so nice good day cappuccino yakult beras ramos tissue nice s,Groceries,Food & Beverage,306200
4242,oppo a powerbank,Electronics & Software,Lifestyle & Entertainment,2544200
4243,rice bowl chicken paket hemat paket burger combo,Fast Food,Food & Beverage,250000
4244,spanish latte cinnamon roll almond croissant caffe latte es kopi pandan cappuccino banana bread,Coffee Shops,Food & Beverage,253000
4245,sekrup set,Home Improvement,Housing & Utilities,39000
4246,le minerale oreo vanilla tissue nice s chitato sapi panggang telur ayam,Groceries,Food & Beverage,187200
4247,vitamin c mg oralit sachet,Health,Health & Personal Care,48000
4248,aqua piattos sapi panggang,Groceries,Food & Beverage,36000
4249,bio solar,Gas & Fuel,Transportation,119000
4250,kecap bango yakult kopi kapal api mix nu green tea beras ramos telur ayam bimoli l roti tawar sari roti,Groceries,Food & Beverage,418000
4251,spicy chicken wings pb paket ayam nasi pudding chocolate,Fast Food,Food & Beverage,133400
4252,travel antarkota parkir motor airport train,Transportation,Transportation,321000
4253,ice cream cone cola medium,Fast Food,Food & Beverage,20600
4254,indomie ayam bawang filma minyak l tissue nice s telur ayam,Groceries,Food & Beverage,270000
4255,garam refina nu green tea saus sambal abc,Groceries,Food & Beverage,45700
4256,air mineral cumi saus padang es teh manis ayam bakar madu,Restaurants,Food & Beverage,298500
4257,ayam goreng crispy chicken nugget,Fast Food,Food & Beverage,106000
4258,iced americano service charge extra shot,Coffee Shops,Food & Beverage,92000
4259,almond croissant spanish latte banana bread,Coffee Shops,Food & Beverage,97000
4260,headset bluetooth,Electronics & Software,Lifestyle & Entertainment,414000
4261,filma minyak l pop mie ayam,Groceries,Food & Beverage,103400
4262,lifebuoy sabun batang beras ramos bimoli l silverqueen oreo vanilla,Groceries,Food & Beverage,141500
4263,fiesta nugget indomie ayam bawang pepsodent,Groceries,Food & Beverage,378000
4264,food container set gantungan baju set bantal sofa kabel roll stop pot tanaman sekrup set,Home Improvement,Housing & Utilities,490000
4265,paket ayam nasi pb,Fast Food,Food & Beverage,32000
4266,cumi saus padang mie goreng jawa dimsum ayam,Restaurants,Food & Beverage,111500
4267,mie ayam jamur dimsum ayam es teh manis nasi goreng spesial mie goreng jawa,Restaurants,Food & Beverage,232000
4268,caffe latte,Coffee Shops,Food & Beverage,35000
4269,pertamax kopi kaleng,Gas & Fuel,Transportation,193000
4270,nasi putih take away bag,Fast Food,Food & Beverage,11000
4271,bp,Gas & Fuel,Transportation,364500
4272,tiket kereta eksekutif,Transportation,Transportation,688000
4273,enervon c botol antangin cair masker medis tolak angin box,Health,Health & Personal Care,163200
4274,take away bag spaghetti chicken lemon tea nasi putih spicy chicken wings chicken popcorn paket hemat rice bowl chicken,Fast Food,Food & Beverage,282000
4275,chicken popcorn pudding chocolate ice cream cone paket ayam nasi,Fast Food,Food & Beverage,181000
4276,wipol spon cuci piring plastik sampah x,Household,Housing & Utilities,74000
4277,jam dinding bantal sofa pisau dapur,Home Improvement,Housing & Utilities,642000
4278,brownies banana bread caffe latte cappuccino,Coffee Shops,Food & Beverage,480000
4279,air mineral sop iga bakso urat nasi putih mie goreng jawa pb,Restaurants,Food & Beverage,180900
4280,body mist makarizo hair mask,Beauty,Health & Personal Care,113500
4281,tissue nice s kopi kapal api mix chitato sapi panggang pop mie ayam,Groceries,Food & Beverage,52000
4282,tax resto lychee tea spanish latte croissant butter es kopi pandan brownies,Coffee Shops,Food & Beverage,217500
4283,oreo vanilla sosis so nice fiesta nugget saus sambal abc tepung segitiga biru sunlight lime garam refina teh pucuk bimoli l pepsodent,Groceries,Food & Beverage,304500
4284,saus sambal abc,Groceries,Food & Beverage,102000
4285,gula pasir le minerale pop mie ayam chitato sapi panggang saus sambal abc good day cappuccino tissue nice s beras ramos silverqueen,Groceries,Food & Beverage,291000
4286,cinnamon roll cheesecake slice,Coffee Shops,Food & Beverage,141000
4287,paracetamol mg antangin cair oralit sachet,Health,Health & Personal Care,21000
4288,paket hemat nasi putih chicken nugget,Fast Food,Food & Beverage,79500
4289,service charge capcay seafood bakso urat soto ayam bebek goreng pb,Restaurants,Food & Beverage,400500
4290,fiesta nugget sunlight lime teh pucuk roma kelapa garam refina pepsodent,Groceries,Food & Beverage,132000
4291,le minerale walls cornetto,Groceries,Food & Beverage,40000
4292,chitato sapi panggang silverqueen tepung segitiga biru garam refina sosis so nice lifebuoy sabun batang roti tawar sari roti tissue nice s ultra milk coklat beras ramos,Groceries,Food & Beverage,438800
4293,piattos sapi panggang beras ramos pepsodent,Groceries,Food & Beverage,236000
4294,nu green tea kopi kapal api mix telur ayam roti tawar sari roti good day cappuccino yakult,Groceries,Food & Beverage,90000
4295,oreo vanilla teh pucuk telur ayam aqua saus sambal abc piattos sapi panggang kecap bango gula pasir fiesta nugget,Groceries,Food & Beverage,248000
4296,silverqueen tissue nice s nu green tea indomie goreng kopi kapal api mix piattos sapi panggang,Groceries,Food & Beverage,142500
4297,service charge gurame bakar nasi goreng spesial sop iga bakso urat,Restaurants,Food & Beverage,307000
4298,nu green tea tepung segitiga biru pepsodent teh pucuk frisian flag uht pop mie ayam yakult telur ayam,Groceries,Food & Beverage,252000
4299,tissue nice s garam refina chitato sapi panggang saus sambal abc,Groceries,Food & Beverage,93500
4300,iced americano,Coffee Shops,Food & Beverage,100000
4301,revvo,Gas & Fuel,Transportation,294000
4302,walls cornetto beras ramos frisian flag uht sunlight lime mie sedaap soto pop mie ayam saus sambal abc oreo vanilla kecap bango bimoli l yakult ultra milk coklat,Groceries,Food & Beverage,484100
4303,sos pembersih lantai,Household,Housing & Utilities,112000
4304,sunlight lime beras ramos pepsodent oreo vanilla,Groceries,Food & Beverage,138500
4305,rak susun tingkat artificial plant gantungan baju set organizer drawer pisau dapur jam dinding,Home Improvement,Housing & Utilities,1053800
4306,ice cream cone french fries sambal extra rice bowl chicken,Fast Food,Food & Beverage,210000
4307,storage box l gantungan baju set keran air rak susun tingkat obeng set food container set jam dinding,Home Improvement,Housing & Utilities,1339600
4308,tolak angin box sanmol tablet bodrex flu batuk,Health,Health & Personal Care,65000
4309,fiesta nugget,Groceries,Food & Beverage,35000
4310,fiesta nugget saus sambal abc beras ramos filma minyak l aqua kopi kapal api mix chitato sapi panggang roma kelapa,Groceries,Food & Beverage,205000
4311,nu green tea tepung segitiga biru tissue nice s kecap bango silverqueen,Groceries,Food & Beverage,80500
4312,kopi kapal api mix fiesta nugget,Groceries,Food & Beverage,82000
4313,sanmol tablet paracetamol mg masker medis enervon c botol minyak kayu putih oralit sachet termometer digital antangin cair promag tablet bodrex flu batuk,Health,Health & Personal Care,238800
4314,dexlite,Gas & Fuel,Transportation,193000
4315,nasi goreng spesial service charge kwetiau siram sapi,Restaurants,Food & Beverage,200000
4316,topi baseball baju anak sepatu sneakers kemeja oxford,Apparel,Lifestyle & Entertainment,930500
4317,storage box l gantungan baju set pot tanaman keran air talenan bantal sofa,Home Improvement,Housing & Utilities,566000
4318,attack easy plastik sampah x wipol kain pel super pell karbol wangi sos pembersih lantai baygon aerosol,Household,Housing & Utilities,601600
4319,service charge mie ayam jamur cumi saus padang jeruk hangat capcay seafood,Restaurants,Food & Beverage,337500
4320,nasi goreng spesial es cendol,Restaurants,Food & Beverage,149500
4321,sunlight lime kain pel rinso deterjen tissue paseo s attack easy stella pengharum plastik sampah x,Household,Housing & Utilities,673000
4322,ayam bakar madu cumi saus padang bakso urat,Restaurants,Food & Beverage,389000
4323,tax resto sambal extra french fries,Fast Food,Food & Beverage,73000
4324,piattos sapi panggang walls cornetto beras ramos,Groceries,Food & Beverage,278200
4325,kabel roll stop lampu led keran air artificial plant gantungan baju set pot tanaman jam dinding storage box l,Home Improvement,Housing & Utilities,814700
4326,pepsodent ultra milk coklat garam refina,Groceries,Food & Beverage,93000
4327,ayam goreng crispy paket hemat take away bag nasi putih lemon tea rice bowl chicken spicy chicken wings,Fast Food,Food & Beverage,433100
4328,tiket kereta ekonomi,Transportation,Transportation,109000
4329,le minerale kecap bango saus sambal abc walls cornetto,Groceries,Food & Beverage,161000
4330,saus sambal abc pepsodent sosis so nice tepung segitiga biru,Groceries,Food & Beverage,155100
4331,piattos sapi panggang teh pucuk tissue nice s indomie goreng,Groceries,Food & Beverage,69000
4332,tax resto french fries spaghetti chicken spicy chicken wings rice bowl chicken ayam goreng crispy paket ayam nasi,Fast Food,Food & Beverage,227500
4333,iced americano extra shot,Coffee Shops,Food & Beverage,91000
4334,bimoli l tepung segitiga biru kopi kapal api mix indomie ayam bawang le minerale gula pasir silverqueen oreo vanilla,Groceries,Food & Beverage,129400
4335,oralit sachet tolak angin box panadol biru strip komix jahe,Health,Health & Personal Care,67000
4336,ellips hair vitamin scarlett body scrub herborist body butter somethinc serum vaseline body lotion garnier micellar water ponds face wash skintific moisturizer maybelline fit me pixy bedak two way cake,Beauty,Health & Personal Care,789000
4337,kopi kapal api mix oreo vanilla telur ayam saus sambal abc teh pucuk,Groceries,Food & Beverage,173500
4338,bp,Gas & Fuel,Transportation,462000
4339,lifebuoy sabun batang sosis so nice aqua le minerale sunlight lime indomie goreng,Groceries,Food & Beverage,37000
4340,stella pengharum molto pewangi lap microfiber kain pel,Household,Housing & Utilities,294000
4341,silverqueen pepsodent filma minyak l frisian flag uht teh pucuk,Groceries,Food & Beverage,108500
4342,speaker bluetooth,Electronics & Software,Lifestyle & Entertainment,196000
4343,tax resto almond croissant cappuccino cheesecake slice spanish latte,Coffee Shops,Food & Beverage,197700
4344,oralit sachet obh combi,Health,Health & Personal Care,62000
4345,body mist maybelline fit me hand cream ponds face wash azarine sunscreen,Beauty,Health & Personal Care,295000
4346,kopi kapal api mix aqua ultra milk coklat oreo vanilla,Groceries,Food & Beverage,58500
4347,charger fast speaker bluetooth mouse wireless kabel data type c,Electronics & Software,Lifestyle & Entertainment,860000
4348,jeans slim fit,Apparel,Lifestyle & Entertainment,778000
4349,flashdisk redmi note samsung a charger fast,Electronics & Software,Lifestyle & Entertainment,5524000
4350,lychee tea extra shot,Coffee Shops,Food & Beverage,53400
4351,food container set bantal sofa artificial plant rak susun tingkat storage box l,Home Improvement,Housing & Utilities,770000
4352,piattos sapi panggang saus sambal abc ultra milk coklat,Groceries,Food & Beverage,81000
4353,celana chino,Apparel,Lifestyle & Entertainment,278000
4354,air mineral gurame bakar dimsum ayam soto ayam service charge,Restaurants,Food & Beverage,369000
4355,silverqueen le minerale roma kelapa tissue nice s garam refina indomie goreng,Groceries,Food & Beverage,72000
4356,organizer drawer obeng set lampu led,Home Improvement,Housing & Utilities,226000
4357,samsung a usb hub port,Electronics & Software,Lifestyle & Entertainment,2345200
4358,travel antarkota tiket ferry tiket bus transjakarta tiket mrt jakarta parkir mobil,Transportation,Transportation,489700
4359,telur ayam chitato sapi panggang pepsodent sunlight lime good day cappuccino roma kelapa tepung segitiga biru lifebuoy sabun batang silverqueen aqua,Groceries,Food & Beverage,309200
4360,nasi putih burger cheese rice bowl chicken chicken popcorn paket ayam nasi service charge,Fast Food,Food & Beverage,274600
4361,nu green tea le minerale lifebuoy sabun batang chitato sapi panggang tissue nice s,Groceries,Food & Beverage,79700
4362,telur ayam silverqueen tissue nice s teh pucuk aqua ultra milk coklat saus sambal abc pop mie ayam walls cornetto,Groceries,Food & Beverage,307000
4363,sunlight lime indomie ayam bawang telur ayam oreo vanilla bimoli l le minerale beras ramos saus sambal abc sosis so nice,Groceries,Food & Beverage,490000
4364,jaket hoodie,Apparel,Lifestyle & Entertainment,348000
4365,rinso deterjen stella pengharum super pell spon cuci piring,Household,Housing & Utilities,352000
4366,skintific moisturizer azarine sunscreen,Beauty,Health & Personal Care,211000
4367,pixy bedak two way cake ellips hair vitamin ponds face wash maybelline fit me body mist herborist body butter makarizo hair mask skintific moisturizer,Beauty,Health & Personal Care,738300
4368,artificial plant jam dinding,Home Improvement,Housing & Utilities,247000
4369,kain pel attack easy tissue paseo s,Household,Housing & Utilities,272000
4370,saus sambal abc mie sedaap soto pepsodent walls cornetto chitato sapi panggang,Groceries,Food & Beverage,189000
4371,tissue paseo s rinso deterjen sikat wc lap microfiber baygon aerosol,Household,Housing & Utilities,222000
4372,airport train tiket krl,Transportation,Transportation,134000
4373,extra shot croissant butter caffe latte banana bread chocolate ice spanish latte almond croissant cappuccino oat milk lychee tea,Coffee Shops,Food & Beverage,539700
4374,es cendol dimsum ayam jeruk hangat kwetiau siram sapi,Restaurants,Food & Beverage,198600
4375,nasi putih air mineral bebek goreng nasi goreng spesial gurame bakar bakso urat cumi saus padang soto ayam,Restaurants,Food & Beverage,479000
4376,tiket krl tiket ferry tiket bus akap tiket mrt jakarta,Transportation,Transportation,410500
4377,soto ayam sop iga,Restaurants,Food & Beverage,84000
4378,pixy bedak two way cake skintific moisturizer hand cream somethinc serum garnier micellar water wardah lightening toner,Beauty,Health & Personal Care,585700
4379,nasi putih jeruk hangat bebek goreng,Restaurants,Food & Beverage,239000
4380,bagasi tambahan,Transportation,Transportation,109000
4381,kaos basic cotton,Apparel,Lifestyle & Entertainment,85000
4382,spaghetti chicken,Fast Food,Food & Beverage,31500
4383,wardah lightening toner scarlett body scrub herborist body butter skintific moisturizer vaseline body lotion,Beauty,Health & Personal Care,452000
4384,minyak kayu putih promag tablet bodrex flu batuk oralit sachet termometer digital tolak angin box masker medis antangin cair enervon c botol betadine,Health,Health & Personal Care,311500
4385,cat tembok food container set talenan,Home Improvement,Housing & Utilities,657000
4386,kopi kapal api mix oreo vanilla chitato sapi panggang lifebuoy sabun batang,Groceries,Food & Beverage,49000
4387,wardah lightening toner emina lip cream somethinc serum azarine sunscreen garnier micellar water,Beauty,Health & Personal Care,583000
4388,bodrex flu batuk panadol biru strip sanmol tablet masker medis promag tablet obh combi,Health,Health & Personal Care,140600
4389,pudding chocolate,Fast Food,Food & Beverage,22800
4390,enervon c botol masker medis panadol biru strip komix jahe vitamin c mg,Health,Health & Personal Care,115000
4391,nu green tea roma kelapa gula pasir le minerale lifebuoy sabun batang yakult frisian flag uht,Groceries,Food & Beverage,189500
4392,bakso urat pb air mineral,Restaurants,Food & Beverage,39200
4393,dimsum ayam es teh manis service charge sop iga pb mie ayam jamur cumi saus padang,Restaurants,Food & Beverage,375700
4394,iced americano lychee tea matcha latte,Coffee Shops,Food & Beverage,132000
4395,plastik sampah x sos pembersih lantai spon cuci piring,Household,Housing & Utilities,181500
4396,parkir motor tol dalam kota airport train tiket krl parkir mobil,Transportation,Transportation,102000
4397,pb brownies iced americano lychee tea cappuccino,Coffee Shops,Food & Beverage,104500
4398,sambal extra french fries ice cream cone burger cheese,Fast Food,Food & Beverage,211000
4399,tissue nice s,Groceries,Food & Beverage,22000
4400,caffe latte service charge almond croissant cinnamon roll lychee tea croissant butter cheesecake slice cappuccino oat milk,Coffee Shops,Food & Beverage,480500
4401,es teh manis gurame bakar bakso urat,Restaurants,Food & Beverage,268000
4402,oreo vanilla ultra milk coklat frisian flag uht,Groceries,Food & Beverage,63000
4403,banana bread almond croissant,Coffee Shops,Food & Beverage,57000
4404,banana bread cheesecake slice kopi susu gula aren lychee tea caffe latte,Coffee Shops,Food & Beverage,315200
4405,revvo,Gas & Fuel,Transportation,260000
4406,ayam goreng crispy service charge rice bowl chicken lemon tea,Fast Food,Food & Beverage,259000
4407,capcay seafood mie goreng jawa pb sop iga bakso urat ayam bakar madu,Restaurants,Food & Beverage,248600
4408,tissue paseo s baygon aerosol plastik sampah x attack easy,Household,Housing & Utilities,377000
4409,frisian flag uht roti tawar sari roti mie sedaap soto bimoli l pepsodent,Groceries,Food & Beverage,90000
4410,karbol wangi sikat wc rinso deterjen sunlight lime sabun cuci tangan sos pembersih lantai molto pewangi stella pengharum,Household,Housing & Utilities,440000
4411,food container set kabel roll stop keran air obeng set talenan rak susun tingkat jam dinding,Home Improvement,Housing & Utilities,937000
4412,jaket hoodie,Apparel,Lifestyle & Entertainment,265000
4413,artificial plant gantungan baju set cat tembok pisau dapur pot tanaman storage box l food container set organizer drawer kabel roll stop,Home Improvement,Housing & Utilities,1453700
4414,makarizo hair mask body mist emina lip cream garnier micellar water maybelline fit me,Beauty,Health & Personal Care,438000
4415,storage box l keran air sekrup set gantungan baju set food container set bantal sofa organizer drawer lampu led,Home Improvement,Housing & Utilities,514500
4416,teh pucuk indomie goreng mie sedaap soto gula pasir kecap bango saus sambal abc bimoli l walls cornetto garam refina piattos sapi panggang,Groceries,Food & Beverage,167500
4417,betadine masker medis komix jahe enervon c botol termometer digital vitamin c mg antangin cair paracetamol mg,Health,Health & Personal Care,376000
4418,roti tawar sari roti filma minyak l tissue nice s mie sedaap soto walls cornetto,Groceries,Food & Beverage,263000
4419,caffe latte almond croissant matcha latte es kopi pandan spanish latte,Coffee Shops,Food & Beverage,318000
4420,dimsum ayam,Restaurants,Food & Beverage,39000
4421,tissue nice s bimoli l yakult sunlight lime silverqueen,Groceries,Food & Beverage,210000
4422,lifebuoy sabun batang gula pasir pepsodent teh pucuk garam refina,Groceries,Food & Beverage,98700
4423,bio solar air mineral,Gas & Fuel,Transportation,56000
4424,saus sambal abc pop mie ayam,Groceries,Food & Beverage,43000
4425,chitato sapi panggang garam refina,Groceries,Food & Beverage,22400
4426,teh pucuk kecap bango bimoli l,Groceries,Food & Beverage,119000
4427,garam refina kopi kapal api mix oreo vanilla tepung segitiga biru indomie ayam bawang telur ayam,Groceries,Food & Beverage,98500
4428,dimsum ayam es cendol nasi goreng spesial gurame bakar,Restaurants,Food & Beverage,246000
4429,sos pembersih lantai lap microfiber sunlight lime sabun cuci tangan stella pengharum molto pewangi attack easy sikat wc tissue paseo s,Household,Housing & Utilities,656500
4430,le minerale roma kelapa yakult pepsodent good day cappuccino tepung segitiga biru kecap bango mie sedaap soto,Groceries,Food & Beverage,187000
4431,sop iga cumi saus padang service charge,Restaurants,Food & Beverage,443600
4432,sos pembersih lantai baygon aerosol plastik sampah x super pell lap microfiber molto pewangi,Household,Housing & Utilities,270000
4433,kwetiau siram sapi capcay seafood service charge ayam bakar madu dimsum ayam mie goreng jawa bakso urat mie ayam jamur,Restaurants,Food & Beverage,481400
4434,beras ramos good day cappuccino le minerale silverqueen,Groceries,Food & Beverage,130000
4435,cinnamon roll pb chocolate ice almond croissant,Coffee Shops,Food & Beverage,259100
4436,chitato sapi panggang silverqueen pepsodent kecap bango mie sedaap soto kopi kapal api mix saus sambal abc,Groceries,Food & Beverage,159800
4437,sekrup set organizer drawer lampu led bantal sofa gantungan baju set keran air storage box l,Home Improvement,Housing & Utilities,716000
4438,es teh manis kwetiau siram sapi bakso urat,Restaurants,Food & Beverage,158000
4439,kopi kapal api mix pepsodent pop mie ayam sunlight lime,Groceries,Food & Beverage,32000
4440,iced americano cinnamon roll oat milk extra shot,Coffee Shops,Food & Beverage,127500
4441,ice cream cone lemon tea,Fast Food,Food & Beverage,48000
4442,silverqueen,Groceries,Food & Beverage,48000
4443,saus sambal abc sunlight lime aqua beras ramos mie sedaap soto,Groceries,Food & Beverage,197000
4444,shuttle bandung jkt,Transportation,Transportation,205000
4445,frisian flag uht le minerale saus sambal abc,Groceries,Food & Beverage,174000
4446,skintific moisturizer vaseline body lotion azarine sunscreen revlon lipstick,Beauty,Health & Personal Care,438000
4447,es cendol kwetiau siram sapi ayam bakar madu sop iga gurame bakar,Restaurants,Food & Beverage,408700
4448,good day cappuccino le minerale nu green tea pop mie ayam,Groceries,Food & Beverage,33000
4449,piattos sapi panggang nu green tea pop mie ayam,Groceries,Food & Beverage,29000
4450,chitato sapi panggang frisian flag uht good day cappuccino kopi kapal api mix kecap bango fiesta nugget,Groceries,Food & Beverage,171500
4451,pertamax parkir spbu,Gas & Fuel,Transportation,466000
4452,bodrex flu batuk oralit sachet masker medis,Health,Health & Personal Care,63500
4453,mouse wireless,Electronics & Software,Lifestyle & Entertainment,158000
4454,fiesta nugget aqua,Groceries,Food & Beverage,38000
4455,spicy chicken wings nasi putih cola medium chicken popcorn pudding chocolate spaghetti chicken ice cream cone paket burger combo,Fast Food,Food & Beverage,531000
4456,beras ramos indomie ayam bawang bimoli l mie sedaap soto pop mie ayam indomie goreng gula pasir roti tawar sari roti,Groceries,Food & Beverage,234800
4457,yakult fiesta nugget pop mie ayam aqua ultra milk coklat oreo vanilla bimoli l tepung segitiga biru,Groceries,Food & Beverage,499500
4458,yakult teh pucuk sunlight lime mie sedaap soto bimoli l silverqueen lifebuoy sabun batang piattos sapi panggang,Groceries,Food & Beverage,274600
4459,attack easy kain pel rinso deterjen super pell sunlight lime spon cuci piring,Household,Housing & Utilities,359000
4460,es teh manis pb air mineral sop iga bebek goreng,Restaurants,Food & Beverage,145600
4461,revvo,Gas & Fuel,Transportation,438000
4462,memory card,Electronics & Software,Lifestyle & Entertainment,117000
4463,masker medis panadol biru strip oralit sachet paracetamol mg antangin cair komix jahe,Health,Health & Personal Care,97000
4464,sop iga,Restaurants,Food & Beverage,55500
4465,sos pembersih lantai molto pewangi sunlight lime sabun cuci tangan kain pel spon cuci piring plastik sampah x karbol wangi,Household,Housing & Utilities,839000
4466,cheesecake slice extra shot,Coffee Shops,Food & Beverage,128000
4467,shell super,Gas & Fuel,Transportation,495000
4468,tiket kereta eksekutif,Transportation,Transportation,1890000
4469,es cendol bakso urat cumi saus padang bebek goreng nasi putih kwetiau siram sapi es teh manis,Restaurants,Food & Beverage,283500
4470,matcha latte cheesecake slice,Coffee Shops,Food & Beverage,114000
4471,filma minyak l yakult silverqueen indomie ayam bawang oreo vanilla,Groceries,Food & Beverage,65000
4472,panadol biru strip hansaplast tolak angin box masker medis promag tablet,Health,Health & Personal Care,182000
4473,shell v power,Gas & Fuel,Transportation,135000
4474,bimoli l indomie ayam bawang lifebuoy sabun batang roma kelapa indomie goreng frisian flag uht,Groceries,Food & Beverage,99200
4475,dimsum ayam mie goreng jawa,Restaurants,Food & Beverage,86000
4476,sunlight lime attack easy,Household,Housing & Utilities,130000
4477,chicken nugget paket ayam nasi pudding chocolate chicken popcorn nasi putih paket hemat cola medium,Fast Food,Food & Beverage,434000
4478,betadine paracetamol mg minyak kayu putih hansaplast panadol biru strip,Health,Health & Personal Care,107500
4479,beras ramos frisian flag uht tepung segitiga biru roma kelapa walls cornetto roti tawar sari roti gula pasir good day cappuccino filma minyak l bimoli l piattos sapi panggang mie sedaap soto pop mie ayam silverqueen sosis so nice,Groceries,Food & Beverage,668800
4480,hansaplast enervon c botol betadine vitamin c mg,Health,Health & Personal Care,284800
4481,gurame bakar mie goreng jawa dimsum ayam bebek goreng,Restaurants,Food & Beverage,435000
4482,sosis so nice saus sambal abc fiesta nugget,Groceries,Food & Beverage,199000
4483,garnier micellar water,Beauty,Health & Personal Care,60000
4484,chocolate ice es kopi pandan cappuccino iced americano cheesecake slice,Coffee Shops,Food & Beverage,275200
4485,nu green tea indomie ayam bawang tepung segitiga biru,Groceries,Food & Beverage,49000
4486,sanmol tablet panadol biru strip masker medis promag tablet hansaplast antangin cair enervon c botol,Health,Health & Personal Care,131500
4487,pertamax turbo,Gas & Fuel,Transportation,615000
4488,charger fast redmi note memory card headset bluetooth usb hub port,Electronics & Software,Lifestyle & Entertainment,3988000
4489,keran air storage box l kabel roll stop jam dinding pot tanaman,Home Improvement,Housing & Utilities,427000
4490,bp,Gas & Fuel,Transportation,462000
4491,tiket bus akap tiket kereta ekonomi,Transportation,Transportation,438000
4492,shell v power parkir spbu,Gas & Fuel,Transportation,514600
4493,paracetamol mg obh combi panadol biru strip,Health,Health & Personal Care,90000
4494,cheesecake slice cinnamon roll spanish latte service charge extra shot iced americano,Coffee Shops,Food & Beverage,166700
4495,sikat wc molto pewangi wipol,Household,Housing & Utilities,187000
4496,kwetiau siram sapi sate ayam tsk cumi saus padang bakso urat mie ayam jamur,Restaurants,Food & Beverage,251000
4497,azarine sunscreen revlon lipstick ponds face wash vaseline body lotion herborist body butter scarlett body scrub,Beauty,Health & Personal Care,425000
4498,es teh manis capcay seafood,Restaurants,Food & Beverage,70500
4499,oreo vanilla good day cappuccino,Groceries,Food & Beverage,12000
4500,capcay seafood jeruk hangat mie goreng jawa,Restaurants,Food & Beverage,587000
4501,sambal extra take away bag nasi putih,Fast Food,Food & Beverage,34500
4502,keran air storage box l,Home Improvement,Housing & Utilities,222000
4503,chicken popcorn,Fast Food,Food & Beverage,47000
4504,promag tablet vitamin c mg termometer digital,Health,Health & Personal Care,118000
4505,pb bakso urat dimsum ayam,Restaurants,Food & Beverage,89600
4506,mie ayam jamur nasi putih service charge sop iga es cendol mie goreng jawa,Restaurants,Food & Beverage,498000
4507,spanish latte,Coffee Shops,Food & Beverage,27000
4508,sate ayam tsk kwetiau siram sapi jeruk hangat sop iga soto ayam bakso urat mie ayam jamur service charge nasi putih gurame bakar,Restaurants,Food & Beverage,512600
4509,topi baseball legging sport sport bra,Apparel,Lifestyle & Entertainment,564000
4510,usb hub port,Electronics & Software,Lifestyle & Entertainment,147000
4511,jeruk hangat cumi saus padang ayam bakar madu capcay seafood es cendol bakso urat nasi goreng spesial,Restaurants,Food & Beverage,323000
4512,filma minyak l kopi kapal api mix ultra milk coklat pop mie ayam mie sedaap soto bimoli l,Groceries,Food & Beverage,137000
4513,revvo,Gas & Fuel,Transportation,585000
4514,nu green tea oreo vanilla tissue nice s frisian flag uht,Groceries,Food & Beverage,52000
4515,lychee tea es kopi pandan extra shot oat milk brownies spanish latte,Coffee Shops,Food & Beverage,235300
4516,mie sedaap soto roti tawar sari roti bimoli l chitato sapi panggang saus sambal abc teh pucuk frisian flag uht pepsodent aqua,Groceries,Food & Beverage,257300
4517,spicy chicken wings pudding chocolate rice bowl chicken,Fast Food,Food & Beverage,122000
4518,good day cappuccino filma minyak l,Groceries,Food & Beverage,57000
4519,pertamax turbo,Gas & Fuel,Transportation,149000
4520,ice cream cone,Fast Food,Food & Beverage,7000
4521,ice cream cone nasi putih cola medium lemon tea take away bag spaghetti chicken,Fast Food,Food & Beverage,196000
4522,ultra milk coklat sunlight lime silverqueen telur ayam lifebuoy sabun batang,Groceries,Food & Beverage,221500
4523,sop iga kwetiau siram sapi nasi putih cumi saus padang es cendol service charge air mineral,Restaurants,Food & Beverage,215000
4524,service charge spaghetti chicken,Fast Food,Food & Beverage,123000
4525,oreo vanilla kopi kapal api mix sunlight lime,Groceries,Food & Beverage,102500
4526,kopi susu gula aren cheesecake slice,Coffee Shops,Food & Beverage,153000
4527,telur ayam ultra milk coklat,Groceries,Food & Beverage,43500
4528,spanish latte cinnamon roll caffe latte matcha latte,Coffee Shops,Food & Beverage,239000
4529,es cendol bakso urat bebek goreng soto ayam cumi saus padang,Restaurants,Food & Beverage,382000
4530,paket hemat nasi putih burger cheese spicy chicken wings pb paket burger combo,Fast Food,Food & Beverage,277500
4531,antangin cair paracetamol mg,Health,Health & Personal Care,18000
4532,revlon lipstick somethinc serum garnier micellar water herborist body butter,Beauty,Health & Personal Care,342500
4533,nasi goreng spesial gurame bakar,Restaurants,Food & Beverage,112000
4534,bio solar,Gas & Fuel,Transportation,315000
4535,pepsodent indomie goreng,Groceries,Food & Beverage,44500
4536,pepsodent,Groceries,Food & Beverage,55000
4537,nasi putih,Restaurants,Food & Beverage,12000
4538,tiket mrt jakarta tiket bus akap tol dalam kota airport train,Transportation,Transportation,457000
4539,bio solar,Gas & Fuel,Transportation,308000
4540,ayam bakar madu dimsum ayam,Restaurants,Food & Beverage,74000
4541,filma minyak l tissue nice s bimoli l tepung segitiga biru,Groceries,Food & Beverage,158500
4542,dimsum ayam sate ayam tsk nasi putih kwetiau siram sapi gurame bakar sop iga,Restaurants,Food & Beverage,752000
4543,gurame bakar nasi putih bebek goreng es cendol service charge mie ayam jamur soto ayam sate ayam tsk mie goreng jawa kwetiau siram sapi,Restaurants,Food & Beverage,475400
4544,pertamax,Gas & Fuel,Transportation,306000
4545,indomie goreng indomie ayam bawang mie sedaap soto saus sambal abc aqua roma kelapa,Groceries,Food & Beverage,50000
4546,dimsum ayam jeruk hangat bebek goreng soto ayam nasi goreng spesial mie goreng jawa,Restaurants,Food & Beverage,279500
4547,matcha latte,Coffee Shops,Food & Beverage,29000
4548,tolak angin box hansaplast,Health,Health & Personal Care,111000
4549,pop mie ayam saus sambal abc indomie ayam bawang yakult aqua chitato sapi panggang indomie goreng,Groceries,Food & Beverage,146000
4550,cat tembok kabel roll stop,Home Improvement,Housing & Utilities,341000
4551,le minerale good day cappuccino walls cornetto lifebuoy sabun batang indomie ayam bawang,Groceries,Food & Beverage,59000
4552,good day cappuccino gula pasir teh pucuk aqua kecap bango,Groceries,Food & Beverage,110000
4553,sate ayam tsk sop iga,Restaurants,Food & Beverage,123500
4554,bimoli l roti tawar sari roti fiesta nugget mie sedaap soto le minerale beras ramos teh pucuk,Groceries,Food & Beverage,772000
4555,cola medium lemon tea ayam goreng crispy burger cheese paket burger combo,Fast Food,Food & Beverage,245000
4556,mie sedaap soto tepung segitiga biru pepsodent roma kelapa kopi kapal api mix fiesta nugget,Groceries,Food & Beverage,414000
4557,maybelline fit me hand cream body mist makarizo hair mask,Beauty,Health & Personal Care,325000
4558,walls cornetto bimoli l,Groceries,Food & Beverage,130000
4559,tax resto spanish latte,Coffee Shops,Food & Beverage,41000
4560,tiket krl,Transportation,Transportation,6000
4561,ellips hair vitamin makarizo hair mask,Beauty,Health & Personal Care,67900
4562,dress wanita legging sport jaket hoodie,Apparel,Lifestyle & Entertainment,825000
4563,legging sport kaos kaki,Apparel,Lifestyle & Entertainment,388500
4564,ayam bakar madu sop iga es cendol soto ayam air mineral bebek goreng cumi saus padang,Restaurants,Food & Beverage,382500
4565,stella pengharum rinso deterjen plastik sampah x sikat wc attack easy sabun cuci tangan super pell lap microfiber,Household,Housing & Utilities,422000
4566,walls cornetto good day cappuccino ultra milk coklat garam refina roma kelapa sosis so nice,Groceries,Food & Beverage,152000
4567,sekrup set cat tembok pot tanaman artificial plant obeng set,Home Improvement,Housing & Utilities,462000
4568,kecap bango yakult pop mie ayam telur ayam beras ramos,Groceries,Food & Beverage,659000
4569,kemeja oxford,Apparel,Lifestyle & Entertainment,155000
4570,chitato sapi panggang mie sedaap soto saus sambal abc indomie goreng piattos sapi panggang,Groceries,Food & Beverage,51200
4571,fiesta nugget frisian flag uht,Groceries,Food & Beverage,62000
4572,roma kelapa roti tawar sari roti good day cappuccino beras ramos aqua garam refina bimoli l kecap bango,Groceries,Food & Beverage,515500
4573,sosis so nice saus sambal abc,Groceries,Food & Beverage,118500
4574,sunlight lime baygon aerosol plastik sampah x lap microfiber sabun cuci tangan rinso deterjen,Household,Housing & Utilities,818600
4575,tiket mrt jakarta,Transportation,Transportation,18000
4576,spicy chicken wings paket burger combo paket hemat take away bag cola medium,Fast Food,Food & Beverage,259500
4577,tiket bus akap,Transportation,Transportation,274000
4578,shell super,Gas & Fuel,Transportation,101500
4579,gurame bakar ayam bakar madu capcay seafood,Restaurants,Food & Beverage,582000
4580,rice bowl chicken paket burger combo cola medium ice cream cone,Fast Food,Food & Beverage,181000
4581,samsung a speaker bluetooth keyboard usb headset bluetooth oppo a,Electronics & Software,Lifestyle & Entertainment,5753400
4582,bakso urat nasi goreng spesial sate ayam tsk,Restaurants,Food & Beverage,97000
4583,skintific moisturizer garnier micellar water vaseline body lotion azarine sunscreen emina lip cream revlon lipstick,Beauty,Health & Personal Care,547400
4584,somethinc serum vaseline body lotion herborist body butter revlon lipstick maybelline fit me azarine sunscreen makarizo hair mask,Beauty,Health & Personal Care,1013500
4585,aqua indomie goreng kopi kapal api mix filma minyak l teh pucuk pop mie ayam,Groceries,Food & Beverage,52000
4586,lap microfiber karbol wangi baygon aerosol sikat wc plastik sampah x kain pel wipol sabun cuci tangan,Household,Housing & Utilities,334500
4587,cappuccino oat milk lychee tea,Coffee Shops,Food & Beverage,81000
4588,cumi saus padang capcay seafood air mineral mie ayam jamur pb,Restaurants,Food & Beverage,419800
4589,sandal casual baju anak,Apparel,Lifestyle & Entertainment,367000
4590,aqua sunlight lime yakult kecap bango nu green tea kopi kapal api mix,Groceries,Food & Beverage,99800
4591,sunlight lime pepsodent saus sambal abc,Groceries,Food & Beverage,110600
4592,oreo vanilla beras ramos kopi kapal api mix nu green tea indomie ayam bawang piattos sapi panggang,Groceries,Food & Beverage,286000
4593,chicken nugget nasi putih spicy chicken wings french fries rice bowl chicken paket hemat,Fast Food,Food & Beverage,278000
4594,gula pasir chitato sapi panggang nu green tea sunlight lime,Groceries,Food & Beverage,165000
4595,lychee tea iced americano extra shot,Coffee Shops,Food & Beverage,163000
4596,legging sport,Apparel,Lifestyle & Entertainment,153500
4597,tiket pesawat domestik airport train,Transportation,Transportation,2598000
4598,tepung segitiga biru ultra milk coklat garam refina,Groceries,Food & Beverage,101500
4599,baygon aerosol,Household,Housing & Utilities,35500
4600,service charge nasi goreng spesial,Restaurants,Food & Beverage,41000
4601,shell v power,Gas & Fuel,Transportation,192000
4602,walls cornetto teh pucuk le minerale nu green tea mie sedaap soto roma kelapa roti tawar sari roti,Groceries,Food & Beverage,83500
4603,cumi saus padang,Restaurants,Food & Beverage,133000
4604,kabel data type c,Electronics & Software,Lifestyle & Entertainment,74500
4605,masker medis obh combi,Health,Health & Personal Care,73000
4606,storage box l talenan obeng set,Home Improvement,Housing & Utilities,423400
4607,paracetamol mg komix jahe,Health,Health & Personal Care,18000
4608,hansaplast oralit sachet obh combi komix jahe,Health,Health & Personal Care,97500
4609,scarlett body scrub pixy bedak two way cake wardah lightening toner herborist body butter somethinc serum,Beauty,Health & Personal Care,391000
4610,topi baseball,Apparel,Lifestyle & Entertainment,214000
4611,nasi putih sambal extra spaghetti chicken lemon tea spicy chicken wings rice bowl chicken paket ayam nasi french fries,Fast Food,Food & Beverage,1094400
4612,sos pembersih lantai spon cuci piring sikat wc attack easy,Household,Housing & Utilities,181600
4613,gula pasir le minerale,Groceries,Food & Beverage,68000
4614,spaghetti chicken lemon tea ice cream cone,Fast Food,Food & Beverage,102000
4615,pop mie ayam lifebuoy sabun batang,Groceries,Food & Beverage,10500
4616,ayam goreng crispy service charge,Fast Food,Food & Beverage,19800
4617,gula pasir mie sedaap soto filma minyak l ultra milk coklat,Groceries,Food & Beverage,86500
4618,pertalite,Gas & Fuel,Transportation,290000
4619,extra shot matcha latte lychee tea,Coffee Shops,Food & Beverage,95000
4620,pepsodent sosis so nice roti tawar sari roti oreo vanilla,Groceries,Food & Beverage,136000
4621,tax resto sambal extra chicken popcorn,Fast Food,Food & Beverage,72600
4622,jeruk hangat sop iga sate ayam tsk,Restaurants,Food & Beverage,162000
4623,air mineral,Restaurants,Food & Beverage,13000
4624,ikat pinggang,Apparel,Lifestyle & Entertainment,176000
4625,saus sambal abc silverqueen mie sedaap soto garam refina,Groceries,Food & Beverage,131000
4626,obeng set keran air food container set,Home Improvement,Housing & Utilities,353000
4627,nasi goreng spesial sop iga,Restaurants,Food & Beverage,853000
4628,garnier micellar water ponds face wash,Beauty,Health & Personal Care,151000
4629,paket burger combo spaghetti chicken tax resto chicken popcorn,Fast Food,Food & Beverage,200500
4630,lemon tea chicken popcorn,Fast Food,Food & Beverage,69000
4631,pop mie ayam lifebuoy sabun batang chitato sapi panggang gula pasir garam refina,Groceries,Food & Beverage,72100
4632,beras ramos good day cappuccino chitato sapi panggang roti tawar sari roti sunlight lime roma kelapa kecap bango,Groceries,Food & Beverage,424000
4633,matcha latte iced americano croissant butter cappuccino oat milk es kopi pandan,Coffee Shops,Food & Beverage,192300
4634,kopi susu gula aren spanish latte almond croissant,Coffee Shops,Food & Beverage,245000
4635,spaghetti chicken spicy chicken wings paket hemat,Fast Food,Food & Beverage,259200
4636,sikat wc,Household,Housing & Utilities,30000
4637,chitato sapi panggang good day cappuccino indomie ayam bawang teh pucuk telur ayam piattos sapi panggang pop mie ayam tepung segitiga biru,Groceries,Food & Beverage,294600
4638,aqua mie sedaap soto pepsodent pop mie ayam yakult oreo vanilla,Groceries,Food & Beverage,94000
4639,makarizo hair mask vaseline body lotion scarlett body scrub herborist body butter emina lip cream somethinc serum azarine sunscreen ponds face wash,Beauty,Health & Personal Care,800500
4640,bebek goreng dimsum ayam mie ayam jamur,Restaurants,Food & Beverage,116000
4641,oreo vanilla good day cappuccino indomie goreng nu green tea silverqueen walls cornetto mie sedaap soto bimoli l,Groceries,Food & Beverage,179000
4642,revvo,Gas & Fuel,Transportation,240000
4643,roma kelapa sosis so nice indomie goreng pepsodent,Groceries,Food & Beverage,147500
4644,air mineral nasi putih,Restaurants,Food & Beverage,55000
4645,tiket pesawat domestik tiket bus transjakarta travel antarkota airport train shuttle bandung jkt,Transportation,Transportation,2198000
4646,air mineral sate ayam tsk bebek goreng es cendol dimsum ayam bakso urat nasi goreng spesial,Restaurants,Food & Beverage,315000
4647,le minerale indomie ayam bawang,Groceries,Food & Beverage,24000
4648,air mineral service charge service charge dimsum ayam,Restaurants,Food & Beverage,69000
4649,chicken nugget french fries spaghetti chicken paket burger combo,Fast Food,Food & Beverage,194500
4650,sunlight lime sabun cuci tangan plastik sampah x karbol wangi molto pewangi,Household,Housing & Utilities,470000
4651,sabun cuci tangan tissue paseo s sunlight lime spon cuci piring karbol wangi attack easy plastik sampah x sos pembersih lantai super pell,Household,Housing & Utilities,350000
4652,stella pengharum sabun cuci tangan,Household,Housing & Utilities,42000
4653,frisian flag uht saus sambal abc nu green tea lifebuoy sabun batang indomie ayam bawang,Groceries,Food & Beverage,33500
4654,frisian flag uht aqua piattos sapi panggang oreo vanilla,Groceries,Food & Beverage,212000
4655,chicken popcorn paket ayam nasi lemon tea chicken nugget nasi putih,Fast Food,Food & Beverage,139000
4656,nasi putih spaghetti chicken cola medium paket ayam nasi rice bowl chicken pudding chocolate,Fast Food,Food & Beverage,332000
4657,iced americano almond croissant cinnamon roll,Coffee Shops,Food & Beverage,214400
4658,pb brownies,Coffee Shops,Food & Beverage,30500
4659,burger cheese take away bag spaghetti chicken lemon tea pb nasi putih cola medium pudding chocolate chicken popcorn,Fast Food,Food & Beverage,264800
4660,kwetiau siram sapi air mineral nasi putih bebek goreng sop iga bakso urat es cendol gurame bakar soto ayam jeruk hangat,Restaurants,Food & Beverage,521000
4661,burger cheese sambal extra,Fast Food,Food & Beverage,32000
4662,stella pengharum sikat wc kain pel sabun cuci tangan lap microfiber,Household,Housing & Utilities,478000
4663,shell v power,Gas & Fuel,Transportation,368000
4664,parkir motor,Transportation,Transportation,8000
4665,jeans slim fit baju anak sport bra,Apparel,Lifestyle & Entertainment,698000
4666,oppo a headset bluetooth powerbank memory card,Electronics & Software,Lifestyle & Entertainment,2787000
4667,vaseline body lotion revlon lipstick somethinc serum,Beauty,Health & Personal Care,312200
4668,tax resto burger cheese chicken popcorn,Fast Food,Food & Beverage,312000
4669,obh combi panadol biru strip paracetamol mg komix jahe,Health,Health & Personal Care,64000
4670,caffe latte almond croissant oat milk es kopi pandan,Coffee Shops,Food & Beverage,328900
4671,revvo,Gas & Fuel,Transportation,25000
4672,pepsodent nu green tea telur ayam tissue nice s,Groceries,Food & Beverage,169000
4673,caffe latte kopi susu gula aren lychee tea matcha latte cheesecake slice spanish latte almond croissant,Coffee Shops,Food & Beverage,412800
4674,shuttle bandung jkt,Transportation,Transportation,205000
4675,gantungan baju set jam dinding,Home Improvement,Housing & Utilities,642000
4676,tiket pesawat domestik tol jakarta cikampek,Transportation,Transportation,1750000
4677,tepung segitiga biru lifebuoy sabun batang aqua pop mie ayam,Groceries,Food & Beverage,40400
4678,paket hemat nasi putih rice bowl chicken spaghetti chicken sambal extra,Fast Food,Food & Beverage,146500
4679,mie ayam jamur bakso urat service charge bebek goreng ayam bakar madu sate ayam tsk es teh manis nasi putih jeruk hangat kwetiau siram sapi,Restaurants,Food & Beverage,472000
4680,piattos sapi panggang silverqueen oreo vanilla mie sedaap soto saus sambal abc tissue nice s roti tawar sari roti ultra milk coklat garam refina,Groceries,Food & Beverage,212900
4681,paket ayam nasi ice cream cone french fries chicken nugget,Fast Food,Food & Beverage,135800
4682,kabel roll stop gantungan baju set,Home Improvement,Housing & Utilities,168000
4683,kwetiau siram sapi,Restaurants,Food & Beverage,36000
4684,sambal extra spicy chicken wings paket burger combo,Fast Food,Food & Beverage,192000
4685,tiket ferry tiket bus transjakarta parkir mobil tiket pesawat domestik,Transportation,Transportation,1018500
4686,attack easy tissue paseo s rinso deterjen kain pel wipol spon cuci piring,Household,Housing & Utilities,279500
4687,le minerale bimoli l,Groceries,Food & Beverage,68000
4688,soto ayam tax resto kwetiau siram sapi bakso urat,Restaurants,Food & Beverage,149000
4689,dexlite,Gas & Fuel,Transportation,168000
4690,banana bread kopi susu gula aren lychee tea cheesecake slice extra shot,Coffee Shops,Food & Beverage,176500
4691,spicy chicken wings paket burger combo lemon tea pb pudding chocolate sambal extra,Fast Food,Food & Beverage,161000
4692,obh combi masker medis paracetamol mg,Health,Health & Personal Care,138000
4693,herborist body butter garnier micellar water ellips hair vitamin,Beauty,Health & Personal Care,106000
4694,pertalite,Gas & Fuel,Transportation,300000
4695,headset bluetooth kabel data type c flashdisk,Electronics & Software,Lifestyle & Entertainment,518000
4696,case hp mouse wireless,Electronics & Software,Lifestyle & Entertainment,143000
4697,beras ramos silverqueen good day cappuccino aqua sunlight lime nu green tea,Groceries,Food & Beverage,333000
4698,cat tembok organizer drawer kabel roll stop sekrup set lampu led artificial plant jam dinding,Home Improvement,Housing & Utilities,627000
4699,mie ayam jamur bakso urat,Restaurants,Food & Beverage,130000
4700,bebek goreng nasi goreng spesial service charge air mineral capcay seafood jeruk hangat ayam bakar madu es cendol sop iga sate ayam tsk,Restaurants,Food & Beverage,1227100
4701,croissant butter chocolate ice,Coffee Shops,Food & Beverage,124000
4702,keyboard usb,Electronics & Software,Lifestyle & Entertainment,280000
4703,tepung segitiga biru ultra milk coklat filma minyak l fiesta nugget frisian flag uht,Groceries,Food & Beverage,120500
4704,keran air pisau dapur lampu led,Home Improvement,Housing & Utilities,272000
4705,oreo vanilla sunlight lime teh pucuk lifebuoy sabun batang,Groceries,Food & Beverage,84000
4706,oppo a,Electronics & Software,Lifestyle & Entertainment,1908000
4707,bio solar,Gas & Fuel,Transportation,308000
4708,roti tawar sari roti good day cappuccino pepsodent indomie ayam bawang,Groceries,Food & Beverage,138500
4709,piattos sapi panggang mie sedaap soto kopi kapal api mix teh pucuk saus sambal abc telur ayam roma kelapa silverqueen walls cornetto tissue nice s,Groceries,Food & Beverage,315500
4710,sepatu sneakers kemeja flanel,Apparel,Lifestyle & Entertainment,1159000
4711,french fries tax resto chicken nugget paket burger combo paket ayam nasi pudding chocolate,Fast Food,Food & Beverage,215000
4712,pisau dapur food container set artificial plant obeng set,Home Improvement,Housing & Utilities,425000
4713,pisau dapur bantal sofa keran air sekrup set rak susun tingkat,Home Improvement,Housing & Utilities,730500
4714,nu green tea pop mie ayam kecap bango roti tawar sari roti ultra milk coklat oreo vanilla filma minyak l telur ayam beras ramos le minerale,Groceries,Food & Beverage,354600
4715,tissue nice s tepung segitiga biru ultra milk coklat sunlight lime telur ayam oreo vanilla chitato sapi panggang garam refina,Groceries,Food & Beverage,152400
4716,pudding chocolate ice cream cone rice bowl chicken sambal extra paket burger combo spaghetti chicken paket ayam nasi nasi putih take away bag chicken nugget,Fast Food,Food & Beverage,476500
4717,wipol karbol wangi super pell,Household,Housing & Utilities,161000
4718,paket burger combo rice bowl chicken ayam goreng crispy,Fast Food,Food & Beverage,156000
4719,polo shirt,Apparel,Lifestyle & Entertainment,382000
4720,roma kelapa sunlight lime silverqueen beras ramos kecap bango,Groceries,Food & Beverage,211000
4721,tolak angin box,Health,Health & Personal Care,42000
4722,keran air storage box l artificial plant lampu led sekrup set organizer drawer,Home Improvement,Housing & Utilities,579100
4723,fiesta nugget tissue nice s lifebuoy sabun batang walls cornetto mie sedaap soto chitato sapi panggang kecap bango frisian flag uht indomie goreng yakult,Groceries,Food & Beverage,234300
4724,panadol biru strip promag tablet masker medis betadine enervon c botol obh combi vitamin c mg bodrex flu batuk,Health,Health & Personal Care,310000
4725,oralit sachet vitamin c mg masker medis,Health,Health & Personal Care,103500
4726,ice cream cone burger cheese,Fast Food,Food & Beverage,149000
4727,fiesta nugget frisian flag uht sosis so nice ultra milk coklat roma kelapa garam refina,Groceries,Food & Beverage,152000
4728,food container set sekrup set pot tanaman lampu led storage box l pisau dapur gantungan baju set,Home Improvement,Housing & Utilities,470900
4729,pertamax,Gas & Fuel,Transportation,469000
4730,spaghetti chicken sambal extra ayam goreng crispy chicken popcorn spicy chicken wings,Fast Food,Food & Beverage,334600
4731,caffe latte iced americano,Coffee Shops,Food & Beverage,96000
4732,lychee tea almond croissant caffe latte spanish latte,Coffee Shops,Food & Beverage,222000
4733,es teh manis ayam bakar madu cumi saus padang kwetiau siram sapi service charge,Restaurants,Food & Beverage,300000
4734,sandal casual jaket hoodie ikat pinggang,Apparel,Lifestyle & Entertainment,1060000
4735,nasi putih air mineral,Restaurants,Food & Beverage,15000
4736,es teh manis sop iga,Restaurants,Food & Beverage,128800
4737,cat tembok obeng set artificial plant kabel roll stop food container set,Home Improvement,Housing & Utilities,520000
4738,teh pucuk sunlight lime garam refina kopi kapal api mix,Groceries,Food & Beverage,73000
4739,cinnamon roll croissant butter banana bread chocolate ice brownies,Coffee Shops,Food & Beverage,269100
4740,scarlett body scrub wardah lightening toner pixy bedak two way cake,Beauty,Health & Personal Care,190000
4741,tolak angin box termometer digital paracetamol mg komix jahe,Health,Health & Personal Care,203000
4742,paket ayam nasi,Fast Food,Food & Beverage,78000
4743,roma kelapa ultra milk coklat,Groceries,Food & Beverage,15500
4744,paket ayam nasi spaghetti chicken ayam goreng crispy,Fast Food,Food & Beverage,272000
4745,pertamax,Gas & Fuel,Transportation,91000
4746,service charge capcay seafood bebek goreng cumi saus padang soto ayam nasi putih sop iga air mineral,Restaurants,Food & Beverage,561000
4747,makarizo hair mask body mist skintific moisturizer,Beauty,Health & Personal Care,442000
4748,ultra milk coklat sosis so nice kopi kapal api mix pepsodent oreo vanilla telur ayam lifebuoy sabun batang,Groceries,Food & Beverage,162000
4749,walls cornetto sosis so nice teh pucuk ultra milk coklat,Groceries,Food & Beverage,112000
4750,bp,Gas & Fuel,Transportation,266000
4751,gula pasir yakult kecap bango pop mie ayam le minerale tissue nice s,Groceries,Food & Beverage,163700
4752,pixy bedak two way cake vaseline body lotion revlon lipstick somethinc serum herborist body butter ellips hair vitamin,Beauty,Health & Personal Care,442000
4753,croissant butter extra shot,Coffee Shops,Food & Beverage,111000
4754,spaghetti chicken rice bowl chicken burger cheese spicy chicken wings ice cream cone paket burger combo nasi putih,Fast Food,Food & Beverage,587000
4755,walls cornetto roma kelapa kopi kapal api mix lifebuoy sabun batang tissue nice s gula pasir,Groceries,Food & Beverage,278000
4756,chocolate ice croissant butter cheesecake slice cinnamon roll caffe latte extra shot,Coffee Shops,Food & Beverage,282200
4757,pertalite,Gas & Fuel,Transportation,60000
4758,lampu led bantal sofa talenan pisau dapur,Home Improvement,Housing & Utilities,352000
4759,masker medis betadine,Health,Health & Personal Care,70000
4760,vaseline body lotion garnier micellar water,Beauty,Health & Personal Care,102000
4761,kwetiau siram sapi capcay seafood es cendol,Restaurants,Food & Beverage,150000
4762,sate ayam tsk bakso urat es teh manis bebek goreng jeruk hangat,Restaurants,Food & Beverage,223000
4763,case hp usb hub port speaker bluetooth charger fast,Electronics & Software,Lifestyle & Entertainment,848000
4764,capcay seafood service charge kwetiau siram sapi,Restaurants,Food & Beverage,365000
4765,almond croissant croissant butter kopi susu gula aren,Coffee Shops,Food & Beverage,130000
4766,sop iga kwetiau siram sapi gurame bakar es teh manis mie goreng jawa dimsum ayam bebek goreng jeruk hangat es cendol nasi goreng spesial,Restaurants,Food & Beverage,727000
4767,cola medium,Fast Food,Food & Beverage,29000
4768,maybelline fit me hand cream ponds face wash emina lip cream,Beauty,Health & Personal Care,287000
4769,spicy chicken wings lemon tea cola medium chicken popcorn rice bowl chicken,Fast Food,Food & Beverage,180600
4770,lemon tea cola medium french fries spaghetti chicken sambal extra paket burger combo spicy chicken wings,Fast Food,Food & Beverage,323400
4771,aqua piattos sapi panggang lifebuoy sabun batang tissue nice s,Groceries,Food & Beverage,123000
4772,cinnamon roll spanish latte,Coffee Shops,Food & Beverage,117000
4773,memory card,Electronics & Software,Lifestyle & Entertainment,94000
4774,paket burger combo chicken nugget rice bowl chicken,Fast Food,Food & Beverage,451500
4775,maybelline fit me hand cream emina lip cream body mist,Beauty,Health & Personal Care,246000
4776,caffe latte cappuccino,Coffee Shops,Food & Beverage,103000
4777,scarlett body scrub makarizo hair mask skintific moisturizer herborist body butter body mist,Beauty,Health & Personal Care,439600
4778,pop mie ayam lifebuoy sabun batang,Groceries,Food & Beverage,13000
4779,cola medium tax resto french fries spaghetti chicken,Fast Food,Food & Beverage,77000
4780,somethinc serum scarlett body scrub makarizo hair mask garnier micellar water,Beauty,Health & Personal Care,301500
4781,ikat pinggang kemeja oxford,Apparel,Lifestyle & Entertainment,416000
4782,bantal sofa storage box l artificial plant,Home Improvement,Housing & Utilities,476500
4783,spaghetti chicken nasi putih ice cream cone paket ayam nasi chicken nugget,Fast Food,Food & Beverage,109000
4784,oat milk es kopi pandan,Coffee Shops,Food & Beverage,190000
4785,azarine sunscreen maybelline fit me hand cream pixy bedak two way cake,Beauty,Health & Personal Care,328000
4786,shell v power,Gas & Fuel,Transportation,528000
4787,paket hemat take away bag burger cheese french fries ice cream cone chicken nugget rice bowl chicken chicken popcorn spaghetti chicken paket burger combo,Fast Food,Food & Beverage,909000
4788,panadol biru strip paracetamol mg,Health,Health & Personal Care,55000
4789,yakult lifebuoy sabun batang filma minyak l tissue nice s kecap bango,Groceries,Food & Beverage,171500
4790,cappuccino oat milk matcha latte banana bread,Coffee Shops,Food & Beverage,280400
4791,roma kelapa frisian flag uht,Groceries,Food & Beverage,32000
4792,pertamax,Gas & Fuel,Transportation,108000
4793,spanish latte extra shot cinnamon roll,Coffee Shops,Food & Beverage,70100
4794,frisian flag uht lifebuoy sabun batang yakult filma minyak l gula pasir teh pucuk le minerale,Groceries,Food & Beverage,330500
4795,shuttle bandung jkt tiket ferry,Transportation,Transportation,258000
4796,kopi kapal api mix garam refina telur ayam teh pucuk,Groceries,Food & Beverage,184000
4797,yakult sunlight lime silverqueen fiesta nugget pepsodent,Groceries,Food & Beverage,602500
4798,revvo,Gas & Fuel,Transportation,468000
4799,good day cappuccino,Groceries,Food & Beverage,6000
4800,bimoli l mie sedaap soto roma kelapa chitato sapi panggang,Groceries,Food & Beverage,45200
4801,pop mie ayam telur ayam garam refina,Groceries,Food & Beverage,107000
4802,es teh manis mie goreng jawa sop iga,Restaurants,Food & Beverage,195000
4803,pisau dapur food container set kabel roll stop pot tanaman storage box l gantungan baju set bantal sofa sekrup set organizer drawer rak susun tingkat,Home Improvement,Housing & Utilities,1100000
4804,pepsodent beras ramos mie sedaap soto silverqueen tissue nice s frisian flag uht piattos sapi panggang indomie goreng,Groceries,Food & Beverage,180000
4805,walls cornetto tepung segitiga biru saus sambal abc bimoli l roti tawar sari roti,Groceries,Food & Beverage,253000
4806,beras ramos le minerale oreo vanilla aqua ultra milk coklat yakult tissue nice s,Groceries,Food & Beverage,204500
4807,indomie ayam bawang frisian flag uht roma kelapa lifebuoy sabun batang indomie goreng ultra milk coklat bimoli l tissue nice s le minerale,Groceries,Food & Beverage,118700
4808,walls cornetto indomie goreng oreo vanilla indomie ayam bawang yakult nu green tea le minerale,Groceries,Food & Beverage,90500
4809,scarlett body scrub somethinc serum skintific moisturizer maybelline fit me,Beauty,Health & Personal Care,552900
4810,storage box l pot tanaman food container set talenan obeng set,Home Improvement,Housing & Utilities,451500
4811,pertalite,Gas & Fuel,Transportation,90000
4812,obh combi minyak kayu putih masker medis sanmol tablet termometer digital vitamin c mg promag tablet hansaplast oralit sachet komix jahe,Health,Health & Personal Care,305000
4813,tissue paseo s sos pembersih lantai plastik sampah x sabun cuci tangan rinso deterjen lap microfiber,Household,Housing & Utilities,200000
4814,indomie ayam bawang piattos sapi panggang fiesta nugget chitato sapi panggang walls cornetto kopi kapal api mix,Groceries,Food & Beverage,178000
4815,nu green tea le minerale fiesta nugget,Groceries,Food & Beverage,140600
4816,shell v power,Gas & Fuel,Transportation,660000
4817,paket burger combo french fries chicken nugget,Fast Food,Food & Beverage,221000
4818,obh combi termometer digital antangin cair,Health,Health & Personal Care,130000
4819,indomie goreng saus sambal abc kecap bango bimoli l telur ayam filma minyak l beras ramos walls cornetto,Groceries,Food & Beverage,974000
4820,betadine bodrex flu batuk vitamin c mg,Health,Health & Personal Care,111700
4821,shell super,Gas & Fuel,Transportation,151000
4822,bp,Gas & Fuel,Transportation,196000
4823,shell super,Gas & Fuel,Transportation,290000
4824,silverqueen saus sambal abc sosis so nice garam refina tepung segitiga biru mie sedaap soto lifebuoy sabun batang,Groceries,Food & Beverage,183000
4825,parkir motor,Transportation,Transportation,2000
4826,komix jahe oralit sachet,Health,Health & Personal Care,10000
4827,mie sedaap soto kopi kapal api mix gula pasir indomie ayam bawang filma minyak l chitato sapi panggang sosis so nice,Groceries,Food & Beverage,94000
4828,pb sop iga nasi goreng spesial gurame bakar jeruk hangat,Restaurants,Food & Beverage,235500
4829,spicy chicken wings ice cream cone take away bag lemon tea burger cheese pudding chocolate chicken nugget french fries,Fast Food,Food & Beverage,189600
4830,paket hemat lemon tea nasi putih cola medium chicken popcorn,Fast Food,Food & Beverage,283400
4831,tiket ferry,Transportation,Transportation,71000
4832,sop iga es cendol,Restaurants,Food & Beverage,100000
4833,silverqueen indomie ayam bawang filma minyak l kopi kapal api mix roti tawar sari roti kecap bango,Groceries,Food & Beverage,113100
4834,yakult pepsodent roma kelapa,Groceries,Food & Beverage,100000
4835,paracetamol mg oralit sachet,Health,Health & Personal Care,39000
4836,mie sedaap soto roti tawar sari roti garam refina yakult beras ramos,Groceries,Food & Beverage,137500
4837,sunlight lime sosis so nice telur ayam filma minyak l gula pasir beras ramos pop mie ayam,Groceries,Food & Beverage,827600
4838,jam dinding talenan cat tembok keran air,Home Improvement,Housing & Utilities,347200
4839,wardah lightening toner makarizo hair mask emina lip cream hand cream scarlett body scrub vaseline body lotion pixy bedak two way cake maybelline fit me somethinc serum body mist,Beauty,Health & Personal Care,820000
4840,tepung segitiga biru saus sambal abc fiesta nugget sunlight lime sosis so nice indomie goreng walls cornetto,Groceries,Food & Beverage,316000
4841,spicy chicken wings pudding chocolate chicken nugget lemon tea,Fast Food,Food & Beverage,303000
4842,sabun cuci tangan attack easy rinso deterjen molto pewangi wipol,Household,Housing & Utilities,379000
4843,brownies lychee tea,Coffee Shops,Food & Beverage,161000
4844,sop iga es teh manis dimsum ayam,Restaurants,Food & Beverage,697500
4845,cat tembok jam dinding pisau dapur pot tanaman talenan storage box l keran air obeng set,Home Improvement,Housing & Utilities,825500
4846,powerbank webcam full hd kabel data type c,Electronics & Software,Lifestyle & Entertainment,957000
4847,pertamax turbo,Gas & Fuel,Transportation,594000
4848,garam refina kecap bango lifebuoy sabun batang roma kelapa indomie ayam bawang oreo vanilla nu green tea,Groceries,Food & Beverage,226000
4849,kaos kaki,Apparel,Lifestyle & Entertainment,132000
4850,parkir motor tiket ferry tiket kereta ekonomi airport train,Transportation,Transportation,591500
4851,le minerale,Groceries,Food & Beverage,4000
4852,pertalite,Gas & Fuel,Transportation,320000
4853,pertamax,Gas & Fuel,Transportation,13000
4854,pisau dapur lampu led rak susun tingkat pot tanaman talenan storage box l,Home Improvement,Housing & Utilities,797000
4855,betadine paracetamol mg komix jahe,Health,Health & Personal Care,47000
4856,kwetiau siram sapi capcay seafood,Restaurants,Food & Beverage,598000
4857,charger fast oppo a,Electronics & Software,Lifestyle & Entertainment,5723000
4858,cat tembok sekrup set,Home Improvement,Housing & Utilities,140100
4859,bimoli l aqua nu green tea,Groceries,Food & Beverage,42200
4860,shell v power,Gas & Fuel,Transportation,560000
4861,wardah lightening toner azarine sunscreen herborist body butter skintific moisturizer revlon lipstick somethinc serum emina lip cream,Beauty,Health & Personal Care,810700
4862,french fries ice cream cone take away bag rice bowl chicken spicy chicken wings service charge paket ayam nasi nasi putih spaghetti chicken,Fast Food,Food & Beverage,413100
4863,es teh manis capcay seafood jeruk hangat mie goreng jawa,Restaurants,Food & Beverage,240000
4864,rice bowl chicken,Fast Food,Food & Beverage,69000
4865,dexlite air mineral,Gas & Fuel,Transportation,665000
4866,ellips hair vitamin somethinc serum herborist body butter,Beauty,Health & Personal Care,200000
4867,ellips hair vitamin hand cream body mist makarizo hair mask herborist body butter ponds face wash,Beauty,Health & Personal Care,247000
4868,es cendol mie ayam jamur gurame bakar,Restaurants,Food & Beverage,156000
4869,burger cheese ayam goreng crispy service charge nasi putih paket burger combo chicken popcorn,Fast Food,Food & Beverage,271200
4870,scarlett body scrub revlon lipstick azarine sunscreen makarizo hair mask,Beauty,Health & Personal Care,456000
4871,jeruk hangat service charge es cendol dimsum ayam,Restaurants,Food & Beverage,194000
4872,plastik sampah x stella pengharum sunlight lime rinso deterjen sabun cuci tangan tissue paseo s molto pewangi super pell karbol wangi sos pembersih lantai spon cuci piring lap microfiber sikat wc wipol kain pel,Household,Housing & Utilities,1218000
4873,sate ayam tsk capcay seafood jeruk hangat gurame bakar pb sop iga,Restaurants,Food & Beverage,355300
4874,emina lip cream garnier micellar water body mist revlon lipstick,Beauty,Health & Personal Care,416100
4875,kopi kapal api mix oreo vanilla frisian flag uht,Groceries,Food & Beverage,31000
4876,beras ramos gula pasir ultra milk coklat frisian flag uht nu green tea yakult,Groceries,Food & Beverage,326000
4877,oralit sachet enervon c botol vitamin c mg,Health,Health & Personal Care,88000
4878,sekrup set keran air kabel roll stop jam dinding talenan gantungan baju set obeng set lampu led rak susun tingkat,Home Improvement,Housing & Utilities,975500
4879,kain pel lap microfiber wipol sos pembersih lantai,Household,Housing & Utilities,109000
4880,spaghetti chicken spicy chicken wings,Fast Food,Food & Beverage,321000
4881,ultra milk coklat yakult indomie ayam bawang,Groceries,Food & Beverage,31000
4882,bimoli l piattos sapi panggang garam refina kecap bango gula pasir nu green tea,Groceries,Food & Beverage,145000
4883,indomie goreng roma kelapa tissue nice s beras ramos tepung segitiga biru fiesta nugget chitato sapi panggang,Groceries,Food & Beverage,196300
4884,mie ayam jamur mie goreng jawa ayam bakar madu capcay seafood sate ayam tsk gurame bakar cumi saus padang,Restaurants,Food & Beverage,437000
4885,tiket bus transjakarta tiket mrt jakarta tol jakarta cikampek shuttle bandung jkt,Transportation,Transportation,253000
4886,gurame bakar es teh manis bebek goreng sate ayam tsk,Restaurants,Food & Beverage,237000
4887,bantal sofa jam dinding keran air obeng set,Home Improvement,Housing & Utilities,411000
4888,dexlite parkir spbu,Gas & Fuel,Transportation,496200
4889,lemon tea paket burger combo paket hemat chicken nugget,Fast Food,Food & Beverage,229300
4890,kwetiau siram sapi capcay seafood es cendol cumi saus padang ayam bakar madu,Restaurants,Food & Beverage,436800
4891,air mineral service charge,Restaurants,Food & Beverage,41000
4892,capcay seafood es teh manis sate ayam tsk,Restaurants,Food & Beverage,85000
4893,flashdisk,Electronics & Software,Lifestyle & Entertainment,118500
4894,sabun cuci tangan,Household,Housing & Utilities,46000
4895,pb jeruk hangat,Restaurants,Food & Beverage,39600
4896,le minerale kopi kapal api mix sosis so nice indomie goreng kecap bango bimoli l tissue nice s,Groceries,Food & Beverage,166000
4897,capcay seafood es cendol nasi putih,Restaurants,Food & Beverage,239000
4898,es teh manis cumi saus padang,Restaurants,Food & Beverage,801000
4899,vitamin c mg paracetamol mg enervon c botol oralit sachet,Health,Health & Personal Care,99000
4900,oreo vanilla frisian flag uht,Groceries,Food & Beverage,16000
4901,cinnamon roll chocolate ice matcha latte croissant butter,Coffee Shops,Food & Beverage,170000
4902,tiket kereta eksekutif,Transportation,Transportation,395000
4903,ultra milk coklat pepsodent sunlight lime mie sedaap soto fiesta nugget bimoli l frisian flag uht tissue nice s gula pasir walls cornetto teh pucuk le minerale sosis so nice silverqueen piattos sapi panggang,Groceries,Food & Beverage,450000
4904,airport train,Transportation,Transportation,174000
4905,lampu led obeng set,Home Improvement,Housing & Utilities,118500
4906,maybelline fit me somethinc serum azarine sunscreen,Beauty,Health & Personal Care,331000
4907,jam dinding kabel roll stop bantal sofa rak susun tingkat organizer drawer pot tanaman storage box l gantungan baju set keran air pisau dapur sekrup set artificial plant talenan obeng set cat tembok,Home Improvement,Housing & Utilities,1937500
4908,masker medis oralit sachet paracetamol mg,Health,Health & Personal Care,53000
4909,shell super,Gas & Fuel,Transportation,651000
4910,shell v power,Gas & Fuel,Transportation,82000
4911,sop iga service charge nasi goreng spesial,Restaurants,Food & Beverage,118000
4912,teh pucuk filma minyak l saus sambal abc,Groceries,Food & Beverage,40000
4913,makarizo hair mask pixy bedak two way cake maybelline fit me herborist body butter,Beauty,Health & Personal Care,285000
4914,azarine sunscreen herborist body butter ponds face wash somethinc serum,Beauty,Health & Personal Care,264000
4915,lifebuoy sabun batang mie sedaap soto indomie ayam bawang roma kelapa sosis so nice sunlight lime telur ayam oreo vanilla kecap bango silverqueen,Groceries,Food & Beverage,358500
4916,kecap bango mie sedaap soto frisian flag uht roti tawar sari roti oreo vanilla good day cappuccino sunlight lime,Groceries,Food & Beverage,235500
4917,beras ramos oreo vanilla bimoli l lifebuoy sabun batang kopi kapal api mix fiesta nugget,Groceries,Food & Beverage,195800
4918,nasi putih es cendol ayam bakar madu service charge capcay seafood,Restaurants,Food & Beverage,180800
4919,extra shot es kopi pandan cheesecake slice,Coffee Shops,Food & Beverage,86000
4920,rice bowl chicken paket hemat,Fast Food,Food & Beverage,402000
4921,oreo vanilla saus sambal abc telur ayam ultra milk coklat chitato sapi panggang mie sedaap soto pop mie ayam,Groceries,Food & Beverage,166000
4922,tepung segitiga biru bimoli l pepsodent,Groceries,Food & Beverage,98000
4923,sambal extra ayam goreng crispy cola medium spicy chicken wings chicken nugget paket burger combo chicken popcorn nasi putih take away bag french fries,Fast Food,Food & Beverage,320500
4924,sop iga dimsum ayam es teh manis air mineral ayam bakar madu,Restaurants,Food & Beverage,255000
4925,gula pasir filma minyak l tissue nice s telur ayam,Groceries,Food & Beverage,164000
4926,kopi susu gula aren extra shot lychee tea,Coffee Shops,Food & Beverage,60000
4927,kopi susu gula aren,Coffee Shops,Food & Beverage,30000
4928,talenan sekrup set obeng set pot tanaman storage box l,Home Improvement,Housing & Utilities,421200
4929,walls cornetto indomie ayam bawang,Groceries,Food & Beverage,39000
4930,tissue nice s indomie ayam bawang,Groceries,Food & Beverage,28000
4931,polo shirt,Apparel,Lifestyle & Entertainment,198000
4932,mie ayam jamur nasi goreng spesial es teh manis bakso urat tax resto,Restaurants,Food & Beverage,151500
4933,croissant butter caffe latte matcha latte service charge,Coffee Shops,Food & Beverage,188500
4934,emina lip cream revlon lipstick body mist pixy bedak two way cake scarlett body scrub,Beauty,Health & Personal Care,522000
4935,sunlight lime baygon aerosol attack easy,Household,Housing & Utilities,172000
4936,oreo vanilla tissue nice s kopi kapal api mix indomie ayam bawang filma minyak l aqua teh pucuk,Groceries,Food & Beverage,167500
4937,almond croissant,Coffee Shops,Food & Beverage,64000
4938,pertamax,Gas & Fuel,Transportation,490000
4939,cumi saus padang ayam bakar madu air mineral gurame bakar jeruk hangat,Restaurants,Food & Beverage,934000
4940,lifebuoy sabun batang piattos sapi panggang filma minyak l pop mie ayam telur ayam sosis so nice sunlight lime,Groceries,Food & Beverage,187000
4941,capcay seafood air mineral nasi putih mie goreng jawa dimsum ayam jeruk hangat sate ayam tsk,Restaurants,Food & Beverage,214500
4942,kabel data type c,Electronics & Software,Lifestyle & Entertainment,71000
4943,bio solar,Gas & Fuel,Transportation,68000
4944,bantal sofa food container set pot tanaman talenan kabel roll stop pisau dapur keran air rak susun tingkat storage box l lampu led obeng set jam dinding,Home Improvement,Housing & Utilities,1656100
4945,pertamax,Gas & Fuel,Transportation,594000
4946,baju anak sepatu sneakers,Apparel,Lifestyle & Entertainment,787000
4947,ice cream cone take away bag cola medium burger cheese,Fast Food,Food & Beverage,135000
4948,good day cappuccino roma kelapa,Groceries,Food & Beverage,41000
4949,filma minyak l sosis so nice piattos sapi panggang bimoli l le minerale,Groceries,Food & Beverage,302000
4950,celana chino,Apparel,Lifestyle & Entertainment,272000
4951,cappuccino kopi susu gula aren brownies matcha latte spanish latte es kopi pandan iced americano banana bread service charge caffe latte chocolate ice,Coffee Shops,Food & Beverage,485000
4952,rinso deterjen super pell baygon aerosol,Household,Housing & Utilities,364000
4953,lap microfiber baygon aerosol attack easy super pell,Household,Housing & Utilities,252000
4954,bebek goreng nasi goreng spesial service charge mie goreng jawa jeruk hangat,Restaurants,Food & Beverage,257000
4955,sabun cuci tangan plastik sampah x sunlight lime rinso deterjen baygon aerosol,Household,Housing & Utilities,303000
4956,maybelline fit me ellips hair vitamin,Beauty,Health & Personal Care,552000
4957,somethinc serum ellips hair vitamin vaseline body lotion maybelline fit me,Beauty,Health & Personal Care,327500
4958,minyak kayu putih promag tablet termometer digital tolak angin box panadol biru strip,Health,Health & Personal Care,228500
4959,roma kelapa yakult tissue nice s sosis so nice lifebuoy sabun batang filma minyak l ultra milk coklat chitato sapi panggang roti tawar sari roti garam refina,Groceries,Food & Beverage,501500
4960,chitato sapi panggang nu green tea,Groceries,Food & Beverage,21000
4961,storage box l cat tembok gantungan baju set bantal sofa talenan,Home Improvement,Housing & Utilities,681000
4962,chocolate ice cheesecake slice iced americano,Coffee Shops,Food & Beverage,267900
4963,shell super,Gas & Fuel,Transportation,90000
4964,sunlight lime good day cappuccino frisian flag uht chitato sapi panggang bimoli l garam refina,Groceries,Food & Beverage,168000
4965,stella pengharum tissue paseo s sabun cuci tangan baygon aerosol plastik sampah x sos pembersih lantai karbol wangi super pell attack easy sunlight lime rinso deterjen wipol,Household,Housing & Utilities,1033000
4966,pop mie ayam lifebuoy sabun batang gula pasir mie sedaap soto pepsodent nu green tea silverqueen,Groceries,Food & Beverage,130900
4967,ultra milk coklat saus sambal abc le minerale teh pucuk,Groceries,Food & Beverage,116300
4968,usb hub port headset bluetooth charger fast keyboard usb,Electronics & Software,Lifestyle & Entertainment,814000
4969,kopi kapal api mix roti tawar sari roti sunlight lime sosis so nice good day cappuccino,Groceries,Food & Beverage,77500
4970,ultra milk coklat,Groceries,Food & Beverage,14000
4971,pertamax turbo kopi kaleng,Gas & Fuel,Transportation,101000
4972,chicken nugget ice cream cone ayam goreng crispy cola medium rice bowl chicken lemon tea nasi putih,Fast Food,Food & Beverage,152300
4973,lap microfiber wipol plastik sampah x super pell molto pewangi sikat wc attack easy,Household,Housing & Utilities,318500
4974,travel antarkota tiket mrt jakarta tiket bus akap tiket kereta eksekutif tiket kereta ekonomi,Transportation,Transportation,2633000
4975,es kopi pandan almond croissant chocolate ice lychee tea brownies,Coffee Shops,Food & Beverage,155500
4976,sikat wc sabun cuci tangan sunlight lime,Household,Housing & Utilities,80500
4977,pixy bedak two way cake garnier micellar water ponds face wash wardah lightening toner emina lip cream,Beauty,Health & Personal Care,470000
4978,charger fast powerbank speaker bluetooth,Electronics & Software,Lifestyle & Entertainment,705600
4979,kecap bango aqua,Groceries,Food & Beverage,80000
4980,mie ayam jamur service charge air mineral es teh manis mie goreng jawa sop iga,Restaurants,Food & Beverage,283000
4981,bantal sofa kabel roll stop,Home Improvement,Housing & Utilities,264000
4982,indomie goreng piattos sapi panggang garam refina walls cornetto chitato sapi panggang indomie ayam bawang beras ramos mie sedaap soto frisian flag uht,Groceries,Food & Beverage,362600
4983,sanmol tablet obh combi enervon c botol vitamin c mg paracetamol mg,Health,Health & Personal Care,178000
4984,attack easy karbol wangi rinso deterjen sikat wc super pell lap microfiber sunlight lime spon cuci piring wipol,Household,Housing & Utilities,312500
4985,mie goreng jawa capcay seafood gurame bakar soto ayam,Restaurants,Food & Beverage,248000
4986,jam dinding cat tembok storage box l talenan obeng set artificial plant,Home Improvement,Housing & Utilities,693500
4987,bio solar,Gas & Fuel,Transportation,48000
4988,kwetiau siram sapi es cendol cumi saus padang air mineral,Restaurants,Food & Beverage,142000
4989,polo shirt,Apparel,Lifestyle & Entertainment,247000
4990,attack easy lap microfiber sikat wc,Household,Housing & Utilities,237000
4991,hand cream revlon lipstick azarine sunscreen maybelline fit me herborist body butter emina lip cream ponds face wash makarizo hair mask,Beauty,Health & Personal Care,548000
4992,nasi putih paket ayam nasi ice cream cone burger cheese chicken nugget rice bowl chicken,Fast Food,Food & Beverage,436000
4993,chocolate ice,Coffee Shops,Food & Beverage,90000
4994,indomie ayam bawang oreo vanilla sosis so nice,Groceries,Food & Beverage,80000
4995,pop mie ayam yakult chitato sapi panggang saus sambal abc frisian flag uht indomie goreng fiesta nugget,Groceries,Food & Beverage,143000
4996,body mist,Beauty,Health & Personal Care,38000
4997,topi baseball jeans slim fit kemeja oxford,Apparel,Lifestyle & Entertainment,1026000
4998,lampu led sekrup set artificial plant obeng set rak susun tingkat jam dinding talenan organizer drawer pot tanaman,Home Improvement,Housing & Utilities,839000
4999,paket ayam nasi paket hemat rice bowl chicken,Fast Food,Food & Beverage,146000
5000,telur ayam indomie goreng sunlight lime saus sambal abc le minerale lifebuoy sabun batang,Groceries,Food & Beverage,189100
5001,filma minyak l indomie ayam bawang indomie goreng telur ayam mie sedaap soto garam refina,Groceries,Food & Beverage,228000
5002,french fries chicken nugget chicken popcorn pudding chocolate,Fast Food,Food & Beverage,131000
5003,lifebuoy sabun batang silverqueen bimoli l,Groceries,Food & Beverage,78000
5004,bakso urat,Restaurants,Food & Beverage,31000
5005,frisian flag uht tepung segitiga biru sunlight lime mie sedaap soto aqua,Groceries,Food & Beverage,48000
5006,chicken popcorn paket burger combo french fries,Fast Food,Food & Beverage,127000
5007,pertalite,Gas & Fuel,Transportation,60000
5008,lap microfiber plastik sampah x molto pewangi attack easy baygon aerosol tissue paseo s sikat wc rinso deterjen,Household,Housing & Utilities,315600
5009,sosis so nice,Groceries,Food & Beverage,36000
5010,lisensi software bln memory card redmi note flashdisk,Electronics & Software,Lifestyle & Entertainment,2967500
5011,dimsum ayam sop iga es teh manis cumi saus padang bebek goreng gurame bakar,Restaurants,Food & Beverage,780800
5012,memory card charger fast headset bluetooth,Electronics & Software,Lifestyle & Entertainment,507500
5013,beras ramos sunlight lime garam refina nu green tea fiesta nugget,Groceries,Food & Beverage,270000
5014,pop mie ayam bimoli l good day cappuccino kopi kapal api mix ultra milk coklat,Groceries,Food & Beverage,127000
5015,ayam bakar madu soto ayam,Restaurants,Food & Beverage,65000
5016,indomie ayam bawang fiesta nugget filma minyak l walls cornetto,Groceries,Food & Beverage,410000
5017,chocolate ice matcha latte cappuccino,Coffee Shops,Food & Beverage,148300
5018,maybelline fit me ponds face wash skintific moisturizer,Beauty,Health & Personal Care,276000
5019,obeng set artificial plant rak susun tingkat storage box l kabel roll stop sekrup set food container set pot tanaman lampu led,Home Improvement,Housing & Utilities,2106600
5020,sunlight lime stella pengharum lap microfiber baygon aerosol sabun cuci tangan sos pembersih lantai,Household,Housing & Utilities,394000
5021,bodrex flu batuk paracetamol mg promag tablet,Health,Health & Personal Care,33600
5022,cola medium tax resto rice bowl chicken chicken popcorn paket hemat,Fast Food,Food & Beverage,312500
5023,bantal sofa cat tembok kabel roll stop storage box l jam dinding lampu led,Home Improvement,Housing & Utilities,738000
5024,shell v power,Gas & Fuel,Transportation,78000
5025,sunlight lime le minerale bimoli l kopi kapal api mix,Groceries,Food & Beverage,86000
5026,sandal casual,Apparel,Lifestyle & Entertainment,684000
5027,cumi saus padang mie ayam jamur,Restaurants,Food & Beverage,303000
5028,roma kelapa walls cornetto garam refina,Groceries,Food & Beverage,77000
5029,gula pasir telur ayam aqua frisian flag uht,Groceries,Food & Beverage,275000
5030,french fries,Fast Food,Food & Beverage,24000
5031,iced americano,Coffee Shops,Food & Beverage,54000
5032,ayam goreng crispy chicken popcorn nasi putih ice cream cone,Fast Food,Food & Beverage,81500
5033,frisian flag uht yakult oreo vanilla tissue nice s chitato sapi panggang walls cornetto lifebuoy sabun batang,Groceries,Food & Beverage,269500
5034,mie sedaap soto pepsodent,Groceries,Food & Beverage,21500
5035,chicken popcorn lemon tea paket hemat nasi putih cola medium,Fast Food,Food & Beverage,181200
5036,beras ramos piattos sapi panggang tepung segitiga biru mie sedaap soto kopi kapal api mix ultra milk coklat lifebuoy sabun batang fiesta nugget,Groceries,Food & Beverage,210500
5037,sunlight lime beras ramos garam refina,Groceries,Food & Beverage,336200
5038,pb ice cream cone burger cheese,Fast Food,Food & Beverage,62000
5039,bio solar,Gas & Fuel,Transportation,77000
5040,cumi saus padang dimsum ayam jeruk hangat sate ayam tsk capcay seafood es cendol kwetiau siram sapi bebek goreng mie ayam jamur mie goreng jawa,Restaurants,Food & Beverage,558500
5041,paket hemat tax resto rice bowl chicken pudding chocolate burger cheese,Fast Food,Food & Beverage,253000
5042,air mineral es cendol bakso urat sop iga,Restaurants,Food & Beverage,199000
5043,ice cream cone cola medium spaghetti chicken lemon tea paket burger combo rice bowl chicken,Fast Food,Food & Beverage,516000
5044,emina lip cream ellips hair vitamin,Beauty,Health & Personal Care,65000
5045,bakso urat nasi goreng spesial gurame bakar bebek goreng es cendol air mineral es teh manis,Restaurants,Food & Beverage,700000
5046,rice bowl chicken chicken popcorn ayam goreng crispy spaghetti chicken,Fast Food,Food & Beverage,141500
5047,stella pengharum plastik sampah x spon cuci piring rinso deterjen,Household,Housing & Utilities,168500
5048,molto pewangi karbol wangi stella pengharum baygon aerosol attack easy super pell rinso deterjen,Household,Housing & Utilities,429300
5049,antangin cair obh combi komix jahe betadine oralit sachet,Health,Health & Personal Care,67500
5050,minyak kayu putih enervon c botol hansaplast,Health,Health & Personal Care,115000
5051,yakult chitato sapi panggang garam refina filma minyak l oreo vanilla,Groceries,Food & Beverage,326500
5052,tissue nice s mie sedaap soto pepsodent,Groceries,Food & Beverage,122000
5053,kopi kapal api mix yakult teh pucuk,Groceries,Food & Beverage,30500
5054,spon cuci piring sunlight lime sabun cuci tangan stella pengharum,Household,Housing & Utilities,125000
5055,sosis so nice oreo vanilla kopi kapal api mix bimoli l teh pucuk,Groceries,Food & Beverage,308000
5056,kopi kapal api mix le minerale teh pucuk pop mie ayam,Groceries,Food & Beverage,39000
5057,tolak angin box termometer digital minyak kayu putih,Health,Health & Personal Care,466200
5058,shell v power,Gas & Fuel,Transportation,165000
5059,kopi susu gula aren tax resto brownies caffe latte,Coffee Shops,Food & Beverage,87500
5060,piattos sapi panggang aqua nu green tea,Groceries,Food & Beverage,38000
5061,teh pucuk roti tawar sari roti filma minyak l indomie ayam bawang good day cappuccino walls cornetto,Groceries,Food & Beverage,156000
5062,bio solar,Gas & Fuel,Transportation,203000
5063,paket burger combo cola medium take away bag lemon tea chicken popcorn paket ayam nasi,Fast Food,Food & Beverage,258500
5064,aqua roti tawar sari roti saus sambal abc mie sedaap soto walls cornetto indomie ayam bawang beras ramos gula pasir roma kelapa indomie goreng pepsodent garam refina,Groceries,Food & Beverage,765300
5065,telur ayam fiesta nugget ultra milk coklat,Groceries,Food & Beverage,74000
5066,burger cheese rice bowl chicken pudding chocolate nasi putih spaghetti chicken,Fast Food,Food & Beverage,437700
5067,take away bag cola medium sambal extra spicy chicken wings lemon tea,Fast Food,Food & Beverage,71500
5068,banana bread,Coffee Shops,Food & Beverage,107000
5069,beras ramos,Groceries,Food & Beverage,70000
5070,nu green tea kopi kapal api mix filma minyak l walls cornetto tepung segitiga biru le minerale,Groceries,Food & Beverage,70000
5071,tepung segitiga biru aqua telur ayam ultra milk coklat kecap bango sunlight lime sosis so nice,Groceries,Food & Beverage,224000
5072,pudding chocolate paket burger combo lemon tea,Fast Food,Food & Beverage,82000
5073,speaker bluetooth keyboard usb headset bluetooth,Electronics & Software,Lifestyle & Entertainment,910000
5074,bp,Gas & Fuel,Transportation,660000
5075,ultra milk coklat yakult piattos sapi panggang chitato sapi panggang aqua,Groceries,Food & Beverage,97000
5076,take away bag ayam goreng crispy chicken nugget cola medium pudding chocolate paket ayam nasi spicy chicken wings lemon tea ice cream cone burger cheese,Fast Food,Food & Beverage,346500
5077,frisian flag uht sunlight lime piattos sapi panggang fiesta nugget walls cornetto ultra milk coklat yakult tissue nice s good day cappuccino telur ayam,Groceries,Food & Beverage,359000
5078,tissue paseo s stella pengharum baygon aerosol,Household,Housing & Utilities,198000
5079,pot tanaman pisau dapur talenan cat tembok obeng set food container set organizer drawer storage box l keran air gantungan baju set bantal sofa sekrup set rak susun tingkat artificial plant kabel roll stop,Home Improvement,Housing & Utilities,1868200
5080,sambal extra paket hemat paket ayam nasi,Fast Food,Food & Beverage,101000
5081,roti tawar sari roti bimoli l good day cappuccino,Groceries,Food & Beverage,145000
5082,ultra milk coklat le minerale indomie goreng tissue nice s piattos sapi panggang lifebuoy sabun batang roti tawar sari roti,Groceries,Food & Beverage,266500
5083,fiesta nugget pop mie ayam,Groceries,Food & Beverage,195000
5084,jam dinding rak susun tingkat,Home Improvement,Housing & Utilities,381000
5085,service charge paket burger combo,Fast Food,Food & Beverage,55000
5086,sepatu sneakers polo shirt ikat pinggang legging sport,Apparel,Lifestyle & Entertainment,1856000
5087,revvo,Gas & Fuel,Transportation,300000
5088,bio solar,Gas & Fuel,Transportation,161000
5089,chitato sapi panggang good day cappuccino beras ramos lifebuoy sabun batang teh pucuk,Groceries,Food & Beverage,206000
5090,indomie goreng filma minyak l walls cornetto good day cappuccino kopi kapal api mix fiesta nugget,Groceries,Food & Beverage,107800
5091,le minerale indomie goreng,Groceries,Food & Beverage,7000
5092,bakso urat es cendol,Restaurants,Food & Beverage,55500
5093,spanish latte es kopi pandan extra shot pb matcha latte oat milk,Coffee Shops,Food & Beverage,103000
5094,service charge kwetiau siram sapi ayam bakar madu,Restaurants,Food & Beverage,102500
5095,indomie ayam bawang frisian flag uht good day cappuccino pepsodent nu green tea indomie goreng,Groceries,Food & Beverage,49000
5096,le minerale lifebuoy sabun batang frisian flag uht silverqueen indomie ayam bawang filma minyak l chitato sapi panggang mie sedaap soto piattos sapi panggang,Groceries,Food & Beverage,150500
5097,revvo,Gas & Fuel,Transportation,428400
5098,kecap bango silverqueen tissue nice s,Groceries,Food & Beverage,100000
5099,bebek goreng dimsum ayam jeruk hangat,Restaurants,Food & Beverage,235000
5100,sambal extra,Fast Food,Food & Beverage,37000
5101,pertamax,Gas & Fuel,Transportation,81000
5102,sekrup set,Home Improvement,Housing & Utilities,39000
5103,molto pewangi spon cuci piring sikat wc rinso deterjen,Household,Housing & Utilities,344000
5104,lemon tea french fries,Fast Food,Food & Beverage,68000
5105,filma minyak l pepsodent roti tawar sari roti teh pucuk walls cornetto nu green tea sosis so nice chitato sapi panggang,Groceries,Food & Beverage,123000
5106,sandal casual kemeja flanel,Apparel,Lifestyle & Entertainment,575900
5107,ayam goreng crispy burger cheese rice bowl chicken spaghetti chicken french fries,Fast Food,Food & Beverage,237000
5108,cinnamon roll oat milk almond croissant extra shot es kopi pandan banana bread caffe latte,Coffee Shops,Food & Beverage,426200
5109,super pell baygon aerosol sabun cuci tangan sos pembersih lantai stella pengharum wipol sunlight lime kain pel tissue paseo s lap microfiber attack easy sikat wc,Household,Housing & Utilities,693500
5110,es cendol bebek goreng,Restaurants,Food & Beverage,61000
5111,dress wanita legging sport,Apparel,Lifestyle & Entertainment,696000
5112,stella pengharum sos pembersih lantai,Household,Housing & Utilities,229500
5113,tiket kereta ekonomi tiket bus akap bagasi tambahan,Transportation,Transportation,935500
5114,sunlight lime filma minyak l indomie goreng beras ramos ultra milk coklat frisian flag uht tepung segitiga biru,Groceries,Food & Beverage,1000000
5115,banana bread cappuccino,Coffee Shops,Food & Beverage,178000
5116,topi baseball sandal casual kemeja oxford,Apparel,Lifestyle & Entertainment,598000
5117,spanish latte iced americano caffe latte extra shot kopi susu gula aren cheesecake slice matcha latte,Coffee Shops,Food & Beverage,272400
5118,air mineral mie ayam jamur dimsum ayam ayam bakar madu jeruk hangat sate ayam tsk es teh manis capcay seafood nasi goreng spesial gurame bakar,Restaurants,Food & Beverage,559000
5119,beras ramos pop mie ayam indomie goreng lifebuoy sabun batang ultra milk coklat pepsodent tepung segitiga biru,Groceries,Food & Beverage,389500
5120,kopi susu gula aren lychee tea spanish latte caffe latte chocolate ice,Coffee Shops,Food & Beverage,250000
5121,es kopi pandan banana bread,Coffee Shops,Food & Beverage,47000
5122,beras ramos,Groceries,Food & Beverage,68000
5123,cola medium paket hemat chicken popcorn,Fast Food,Food & Beverage,374000
5124,bio solar,Gas & Fuel,Transportation,161000
5125,pertamax,Gas & Fuel,Transportation,429000
5126,garam refina pepsodent aqua kecap bango sosis so nice,Groceries,Food & Beverage,153100
5127,yakult filma minyak l le minerale,Groceries,Food & Beverage,149500
5128,caffe latte almond croissant es kopi pandan chocolate ice cinnamon roll matcha latte,Coffee Shops,Food & Beverage,350000
5129,pepsodent roma kelapa telur ayam teh pucuk,Groceries,Food & Beverage,76000
5130,ayam bakar madu sop iga es teh manis service charge nasi goreng spesial nasi putih air mineral mie goreng jawa,Restaurants,Food & Beverage,329900
5131,indomie goreng telur ayam sunlight lime chitato sapi panggang pop mie ayam tissue nice s,Groceries,Food & Beverage,166500
5132,makarizo hair mask ellips hair vitamin somethinc serum hand cream garnier micellar water,Beauty,Health & Personal Care,242400
5133,tax resto matcha latte,Coffee Shops,Food & Beverage,28000
5134,kabel roll stop storage box l,Home Improvement,Housing & Utilities,362000
5135,dexlite,Gas & Fuel,Transportation,432000
5136,tiket pesawat domestik travel antarkota,Transportation,Transportation,1331000
5137,revlon lipstick emina lip cream garnier micellar water makarizo hair mask,Beauty,Health & Personal Care,271600
5138,pertamax turbo,Gas & Fuel,Transportation,570000
5139,piattos sapi panggang,Groceries,Food & Beverage,11500
5140,karbol wangi tissue paseo s rinso deterjen attack easy sos pembersih lantai,Household,Housing & Utilities,408000
5141,pop mie ayam kopi kapal api mix,Groceries,Food & Beverage,28000
5142,chocolate ice cinnamon roll banana bread,Coffee Shops,Food & Beverage,312000
5143,herborist body butter garnier micellar water,Beauty,Health & Personal Care,72500
5144,beras ramos roma kelapa garam refina sunlight lime good day cappuccino,Groceries,Food & Beverage,187500
5145,walls cornetto telur ayam chitato sapi panggang tissue nice s mie sedaap soto indomie goreng oreo vanilla sosis so nice tepung segitiga biru bimoli l teh pucuk pop mie ayam saus sambal abc roma kelapa good day cappuccino,Groceries,Food & Beverage,290500
5146,sop iga,Restaurants,Food & Beverage,257500
5147,sikat wc spon cuci piring kain pel rinso deterjen,Household,Housing & Utilities,107800
5148,fiesta nugget pepsodent nu green tea indomie goreng frisian flag uht le minerale chitato sapi panggang telur ayam,Groceries,Food & Beverage,210900
5149,beras ramos indomie ayam bawang aqua indomie goreng mie sedaap soto pepsodent fiesta nugget,Groceries,Food & Beverage,283000
5150,indomie ayam bawang,Groceries,Food & Beverage,3000
5151,pot tanaman lampu led jam dinding gantungan baju set artificial plant pisau dapur,Home Improvement,Housing & Utilities,731000
5152,ice cream cone french fries spaghetti chicken paket ayam nasi,Fast Food,Food & Beverage,166000
5153,sepatu sneakers kaos basic cotton kemeja oxford,Apparel,Lifestyle & Entertainment,2504000
5154,nasi putih chicken popcorn cola medium paket ayam nasi ice cream cone,Fast Food,Food & Beverage,156000
5155,cinnamon roll cheesecake slice,Coffee Shops,Food & Beverage,592000
5156,oralit sachet minyak kayu putih,Health,Health & Personal Care,27000
5157,super pell wipol sos pembersih lantai,Household,Housing & Utilities,133000
5158,oreo vanilla ultra milk coklat frisian flag uht sosis so nice,Groceries,Food & Beverage,86000
5159,airport train,Transportation,Transportation,83000
5160,pertamax,Gas & Fuel,Transportation,468000
5161,kain pel plastik sampah x,Household,Housing & Utilities,48500
5162,minyak kayu putih,Health,Health & Personal Care,24000
5163,chicken popcorn paket burger combo paket hemat pudding chocolate,Fast Food,Food & Beverage,198000
5164,kecap bango walls cornetto sunlight lime tepung segitiga biru lifebuoy sabun batang fiesta nugget,Groceries,Food & Beverage,222200
5165,bodrex flu batuk antangin cair paracetamol mg,Health,Health & Personal Care,40900
5166,caffe latte extra shot banana bread es kopi pandan cappuccino lychee tea brownies cheesecake slice,Coffee Shops,Food & Beverage,506600
5167,wardah lightening toner azarine sunscreen garnier micellar water pixy bedak two way cake,Beauty,Health & Personal Care,413000
5168,caffe latte banana bread cheesecake slice chocolate ice,Coffee Shops,Food & Beverage,511500
5169,sunlight lime spon cuci piring,Household,Housing & Utilities,129000
5170,tiket kereta ekonomi,Transportation,Transportation,414000
5171,jam dinding pot tanaman gantungan baju set bantal sofa food container set rak susun tingkat kabel roll stop,Home Improvement,Housing & Utilities,1145300
5172,obeng set storage box l pot tanaman,Home Improvement,Housing & Utilities,229500
5173,vitamin c mg antangin cair,Health,Health & Personal Care,49300
5174,chicken nugget spaghetti chicken ice cream cone ayam goreng crispy cola medium service charge paket burger combo lemon tea burger cheese,Fast Food,Food & Beverage,290500
5175,pepsodent lifebuoy sabun batang chitato sapi panggang indomie ayam bawang garam refina gula pasir,Groceries,Food & Beverage,141000
5176,yakult filma minyak l sunlight lime frisian flag uht gula pasir le minerale garam refina piattos sapi panggang nu green tea,Groceries,Food & Beverage,206200
5177,rice bowl chicken chicken popcorn sambal extra,Fast Food,Food & Beverage,136000
5178,lifebuoy sabun batang sosis so nice piattos sapi panggang chitato sapi panggang tepung segitiga biru,Groceries,Food & Beverage,183000
5179,sosis so nice tepung segitiga biru pepsodent chitato sapi panggang lifebuoy sabun batang kecap bango beras ramos,Groceries,Food & Beverage,183300
5180,tiket pesawat domestik,Transportation,Transportation,738000
5181,revvo,Gas & Fuel,Transportation,420000
5182,pertamax turbo,Gas & Fuel,Transportation,405000
5183,chicken nugget lemon tea,Fast Food,Food & Beverage,33500
5184,filma minyak l nu green tea sosis so nice,Groceries,Food & Beverage,82000
5185,lemon tea chicken popcorn paket ayam nasi,Fast Food,Food & Beverage,71000
5186,gurame bakar sate ayam tsk,Restaurants,Food & Beverage,121000
5187,es teh manis capcay seafood ayam bakar madu air mineral kwetiau siram sapi gurame bakar bebek goreng,Restaurants,Food & Beverage,380000
5188,rak susun tingkat kabel roll stop organizer drawer artificial plant obeng set lampu led,Home Improvement,Housing & Utilities,931000
5189,sunlight lime teh pucuk oreo vanilla fiesta nugget indomie goreng,Groceries,Food & Beverage,198000
5190,spicy chicken wings rice bowl chicken paket ayam nasi,Fast Food,Food & Beverage,148000
5191,good day cappuccino roma kelapa silverqueen tissue nice s,Groceries,Food & Beverage,237000
5192,kaos kaki sandal casual polo shirt,Apparel,Lifestyle & Entertainment,672000
5193,headset bluetooth,Electronics & Software,Lifestyle & Entertainment,171000
5194,mie goreng jawa sate ayam tsk tax resto bakso urat ayam bakar madu,Restaurants,Food & Beverage,181800
5195,ayam goreng crispy ice cream cone burger cheese paket hemat chicken popcorn spicy chicken wings,Fast Food,Food & Beverage,436000
5196,sabun cuci tangan sunlight lime wipol kain pel sikat wc sos pembersih lantai stella pengharum,Household,Housing & Utilities,432500
5197,stella pengharum super pell baygon aerosol sunlight lime sikat wc,Household,Housing & Utilities,425000
5198,chicken nugget paket burger combo,Fast Food,Food & Beverage,86000
5199,spon cuci piring plastik sampah x sunlight lime tissue paseo s,Household,Housing & Utilities,177500
5200,gurame bakar service charge sop iga capcay seafood bebek goreng mie ayam jamur nasi goreng spesial cumi saus padang,Restaurants,Food & Beverage,754000
5201,bimoli l ultra milk coklat chitato sapi panggang nu green tea,Groceries,Food & Beverage,97500
5202,keyboard usb powerbank lisensi software bln,Electronics & Software,Lifestyle & Entertainment,1221000
5203,tepung segitiga biru lifebuoy sabun batang good day cappuccino tissue nice s kopi kapal api mix,Groceries,Food & Beverage,95000
5204,ayam goreng crispy paket burger combo lemon tea chicken nugget spicy chicken wings,Fast Food,Food & Beverage,212500
5205,tissue nice s ultra milk coklat sosis so nice tepung segitiga biru pop mie ayam teh pucuk kopi kapal api mix,Groceries,Food & Beverage,145000
5206,brownies matcha latte cheesecake slice chocolate ice,Coffee Shops,Food & Beverage,157000
5207,bagasi tambahan,Transportation,Transportation,188400
5208,walls cornetto sunlight lime beras ramos mie sedaap soto saus sambal abc sosis so nice chitato sapi panggang,Groceries,Food & Beverage,215000
5209,flashdisk,Electronics & Software,Lifestyle & Entertainment,84000
5210,pixy bedak two way cake,Beauty,Health & Personal Care,74000
5211,rice bowl chicken pb paket burger combo paket hemat french fries sambal extra,Fast Food,Food & Beverage,404500
5212,banana bread cheesecake slice almond croissant,Coffee Shops,Food & Beverage,291000
5213,fiesta nugget sosis so nice pepsodent gula pasir,Groceries,Food & Beverage,78000
5214,ponds face wash makarizo hair mask skintific moisturizer emina lip cream azarine sunscreen body mist ellips hair vitamin scarlett body scrub,Beauty,Health & Personal Care,597000
5215,anti gores hp kabel data type c,Electronics & Software,Lifestyle & Entertainment,94000
5216,vitamin c mg hansaplast,Health,Health & Personal Care,42000
5217,caffe latte oat milk service charge cheesecake slice matcha latte kopi susu gula aren croissant butter,Coffee Shops,Food & Beverage,384000
5218,revlon lipstick,Beauty,Health & Personal Care,84000
5219,fiesta nugget pop mie ayam silverqueen telur ayam,Groceries,Food & Beverage,102000
5220,nasi putih soto ayam jeruk hangat,Restaurants,Food & Beverage,81100
5221,obh combi bodrex flu batuk vitamin c mg sanmol tablet,Health,Health & Personal Care,120000
5222,cinnamon roll,Coffee Shops,Food & Beverage,50000
5223,legging sport,Apparel,Lifestyle & Entertainment,228000
5224,lisensi software bln,Electronics & Software,Lifestyle & Entertainment,492000
5225,nasi goreng spesial es teh manis gurame bakar,Restaurants,Food & Beverage,483500
5226,masker medis enervon c botol komix jahe paracetamol mg bodrex flu batuk promag tablet sanmol tablet minyak kayu putih,Health,Health & Personal Care,197500
5227,sate ayam tsk nasi putih bebek goreng mie ayam jamur,Restaurants,Food & Beverage,247000
5228,bantal sofa food container set cat tembok kabel roll stop keran air sekrup set organizer drawer jam dinding gantungan baju set storage box l,Home Improvement,Housing & Utilities,1025000
5229,good day cappuccino mie sedaap soto,Groceries,Food & Beverage,5000
5230,cumi saus padang es teh manis soto ayam mie goreng jawa,Restaurants,Food & Beverage,321000
5231,flashdisk mouse wireless,Electronics & Software,Lifestyle & Entertainment,269000
5232,soto ayam es teh manis bakso urat cumi saus padang sate ayam tsk es cendol,Restaurants,Food & Beverage,269500
5233,chicken popcorn burger cheese,Fast Food,Food & Beverage,162000
5234,matcha latte iced americano kopi susu gula aren chocolate ice spanish latte es kopi pandan croissant butter extra shot,Coffee Shops,Food & Beverage,384000
5235,sunlight lime lap microfiber sos pembersih lantai attack easy spon cuci piring sabun cuci tangan karbol wangi molto pewangi sikat wc super pell,Household,Housing & Utilities,784000
5236,sikat wc attack easy baygon aerosol plastik sampah x molto pewangi kain pel,Household,Housing & Utilities,333000
5237,legging sport jeans slim fit sepatu sneakers,Apparel,Lifestyle & Entertainment,2332300
5238,fiesta nugget saus sambal abc mie sedaap soto,Groceries,Food & Beverage,175000
5239,kaos basic cotton,Apparel,Lifestyle & Entertainment,244000
5240,bimoli l tepung segitiga biru piattos sapi panggang kopi kapal api mix,Groceries,Food & Beverage,121500
5241,tol jakarta cikampek tiket bus transjakarta,Transportation,Transportation,42000
5242,aqua indomie goreng frisian flag uht,Groceries,Food & Beverage,14000
5243,pertamax,Gas & Fuel,Transportation,442000
5244,spicy chicken wings chicken popcorn,Fast Food,Food & Beverage,287000
5245,nasi goreng spesial soto ayam pb capcay seafood sate ayam tsk bebek goreng es cendol,Restaurants,Food & Beverage,508500
5246,chitato sapi panggang beras ramos frisian flag uht pepsodent yakult fiesta nugget,Groceries,Food & Beverage,184200
5247,kecap bango sosis so nice kopi kapal api mix nu green tea tepung segitiga biru,Groceries,Food & Beverage,137000
5248,komix jahe termometer digital promag tablet tolak angin box betadine sanmol tablet bodrex flu batuk minyak kayu putih panadol biru strip obh combi,Health,Health & Personal Care,424500
5249,spicy chicken wings paket burger combo take away bag,Fast Food,Food & Beverage,102000
5250,dexlite,Gas & Fuel,Transportation,238000
5251,take away bag spicy chicken wings ice cream cone paket burger combo ayam goreng crispy,Fast Food,Food & Beverage,248500
5252,rinso deterjen sikat wc wipol stella pengharum lap microfiber,Household,Housing & Utilities,349000
5253,revvo,Gas & Fuel,Transportation,516000
5254,ayam bakar madu jeruk hangat sop iga gurame bakar mie ayam jamur mie goreng jawa,Restaurants,Food & Beverage,1328800
5255,sabun cuci tangan spon cuci piring sos pembersih lantai baygon aerosol super pell,Household,Housing & Utilities,324500
5256,fiesta nugget pepsodent garam refina oreo vanilla roti tawar sari roti indomie goreng ultra milk coklat roma kelapa teh pucuk nu green tea telur ayam tepung segitiga biru silverqueen piattos sapi panggang le minerale,Groceries,Food & Beverage,337500
5257,super pell karbol wangi,Household,Housing & Utilities,81000
5258,bio solar,Gas & Fuel,Transportation,259000
5259,sop iga dimsum ayam nasi goreng spesial,Restaurants,Food & Beverage,123000
5260,shell v power,Gas & Fuel,Transportation,96000
5261,nasi putih service charge air mineral,Restaurants,Food & Beverage,51500
5262,redmi note,Electronics & Software,Lifestyle & Entertainment,6607000
5263,talenan sekrup set organizer drawer keran air lampu led food container set obeng set pisau dapur,Home Improvement,Housing & Utilities,681000
5264,hansaplast masker medis enervon c botol panadol biru strip promag tablet oralit sachet betadine,Health,Health & Personal Care,208700
5265,fiesta nugget saus sambal abc roma kelapa teh pucuk,Groceries,Food & Beverage,192200
5266,silverqueen sosis so nice kopi kapal api mix aqua oreo vanilla fiesta nugget,Groceries,Food & Beverage,190600
5267,roti tawar sari roti yakult bimoli l oreo vanilla beras ramos pop mie ayam sunlight lime aqua fiesta nugget,Groceries,Food & Beverage,259000
5268,garam refina pepsodent piattos sapi panggang le minerale kecap bango filma minyak l,Groceries,Food & Beverage,138000
5269,tissue nice s tepung segitiga biru ultra milk coklat,Groceries,Food & Beverage,71000
5270,gantungan baju set lampu led pisau dapur keran air bantal sofa kabel roll stop obeng set,Home Improvement,Housing & Utilities,674800
5271,tiket kereta eksekutif airport train,Transportation,Transportation,727000
5272,revvo,Gas & Fuel,Transportation,90000
5273,bimoli l teh pucuk nu green tea le minerale,Groceries,Food & Beverage,78500
5274,frisian flag uht oreo vanilla indomie goreng,Groceries,Food & Beverage,85000
5275,lemon tea ice cream cone,Fast Food,Food & Beverage,41000
5276,keran air pisau dapur cat tembok obeng set,Home Improvement,Housing & Utilities,602500
5277,garam refina,Groceries,Food & Beverage,8000
5278,masker medis bodrex flu batuk,Health,Health & Personal Care,87000
5279,ponds face wash hand cream scarlett body scrub garnier micellar water ellips hair vitamin herborist body butter,Beauty,Health & Personal Care,276000
5280,shell v power,Gas & Fuel,Transportation,480000
5281,silverqueen ultra milk coklat walls cornetto piattos sapi panggang oreo vanilla sosis so nice kecap bango teh pucuk,Groceries,Food & Beverage,255500
5282,dimsum ayam gurame bakar nasi goreng spesial nasi putih,Restaurants,Food & Beverage,377000
5283,celana chino kemeja flanel kaos kaki,Apparel,Lifestyle & Entertainment,596000
5284,sop iga nasi goreng spesial air mineral capcay seafood mie ayam jamur kwetiau siram sapi,Restaurants,Food & Beverage,428000
5285,pertamax,Gas & Fuel,Transportation,435600
5286,saus sambal abc mie sedaap soto kecap bango beras ramos roma kelapa,Groceries,Food & Beverage,1055000
5287,capcay seafood bebek goreng nasi goreng spesial ayam bakar madu es teh manis,Restaurants,Food & Beverage,618500
5288,saus sambal abc kecap bango yakult mie sedaap soto pepsodent,Groceries,Food & Beverage,250000
5289,vaseline body lotion skintific moisturizer herborist body butter,Beauty,Health & Personal Care,339500
5290,mie ayam jamur jeruk hangat es cendol es teh manis air mineral ayam bakar madu,Restaurants,Food & Beverage,151100
5291,ayam bakar madu es cendol,Restaurants,Food & Beverage,50500
5292,pudding chocolate french fries,Fast Food,Food & Beverage,100000
5293,tax resto capcay seafood ayam bakar madu sop iga es teh manis,Restaurants,Food & Beverage,556500
5294,pop mie ayam beras ramos filma minyak l chitato sapi panggang yakult telur ayam,Groceries,Food & Beverage,238100
5295,cola medium,Fast Food,Food & Beverage,12000
5296,pb es teh manis,Restaurants,Food & Beverage,22000
5297,beras ramos frisian flag uht kecap bango yakult kopi kapal api mix piattos sapi panggang gula pasir bimoli l,Groceries,Food & Beverage,566900
5298,tiket bus transjakarta travel antarkota,Transportation,Transportation,243000
5299,revvo,Gas & Fuel,Transportation,42000
5300,pixy bedak two way cake skintific moisturizer azarine sunscreen,Beauty,Health & Personal Care,285000
5301,sos pembersih lantai tissue paseo s kain pel,Household,Housing & Utilities,313000
5302,sambal extra burger cheese,Fast Food,Food & Beverage,33000
5303,obeng set,Home Improvement,Housing & Utilities,57000
5304,wardah lightening toner azarine sunscreen skintific moisturizer,Beauty,Health & Personal Care,282000
5305,almond croissant cappuccino lychee tea matcha latte,Coffee Shops,Food & Beverage,275000
5306,pertamax turbo,Gas & Fuel,Transportation,145000
5307,sambal extra paket hemat nasi putih tax resto pudding chocolate,Fast Food,Food & Beverage,304000
5308,dimsum ayam air mineral bakso urat,Restaurants,Food & Beverage,141000
5309,kopi susu gula aren oat milk pb,Coffee Shops,Food & Beverage,55000
5310,revvo,Gas & Fuel,Transportation,289800
5311,paket ayam nasi take away bag ayam goreng crispy chicken nugget paket burger combo rice bowl chicken,Fast Food,Food & Beverage,205300
5312,shell v power,Gas & Fuel,Transportation,608000
5313,beras ramos indomie goreng aqua le minerale frisian flag uht,Groceries,Food & Beverage,189000
5314,keran air artificial plant storage box l cat tembok sekrup set,Home Improvement,Housing & Utilities,734500
5315,fiesta nugget roti tawar sari roti mie sedaap soto,Groceries,Food & Beverage,62000
5316,tolak angin box promag tablet oralit sachet,Health,Health & Personal Care,50500
5317,frisian flag uht bimoli l indomie ayam bawang roti tawar sari roti piattos sapi panggang pop mie ayam chitato sapi panggang sunlight lime nu green tea roma kelapa le minerale pepsodent,Groceries,Food & Beverage,335000
5318,paket burger combo take away bag,Fast Food,Food & Beverage,48000
5319,jam dinding lampu led rak susun tingkat pisau dapur organizer drawer,Home Improvement,Housing & Utilities,676000
5320,bimoli l sosis so nice teh pucuk kopi kapal api mix le minerale chitato sapi panggang saus sambal abc lifebuoy sabun batang walls cornetto,Groceries,Food & Beverage,239500
5321,enervon c botol termometer digital,Health,Health & Personal Care,202000
5322,enervon c botol,Health,Health & Personal Care,96000
5323,shell v power,Gas & Fuel,Transportation,300000
5324,burger cheese,Fast Food,Food & Beverage,32000
5325,paket ayam nasi pudding chocolate,Fast Food,Food & Beverage,91000
5326,oat milk almond croissant matcha latte croissant butter,Coffee Shops,Food & Beverage,218000
5327,gurame bakar sop iga mie goreng jawa,Restaurants,Food & Beverage,482200
5328,obh combi paracetamol mg oralit sachet promag tablet,Health,Health & Personal Care,64000
5329,almond croissant kopi susu gula aren brownies,Coffee Shops,Food & Beverage,109000
5330,le minerale pop mie ayam sunlight lime filma minyak l kopi kapal api mix pepsodent,Groceries,Food & Beverage,120500
5331,sambal extra spicy chicken wings chicken popcorn burger cheese,Fast Food,Food & Beverage,359200
5332,tiket krl,Transportation,Transportation,11000
5333,service charge dimsum ayam gurame bakar cumi saus padang bebek goreng capcay seafood,Restaurants,Food & Beverage,975000
5334,brownies es kopi pandan lychee tea cappuccino matcha latte caffe latte,Coffee Shops,Food & Beverage,371500
5335,cumi saus padang service charge,Restaurants,Food & Beverage,463000
5336,komix jahe masker medis vitamin c mg antangin cair panadol biru strip promag tablet,Health,Health & Personal Care,198600
5337,obh combi vitamin c mg antangin cair hansaplast,Health,Health & Personal Care,110000
5338,pertamax,Gas & Fuel,Transportation,299000
5339,promag tablet paracetamol mg bodrex flu batuk termometer digital,Health,Health & Personal Care,133000
5340,indomie goreng sosis so nice nu green tea piattos sapi panggang teh pucuk,Groceries,Food & Beverage,71000
5341,air mineral nasi putih gurame bakar dimsum ayam,Restaurants,Food & Beverage,418000
5342,tissue nice s aqua,Groceries,Food & Beverage,46000
5343,sabun cuci tangan wipol super pell kain pel baygon aerosol attack easy tissue paseo s plastik sampah x,Household,Housing & Utilities,459500
5344,oat milk croissant butter,Coffee Shops,Food & Beverage,157500
5345,artificial plant pot tanaman sekrup set storage box l cat tembok obeng set gantungan baju set kabel roll stop food container set,Home Improvement,Housing & Utilities,1028000
5346,bebek goreng sop iga bakso urat mie ayam jamur,Restaurants,Food & Beverage,372000
5347,mie sedaap soto tissue nice s yakult bimoli l,Groceries,Food & Beverage,52500
5348,revvo,Gas & Fuel,Transportation,73000
5349,baygon aerosol stella pengharum plastik sampah x super pell kain pel karbol wangi sunlight lime wipol molto pewangi,Household,Housing & Utilities,526500
5350,spicy chicken wings cola medium french fries chicken popcorn burger cheese,Fast Food,Food & Beverage,371000
5351,le minerale oreo vanilla pepsodent teh pucuk,Groceries,Food & Beverage,104000
5352,bimoli l lifebuoy sabun batang pepsodent gula pasir good day cappuccino tissue nice s telur ayam,Groceries,Food & Beverage,265000
5353,rice bowl chicken sambal extra,Fast Food,Food & Beverage,105000
5354,dexlite,Gas & Fuel,Transportation,551000
5355,sikat wc lap microfiber spon cuci piring kain pel sos pembersih lantai molto pewangi super pell sabun cuci tangan rinso deterjen karbol wangi,Household,Housing & Utilities,652000
5356,good day cappuccino mie sedaap soto garam refina saus sambal abc filma minyak l telur ayam oreo vanilla pepsodent,Groceries,Food & Beverage,210000
5357,keyboard usb redmi note flashdisk mouse wireless,Electronics & Software,Lifestyle & Entertainment,3875900
5358,teh pucuk yakult bimoli l gula pasir,Groceries,Food & Beverage,70500
5359,mie ayam jamur nasi putih,Restaurants,Food & Beverage,74500
5360,artificial plant bantal sofa rak susun tingkat obeng set kabel roll stop food container set gantungan baju set pisau dapur pot tanaman,Home Improvement,Housing & Utilities,1292000
5361,bimoli l kecap bango,Groceries,Food & Beverage,95000
5362,dexlite,Gas & Fuel,Transportation,588000
5363,oppo a,Electronics & Software,Lifestyle & Entertainment,2342000
5364,pudding chocolate ice cream cone,Fast Food,Food & Beverage,46000
5365,bimoli l nu green tea walls cornetto roma kelapa garam refina,Groceries,Food & Beverage,110000
5366,aqua oreo vanilla garam refina fiesta nugget,Groceries,Food & Beverage,76500
5367,teh pucuk kecap bango silverqueen sosis so nice,Groceries,Food & Beverage,106500
5368,pisau dapur kabel roll stop talenan obeng set cat tembok jam dinding,Home Improvement,Housing & Utilities,782000
5369,fiesta nugget filma minyak l sosis so nice silverqueen garam refina teh pucuk indomie goreng lifebuoy sabun batang,Groceries,Food & Beverage,390000
5370,rinso deterjen stella pengharum attack easy,Household,Housing & Utilities,445000
5371,oralit sachet,Health,Health & Personal Care,3000
5372,minyak kayu putih obh combi komix jahe termometer digital,Health,Health & Personal Care,196500
5373,air mineral,Restaurants,Food & Beverage,5900
5374,roma kelapa indomie ayam bawang beras ramos aqua,Groceries,Food & Beverage,195000
5375,stella pengharum sabun cuci tangan karbol wangi molto pewangi,Household,Housing & Utilities,171500
5376,tissue nice s chitato sapi panggang oreo vanilla,Groceries,Food & Beverage,54000
5377,beras ramos pop mie ayam oreo vanilla roti tawar sari roti,Groceries,Food & Beverage,169500
5378,mie ayam jamur es cendol sate ayam tsk bakso urat bebek goreng cumi saus padang pb,Restaurants,Food & Beverage,654000
5379,iced americano cheesecake slice cinnamon roll es kopi pandan,Coffee Shops,Food & Beverage,118100
5380,komix jahe enervon c botol paracetamol mg antangin cair bodrex flu batuk,Health,Health & Personal Care,64500
5381,cola medium chicken popcorn spicy chicken wings paket hemat burger cheese rice bowl chicken,Fast Food,Food & Beverage,356700
5382,es kopi pandan kopi susu gula aren croissant butter iced americano matcha latte,Coffee Shops,Food & Beverage,161500
5383,baygon aerosol sikat wc spon cuci piring,Household,Housing & Utilities,158000
5384,kain pel attack easy karbol wangi rinso deterjen sunlight lime sikat wc stella pengharum lap microfiber,Household,Housing & Utilities,425000
5385,minyak kayu putih sanmol tablet termometer digital paracetamol mg hansaplast panadol biru strip,Health,Health & Personal Care,299500
5386,beras ramos sosis so nice oreo vanilla silverqueen fiesta nugget frisian flag uht bimoli l ultra milk coklat,Groceries,Food & Beverage,766500
5387,gula pasir piattos sapi panggang yakult pepsodent,Groceries,Food & Beverage,108000
5388,tiket kereta ekonomi tiket kereta eksekutif,Transportation,Transportation,1530000
5389,body mist makarizo hair mask,Beauty,Health & Personal Care,96000
5390,good day cappuccino sunlight lime oreo vanilla chitato sapi panggang,Groceries,Food & Beverage,174000
5391,samsung a,Electronics & Software,Lifestyle & Entertainment,2191000
5392,kwetiau siram sapi sop iga,Restaurants,Food & Beverage,137400
5393,saus sambal abc piattos sapi panggang good day cappuccino garam refina kecap bango mie sedaap soto filma minyak l,Groceries,Food & Beverage,198000
5394,parkir motor tiket kereta eksekutif tiket bus transjakarta tol dalam kota airport train,Transportation,Transportation,927000
5395,paracetamol mg tolak angin box bodrex flu batuk komix jahe,Health,Health & Personal Care,80000
5396,pertamax turbo,Gas & Fuel,Transportation,330000
5397,sosis so nice oreo vanilla piattos sapi panggang aqua bimoli l indomie ayam bawang,Groceries,Food & Beverage,130000
5398,fiesta nugget kecap bango,Groceries,Food & Beverage,158000
5399,sunlight lime lifebuoy sabun batang teh pucuk roma kelapa,Groceries,Food & Beverage,61800
5400,lychee tea,Coffee Shops,Food & Beverage,132000
5401,polo shirt kemeja flanel,Apparel,Lifestyle & Entertainment,409000
5402,mie sedaap soto silverqueen nu green tea bimoli l,Groceries,Food & Beverage,130000
5403,bio solar,Gas & Fuel,Transportation,156400
5404,cat tembok gantungan baju set storage box l food container set obeng set,Home Improvement,Housing & Utilities,457500
5405,silverqueen kopi kapal api mix sosis so nice mie sedaap soto,Groceries,Food & Beverage,207000
5406,obh combi minyak kayu putih panadol biru strip,Health,Health & Personal Care,142000
5407,saus sambal abc teh pucuk aqua chitato sapi panggang fiesta nugget,Groceries,Food & Beverage,141500
5408,pb es kopi pandan lychee tea oat milk extra shot matcha latte,Coffee Shops,Food & Beverage,298500
5409,tepung segitiga biru sunlight lime telur ayam sosis so nice,Groceries,Food & Beverage,118000
5410,travel antarkota tiket krl,Transportation,Transportation,209700
5411,french fries,Fast Food,Food & Beverage,20000
5412,pertamax,Gas & Fuel,Transportation,290000
5413,hand cream ponds face wash maybelline fit me scarlett body scrub revlon lipstick body mist ellips hair vitamin,Beauty,Health & Personal Care,787500
5414,rice bowl chicken spicy chicken wings nasi putih french fries ayam goreng crispy,Fast Food,Food & Beverage,140800
5415,caffe latte cheesecake slice extra shot,Coffee Shops,Food & Beverage,196000
5416,mie ayam jamur nasi goreng spesial gurame bakar,Restaurants,Food & Beverage,452500
5417,sop iga,Restaurants,Food & Beverage,180000
5418,pertalite,Gas & Fuel,Transportation,270000
5419,tiket pesawat domestik,Transportation,Transportation,1367000
5420,paket hemat chicken nugget lemon tea rice bowl chicken burger cheese spaghetti chicken,Fast Food,Food & Beverage,352500
5421,paket burger combo rice bowl chicken pudding chocolate,Fast Food,Food & Beverage,168000
5422,spanish latte almond croissant,Coffee Shops,Food & Beverage,196000
5423,rice bowl chicken chicken nugget,Fast Food,Food & Beverage,118000
5424,yakult silverqueen bimoli l piattos sapi panggang chitato sapi panggang aqua,Groceries,Food & Beverage,283500
5425,sunlight lime molto pewangi rinso deterjen attack easy sabun cuci tangan tissue paseo s,Household,Housing & Utilities,333900
5426,shuttle bandung jkt tiket kereta eksekutif,Transportation,Transportation,462000
5427,baygon aerosol,Household,Housing & Utilities,36000
5428,makarizo hair mask pixy bedak two way cake wardah lightening toner vaseline body lotion emina lip cream ellips hair vitamin herborist body butter skintific moisturizer body mist garnier micellar water,Beauty,Health & Personal Care,790000
5429,kopi kapal api mix piattos sapi panggang pepsodent beras ramos tepung segitiga biru kecap bango tissue nice s telur ayam mie sedaap soto,Groceries,Food & Beverage,379800
5430,iced americano cheesecake slice chocolate ice,Coffee Shops,Food & Beverage,149000
5431,masker medis,Health,Health & Personal Care,42000
5432,shell super,Gas & Fuel,Transportation,255000
5433,pop mie ayam tissue nice s le minerale lifebuoy sabun batang indomie ayam bawang nu green tea good day cappuccino frisian flag uht gula pasir filma minyak l teh pucuk oreo vanilla,Groceries,Food & Beverage,183000
5434,wipol lap microfiber rinso deterjen sabun cuci tangan,Household,Housing & Utilities,128000
5435,garnier micellar water azarine sunscreen makarizo hair mask revlon lipstick,Beauty,Health & Personal Care,267500
5436,spaghetti chicken service charge,Fast Food,Food & Beverage,45400
5437,vaseline body lotion makarizo hair mask somethinc serum ponds face wash scarlett body scrub,Beauty,Health & Personal Care,274500
5438,ultra milk coklat indomie goreng good day cappuccino oreo vanilla tepung segitiga biru yakult lifebuoy sabun batang,Groceries,Food & Beverage,109000
5439,bimoli l silverqueen indomie ayam bawang beras ramos sosis so nice good day cappuccino,Groceries,Food & Beverage,986000
5440,telur ayam,Groceries,Food & Beverage,61000
5441,masker medis betadine enervon c botol bodrex flu batuk hansaplast sanmol tablet vitamin c mg,Health,Health & Personal Care,270000
5442,oat milk croissant butter,Coffee Shops,Food & Beverage,46500
5443,lemon tea spicy chicken wings nasi putih pudding chocolate paket ayam nasi,Fast Food,Food & Beverage,243500
5444,cappuccino lychee tea brownies banana bread kopi susu gula aren matcha latte es kopi pandan iced americano,Coffee Shops,Food & Beverage,464400
5445,chitato sapi panggang roti tawar sari roti,Groceries,Food & Beverage,184000
5446,french fries service charge take away bag chicken nugget,Fast Food,Food & Beverage,146000
5447,iced americano matcha latte es kopi pandan brownies lychee tea,Coffee Shops,Food & Beverage,282500
5448,mie ayam jamur gurame bakar,Restaurants,Food & Beverage,127000
5449,kaos basic cotton dress wanita,Apparel,Lifestyle & Entertainment,520000
5450,service charge jeruk hangat sate ayam tsk bakso urat es teh manis capcay seafood,Restaurants,Food & Beverage,399000
5451,filma minyak l frisian flag uht tepung segitiga biru chitato sapi panggang garam refina fiesta nugget,Groceries,Food & Beverage,166300
5452,anti gores hp,Electronics & Software,Lifestyle & Entertainment,46000
5453,es kopi pandan lychee tea,Coffee Shops,Food & Beverage,157000
5454,cola medium paket burger combo nasi putih paket ayam nasi paket hemat ayam goreng crispy,Fast Food,Food & Beverage,286000
5455,kaos basic cotton topi baseball,Apparel,Lifestyle & Entertainment,229300
5456,pepsodent kecap bango telur ayam fiesta nugget filma minyak l oreo vanilla kopi kapal api mix,Groceries,Food & Beverage,354500
5457,stella pengharum wipol sunlight lime sabun cuci tangan baygon aerosol,Household,Housing & Utilities,462000
5458,pertalite kopi kaleng,Gas & Fuel,Transportation,112000
5459,beras ramos tepung segitiga biru nu green tea le minerale bimoli l,Groceries,Food & Beverage,351500
5460,tol jakarta cikampek airport train tol dalam kota,Transportation,Transportation,160000
5461,matcha latte brownies cappuccino almond croissant cinnamon roll lychee tea,Coffee Shops,Food & Beverage,325000
5462,obh combi enervon c botol hansaplast panadol biru strip oralit sachet masker medis komix jahe promag tablet,Health,Health & Personal Care,159000
5463,piattos sapi panggang indomie ayam bawang,Groceries,Food & Beverage,36000
5464,obeng set kabel roll stop keran air gantungan baju set cat tembok jam dinding rak susun tingkat,Home Improvement,Housing & Utilities,1232500
5465,sabun cuci tangan wipol sunlight lime,Household,Housing & Utilities,93500
5466,lychee tea cappuccino spanish latte kopi susu gula aren es kopi pandan matcha latte croissant butter caffe latte,Coffee Shops,Food & Beverage,279000
5467,mie sedaap soto filma minyak l good day cappuccino silverqueen yakult pepsodent,Groceries,Food & Beverage,161000
5468,pertamax,Gas & Fuel,Transportation,221000
5469,samsung a keyboard usb kabel data type c headset bluetooth,Electronics & Software,Lifestyle & Entertainment,3388000
5470,es kopi pandan,Coffee Shops,Food & Beverage,28000
5471,revvo,Gas & Fuel,Transportation,112000
5472,garam refina le minerale,Groceries,Food & Beverage,12000
5473,tax resto air mineral cumi saus padang mie goreng jawa,Restaurants,Food & Beverage,253000
5474,indomie goreng chitato sapi panggang kecap bango piattos sapi panggang oreo vanilla teh pucuk gula pasir pop mie ayam fiesta nugget roti tawar sari roti mie sedaap soto aqua,Groceries,Food & Beverage,286100
5475,spanish latte brownies es kopi pandan,Coffee Shops,Food & Beverage,184000
5476,paket ayam nasi cola medium paket burger combo burger cheese spicy chicken wings paket hemat,Fast Food,Food & Beverage,287200
5477,almond croissant caffe latte matcha latte banana bread cappuccino,Coffee Shops,Food & Beverage,311000
5478,jeruk hangat mie ayam jamur es teh manis nasi goreng spesial,Restaurants,Food & Beverage,229200
5479,gula pasir bimoli l sosis so nice tissue nice s roti tawar sari roti oreo vanilla,Groceries,Food & Beverage,195500
5480,nu green tea walls cornetto indomie ayam bawang saus sambal abc tepung segitiga biru chitato sapi panggang oreo vanilla filma minyak l pepsodent silverqueen,Groceries,Food & Beverage,260800
5481,gula pasir kecap bango roti tawar sari roti filma minyak l oreo vanilla bimoli l kopi kapal api mix nu green tea pop mie ayam garam refina,Groceries,Food & Beverage,267500
5482,aqua,Groceries,Food & Beverage,8000
5483,oralit sachet promag tablet enervon c botol vitamin c mg panadol biru strip sanmol tablet,Health,Health & Personal Care,314000
5484,yakult filma minyak l oreo vanilla indomie goreng kopi kapal api mix lifebuoy sabun batang,Groceries,Food & Beverage,87000
5485,dimsum ayam es cendol sate ayam tsk,Restaurants,Food & Beverage,196000
5486,obh combi sanmol tablet,Health,Health & Personal Care,43000
5487,indomie goreng piattos sapi panggang oreo vanilla roma kelapa,Groceries,Food & Beverage,83500
5488,filma minyak l lifebuoy sabun batang beras ramos oreo vanilla,Groceries,Food & Beverage,117400
5489,baygon aerosol sikat wc attack easy super pell lap microfiber wipol,Household,Housing & Utilities,922200
5490,cola medium rice bowl chicken burger cheese,Fast Food,Food & Beverage,180500
5491,banana bread extra shot,Coffee Shops,Food & Beverage,82000
5492,caffe latte es kopi pandan matcha latte,Coffee Shops,Food & Beverage,239000
5493,komix jahe enervon c botol oralit sachet obh combi,Health,Health & Personal Care,105500
5494,nu green tea,Groceries,Food & Beverage,6000
5495,tissue paseo s attack easy lap microfiber kain pel stella pengharum,Household,Housing & Utilities,363000
5496,sekrup set artificial plant gantungan baju set obeng set,Home Improvement,Housing & Utilities,277000
5497,teh pucuk sosis so nice ultra milk coklat silverqueen pop mie ayam filma minyak l good day cappuccino,Groceries,Food & Beverage,173000
5498,jeruk hangat mie goreng jawa capcay seafood soto ayam bakso urat service charge,Restaurants,Food & Beverage,465500
5499,sop iga,Restaurants,Food & Beverage,80000
5500,pudding chocolate spaghetti chicken,Fast Food,Food & Beverage,94000
5501,bimoli l silverqueen kopi kapal api mix,Groceries,Food & Beverage,235000
5502,baju anak polo shirt kemeja oxford,Apparel,Lifestyle & Entertainment,517000
5503,termometer digital sanmol tablet,Health,Health & Personal Care,121000
5504,obeng set artificial plant cat tembok food container set pisau dapur storage box l kabel roll stop gantungan baju set lampu led,Home Improvement,Housing & Utilities,960000
5505,lap microfiber super pell rinso deterjen plastik sampah x sunlight lime,Household,Housing & Utilities,590600
5506,mie goreng jawa kwetiau siram sapi jeruk hangat nasi putih bakso urat air mineral,Restaurants,Food & Beverage,451800
5507,herborist body butter scarlett body scrub revlon lipstick,Beauty,Health & Personal Care,269700
5508,pudding chocolate nasi putih chicken popcorn spicy chicken wings,Fast Food,Food & Beverage,103000
5509,sate ayam tsk service charge,Restaurants,Food & Beverage,107000
5510,revvo,Gas & Fuel,Transportation,364000
5511,shell super,Gas & Fuel,Transportation,70000
5512,spanish latte es kopi pandan,Coffee Shops,Food & Beverage,91000
5513,sosis so nice telur ayam pop mie ayam chitato sapi panggang,Groceries,Food & Beverage,103000
5514,pisau dapur sekrup set kabel roll stop artificial plant pot tanaman bantal sofa,Home Improvement,Housing & Utilities,1244000
5515,legging sport jaket hoodie,Apparel,Lifestyle & Entertainment,549000
5516,pertalite,Gas & Fuel,Transportation,160000
5517,cat tembok lampu led food container set pot tanaman sekrup set,Home Improvement,Housing & Utilities,313500
5518,frisian flag uht oreo vanilla silverqueen sunlight lime,Groceries,Food & Beverage,89000
5519,kain pel sikat wc molto pewangi rinso deterjen sunlight lime wipol stella pengharum attack easy,Household,Housing & Utilities,339700
5520,enervon c botol antangin cair panadol biru strip komix jahe sanmol tablet vitamin c mg,Health,Health & Personal Care,214500
5521,wardah lightening toner body mist hand cream,Beauty,Health & Personal Care,141000
5522,shell super,Gas & Fuel,Transportation,188500
5523,revvo,Gas & Fuel,Transportation,262500
5524,dimsum ayam,Restaurants,Food & Beverage,90000
5525,dimsum ayam sop iga,Restaurants,Food & Beverage,185000
5526,paracetamol mg vitamin c mg,Health,Health & Personal Care,68000
5527,ultra milk coklat lifebuoy sabun batang sosis so nice pepsodent roti tawar sari roti tepung segitiga biru silverqueen garam refina indomie goreng roma kelapa,Groceries,Food & Beverage,238800
5528,oat milk,Coffee Shops,Food & Beverage,18000
5529,mie ayam jamur capcay seafood,Restaurants,Food & Beverage,92000
5530,somethinc serum skintific moisturizer emina lip cream maybelline fit me,Beauty,Health & Personal Care,468000
5531,extra shot cinnamon roll caffe latte croissant butter kopi susu gula aren,Coffee Shops,Food & Beverage,302000
5532,kopi kapal api mix saus sambal abc ultra milk coklat beras ramos indomie ayam bawang,Groceries,Food & Beverage,183000
5533,pisau dapur pot tanaman bantal sofa rak susun tingkat artificial plant,Home Improvement,Housing & Utilities,601000
5534,telur ayam pepsodent sunlight lime,Groceries,Food & Beverage,49000
5535,ponds face wash body mist vaseline body lotion wardah lightening toner hand cream,Beauty,Health & Personal Care,186000
5536,rice bowl chicken chicken popcorn paket hemat ayam goreng crispy,Fast Food,Food & Beverage,134500
5537,brownies lychee tea cappuccino,Coffee Shops,Food & Beverage,242000
5538,ayam goreng crispy spicy chicken wings,Fast Food,Food & Beverage,266000
5539,celana chino kemeja oxford,Apparel,Lifestyle & Entertainment,603000
5540,cappuccino cinnamon roll brownies pb cheesecake slice,Coffee Shops,Food & Beverage,210400
5541,mie ayam jamur nasi goreng spesial sop iga gurame bakar service charge,Restaurants,Food & Beverage,397000
5542,croissant butter cheesecake slice chocolate ice caffe latte brownies almond croissant es kopi pandan,Coffee Shops,Food & Beverage,562000
5543,walls cornetto sosis so nice pop mie ayam saus sambal abc beras ramos chitato sapi panggang gula pasir nu green tea,Groceries,Food & Beverage,334000
5544,french fries,Fast Food,Food & Beverage,34000
5545,pertalite,Gas & Fuel,Transportation,150000
5546,hansaplast paracetamol mg,Health,Health & Personal Care,29000
5547,nu green tea indomie ayam bawang tissue nice s,Groceries,Food & Beverage,84000
5548,sop iga cumi saus padang nasi goreng spesial bakso urat bebek goreng mie ayam jamur dimsum ayam,Restaurants,Food & Beverage,721500
5549,ultra milk coklat silverqueen le minerale walls cornetto frisian flag uht sunlight lime lifebuoy sabun batang good day cappuccino,Groceries,Food & Beverage,223000
5550,sport bra baju anak ikat pinggang,Apparel,Lifestyle & Entertainment,673000
5551,walls cornetto pepsodent saus sambal abc silverqueen nu green tea frisian flag uht garam refina lifebuoy sabun batang roma kelapa filma minyak l,Groceries,Food & Beverage,241100
5552,sanmol tablet betadine obh combi masker medis enervon c botol bodrex flu batuk vitamin c mg paracetamol mg,Health,Health & Personal Care,268900
5553,nasi goreng spesial es teh manis gurame bakar,Restaurants,Food & Beverage,218000
5554,kecap bango aqua telur ayam saus sambal abc roti tawar sari roti fiesta nugget walls cornetto chitato sapi panggang sosis so nice yakult indomie goreng good day cappuccino,Groceries,Food & Beverage,526000
5555,pudding chocolate paket hemat rice bowl chicken paket burger combo paket ayam nasi,Fast Food,Food & Beverage,385000
5556,komix jahe minyak kayu putih paracetamol mg tolak angin box,Health,Health & Personal Care,152500
5557,ultra milk coklat frisian flag uht sunlight lime kopi kapal api mix walls cornetto tepung segitiga biru teh pucuk gula pasir saus sambal abc,Groceries,Food & Beverage,188500
5558,kecap bango kopi kapal api mix indomie goreng silverqueen,Groceries,Food & Beverage,164000
5559,sos pembersih lantai plastik sampah x spon cuci piring karbol wangi baygon aerosol lap microfiber stella pengharum,Household,Housing & Utilities,386100
5560,pertalite,Gas & Fuel,Transportation,370000
5561,molto pewangi stella pengharum plastik sampah x attack easy karbol wangi baygon aerosol wipol lap microfiber,Household,Housing & Utilities,740000
5562,bp,Gas & Fuel,Transportation,56000
5563,scarlett body scrub ellips hair vitamin wardah lightening toner emina lip cream pixy bedak two way cake azarine sunscreen revlon lipstick hand cream,Beauty,Health & Personal Care,468100
5564,stella pengharum sos pembersih lantai molto pewangi,Household,Housing & Utilities,150500
5565,tax resto paket ayam nasi lemon tea,Fast Food,Food & Beverage,93100
5566,caffe latte service charge almond croissant spanish latte,Coffee Shops,Food & Beverage,107000
5567,burger cheese lemon tea rice bowl chicken paket hemat spaghetti chicken,Fast Food,Food & Beverage,289800
5568,komix jahe vitamin c mg sanmol tablet betadine masker medis tolak angin box obh combi enervon c botol,Health,Health & Personal Care,275000
5569,soto ayam mie goreng jawa,Restaurants,Food & Beverage,57500
5570,pop mie ayam roti tawar sari roti roma kelapa,Groceries,Food & Beverage,230000
5571,saus sambal abc beras ramos nu green tea gula pasir fiesta nugget sunlight lime,Groceries,Food & Beverage,284900
5572,paket burger combo nasi putih rice bowl chicken spicy chicken wings paket ayam nasi,Fast Food,Food & Beverage,318000
5573,panadol biru strip minyak kayu putih oralit sachet antangin cair termometer digital,Health,Health & Personal Care,173000
5574,spanish latte cappuccino croissant butter oat milk,Coffee Shops,Food & Beverage,167000
5575,headset bluetooth,Electronics & Software,Lifestyle & Entertainment,924000
5576,enervon c botol obh combi betadine sanmol tablet,Health,Health & Personal Care,163000
5577,nu green tea sosis so nice lifebuoy sabun batang good day cappuccino telur ayam frisian flag uht gula pasir,Groceries,Food & Beverage,173200
5578,cinnamon roll kopi susu gula aren chocolate ice,Coffee Shops,Food & Beverage,124000
5579,karbol wangi attack easy kain pel sunlight lime tissue paseo s wipol stella pengharum sabun cuci tangan rinso deterjen plastik sampah x,Household,Housing & Utilities,539400
5580,mie sedaap soto yakult oreo vanilla piattos sapi panggang walls cornetto beras ramos,Groceries,Food & Beverage,165000
5581,sunlight lime plastik sampah x karbol wangi attack easy kain pel tissue paseo s sos pembersih lantai,Household,Housing & Utilities,547500
5582,topi baseball,Apparel,Lifestyle & Entertainment,133300
5583,pertamax turbo,Gas & Fuel,Transportation,15000
5584,pop mie ayam kecap bango filma minyak l beras ramos,Groceries,Food & Beverage,268500
5585,take away bag sambal extra rice bowl chicken chicken popcorn spaghetti chicken pudding chocolate ayam goreng crispy burger cheese nasi putih paket ayam nasi,Fast Food,Food & Beverage,253500
5586,sekrup set rak susun tingkat pot tanaman talenan,Home Improvement,Housing & Utilities,433500
5587,sanmol tablet betadine termometer digital,Health,Health & Personal Care,74000
5588,mie ayam jamur,Restaurants,Food & Beverage,56000
5589,good day cappuccino pepsodent pop mie ayam frisian flag uht tepung segitiga biru,Groceries,Food & Beverage,135000
5590,cola medium burger cheese spicy chicken wings,Fast Food,Food & Beverage,148000
5591,tissue paseo s spon cuci piring,Household,Housing & Utilities,76000
5592,case hp samsung a flashdisk keyboard usb,Electronics & Software,Lifestyle & Entertainment,3629100
5593,service charge ayam bakar madu bebek goreng mie goreng jawa,Restaurants,Food & Beverage,550000
5594,take away bag spaghetti chicken ice cream cone sambal extra,Fast Food,Food & Beverage,153000
5595,cumi saus padang mie goreng jawa,Restaurants,Food & Beverage,87000
5596,ellips hair vitamin body mist somethinc serum,Beauty,Health & Personal Care,170000
5597,filma minyak l piattos sapi panggang sunlight lime ultra milk coklat tepung segitiga biru,Groceries,Food & Beverage,213200
5598,jeans slim fit,Apparel,Lifestyle & Entertainment,451000
5599,oppo a webcam full hd,Electronics & Software,Lifestyle & Entertainment,3199000
5600,telur ayam good day cappuccino gula pasir roti tawar sari roti beras ramos yakult chitato sapi panggang walls cornetto kecap bango,Groceries,Food & Beverage,514000
5601,obh combi paracetamol mg antangin cair,Health,Health & Personal Care,43100
5602,paket ayam nasi,Fast Food,Food & Beverage,63000
5603,rice bowl chicken paket burger combo take away bag ayam goreng crispy french fries cola medium chicken nugget paket hemat paket ayam nasi lemon tea,Fast Food,Food & Beverage,319700
5604,indomie ayam bawang silverqueen yakult pop mie ayam roma kelapa,Groceries,Food & Beverage,105000
5605,nasi putih bakso urat nasi goreng spesial,Restaurants,Food & Beverage,105000
5606,case hp samsung a,Electronics & Software,Lifestyle & Entertainment,2197000
5607,paket hemat nasi putih service charge paket burger combo chicken popcorn,Fast Food,Food & Beverage,140700
5608,lemon tea paket hemat pudding chocolate nasi putih ice cream cone,Fast Food,Food & Beverage,238200
5609,rinso deterjen wipol super pell,Household,Housing & Utilities,437000
5610,hansaplast komix jahe,Health,Health & Personal Care,75000
5611,es cendol sate ayam tsk sop iga,Restaurants,Food & Beverage,333000
5612,beras ramos indomie ayam bawang,Groceries,Food & Beverage,162500
5613,mie sedaap soto indomie ayam bawang tepung segitiga biru,Groceries,Food & Beverage,49000
5614,paket burger combo lemon tea,Fast Food,Food & Beverage,65000
5615,good day cappuccino aqua,Groceries,Food & Beverage,24500
5616,sunlight lime roti tawar sari roti teh pucuk kopi kapal api mix good day cappuccino,Groceries,Food & Beverage,39500
5617,nu green tea kecap bango oreo vanilla gula pasir,Groceries,Food & Beverage,81500
5618,usb hub port,Electronics & Software,Lifestyle & Entertainment,146000
5619,attack easy molto pewangi kain pel spon cuci piring sos pembersih lantai tissue paseo s,Household,Housing & Utilities,728500
5620,tiket pesawat domestik tiket ferry,Transportation,Transportation,4770000
5621,pertalite,Gas & Fuel,Transportation,10000
5622,ice cream cone,Fast Food,Food & Beverage,30000
5623,rice bowl chicken cola medium lemon tea,Fast Food,Food & Beverage,109000
5624,oreo vanilla piattos sapi panggang,Groceries,Food & Beverage,84400
5625,topi baseball,Apparel,Lifestyle & Entertainment,333000
5626,super pell attack easy sabun cuci tangan,Household,Housing & Utilities,147000
5627,beras ramos gula pasir filma minyak l aqua,Groceries,Food & Beverage,136000
5628,tissue paseo s sunlight lime stella pengharum rinso deterjen sos pembersih lantai molto pewangi super pell,Household,Housing & Utilities,467000
5629,azarine sunscreen ellips hair vitamin wardah lightening toner hand cream garnier micellar water revlon lipstick,Beauty,Health & Personal Care,375400
5630,es cendol capcay seafood bakso urat es teh manis kwetiau siram sapi bebek goreng tax resto gurame bakar ayam bakar madu,Restaurants,Food & Beverage,800000
5631,ice cream cone ayam goreng crispy,Fast Food,Food & Beverage,82000
5632,somethinc serum makarizo hair mask azarine sunscreen pixy bedak two way cake body mist maybelline fit me,Beauty,Health & Personal Care,591000
5633,vaseline body lotion body mist makarizo hair mask somethinc serum ponds face wash skintific moisturizer,Beauty,Health & Personal Care,424500
5634,indomie ayam bawang gula pasir tepung segitiga biru,Groceries,Food & Beverage,36000
5635,paket hemat sambal extra paket ayam nasi,Fast Food,Food & Beverage,65000
5636,artificial plant organizer drawer jam dinding talenan lampu led storage box l,Home Improvement,Housing & Utilities,570000
5637,speaker bluetooth webcam full hd,Electronics & Software,Lifestyle & Entertainment,647500
5638,ayam goreng crispy spicy chicken wings burger cheese,Fast Food,Food & Beverage,81000
5639,pertamax turbo,Gas & Fuel,Transportation,525000
5640,masker medis promag tablet enervon c botol tolak angin box,Health,Health & Personal Care,124500
5641,sosis so nice teh pucuk garam refina nu green tea indomie ayam bawang ultra milk coklat fiesta nugget beras ramos oreo vanilla,Groceries,Food & Beverage,276000
5642,silverqueen chitato sapi panggang garam refina lifebuoy sabun batang frisian flag uht roti tawar sari roti aqua,Groceries,Food & Beverage,126000
5643,rice bowl chicken take away bag,Fast Food,Food & Beverage,38000
5644,polo shirt kaos basic cotton sport bra,Apparel,Lifestyle & Entertainment,723500
5645,frisian flag uht sunlight lime indomie goreng,Groceries,Food & Beverage,67000
5646,herborist body butter somethinc serum vaseline body lotion revlon lipstick,Beauty,Health & Personal Care,401000
5647,chitato sapi panggang aqua,Groceries,Food & Beverage,88000
5648,almond croissant cheesecake slice cappuccino,Coffee Shops,Food & Beverage,466000
5649,pertalite,Gas & Fuel,Transportation,310000
5650,sop iga,Restaurants,Food & Beverage,275000
5651,jeruk hangat es teh manis soto ayam,Restaurants,Food & Beverage,53000
5652,obeng set organizer drawer sekrup set food container set,Home Improvement,Housing & Utilities,310300
5653,roti tawar sari roti telur ayam tepung segitiga biru silverqueen lifebuoy sabun batang indomie ayam bawang piattos sapi panggang,Groceries,Food & Beverage,268800
5654,hand cream ponds face wash garnier micellar water,Beauty,Health & Personal Care,192000
5655,croissant butter tax resto lychee tea,Coffee Shops,Food & Beverage,121000
5656,tiket bus akap,Transportation,Transportation,124000
5657,paket burger combo take away bag ice cream cone nasi putih paket ayam nasi ayam goreng crispy sambal extra chicken nugget,Fast Food,Food & Beverage,305500
5658,es kopi pandan iced americano cappuccino cheesecake slice,Coffee Shops,Food & Beverage,244500
5659,piattos sapi panggang nu green tea pepsodent roma kelapa silverqueen teh pucuk mie sedaap soto,Groceries,Food & Beverage,100600
5660,roti tawar sari roti garam refina bimoli l beras ramos pepsodent pop mie ayam good day cappuccino lifebuoy sabun batang indomie goreng teh pucuk yakult indomie ayam bawang silverqueen aqua chitato sapi panggang,Groceries,Food & Beverage,427500
5661,panadol biru strip paracetamol mg,Health,Health & Personal Care,30000
5662,sunlight lime oreo vanilla roma kelapa le minerale garam refina piattos sapi panggang,Groceries,Food & Beverage,163100
5663,vitamin c mg panadol biru strip,Health,Health & Personal Care,47500
5664,caffe latte matcha latte brownies cheesecake slice,Coffee Shops,Food & Beverage,154000
5665,lychee tea cappuccino chocolate ice kopi susu gula aren spanish latte,Coffee Shops,Food & Beverage,434100
5666,somethinc serum hand cream,Beauty,Health & Personal Care,170000
5667,filma minyak l beras ramos,Groceries,Food & Beverage,97500
5668,kemeja flanel,Apparel,Lifestyle & Entertainment,257100
5669,dimsum ayam mie ayam jamur sate ayam tsk kwetiau siram sapi,Restaurants,Food & Beverage,157000
5670,ayam goreng crispy spicy chicken wings paket ayam nasi,Fast Food,Food & Beverage,211500
5671,kopi susu gula aren,Coffee Shops,Food & Beverage,32000
5672,matcha latte lychee tea,Coffee Shops,Food & Beverage,71500
5673,garam refina walls cornetto mie sedaap soto fiesta nugget silverqueen,Groceries,Food & Beverage,89000
5674,kopi kapal api mix bimoli l chitato sapi panggang kecap bango beras ramos,Groceries,Food & Beverage,229500
5675,airport train parkir mobil,Transportation,Transportation,112000
5676,tiket bus akap,Transportation,Transportation,99000
5677,sosis so nice indomie ayam bawang yakult gula pasir piattos sapi panggang fiesta nugget,Groceries,Food & Beverage,259000
5678,attack easy wipol sabun cuci tangan,Household,Housing & Utilities,163600
5679,kopi kapal api mix roti tawar sari roti kecap bango indomie goreng ultra milk coklat gula pasir,Groceries,Food & Beverage,113800
5680,sosis so nice sunlight lime kecap bango,Groceries,Food & Beverage,45000
5681,celana chino,Apparel,Lifestyle & Entertainment,319000
5682,garam refina bimoli l kopi kapal api mix,Groceries,Food & Beverage,59200
5683,dimsum ayam,Restaurants,Food & Beverage,112000
5684,sport bra jeans slim fit baju anak,Apparel,Lifestyle & Entertainment,878000
5685,le minerale yakult telur ayam,Groceries,Food & Beverage,112000
5686,es teh manis cumi saus padang dimsum ayam es cendol,Restaurants,Food & Beverage,180000
5687,cat tembok storage box l,Home Improvement,Housing & Utilities,399000
5688,samsung a,Electronics & Software,Lifestyle & Entertainment,2570000
5689,food container set,Home Improvement,Housing & Utilities,501000
5690,lap microfiber plastik sampah x kain pel sikat wc,Household,Housing & Utilities,255000
5691,paket ayam nasi spicy chicken wings chicken popcorn paket burger combo,Fast Food,Food & Beverage,304500
5692,shuttle bandung jkt,Transportation,Transportation,192000
5693,jam dinding kabel roll stop bantal sofa talenan storage box l organizer drawer lampu led obeng set,Home Improvement,Housing & Utilities,893000
5694,es kopi pandan cinnamon roll brownies extra shot,Coffee Shops,Food & Beverage,160600
5695,garnier micellar water herborist body butter maybelline fit me scarlett body scrub,Beauty,Health & Personal Care,294700
5696,pixy bedak two way cake herborist body butter ellips hair vitamin emina lip cream body mist maybelline fit me ponds face wash,Beauty,Health & Personal Care,441100
5697,redmi note,Electronics & Software,Lifestyle & Entertainment,3392000
5698,croissant butter iced americano cheesecake slice es kopi pandan,Coffee Shops,Food & Beverage,257000
5699,pot tanaman obeng set pisau dapur rak susun tingkat food container set,Home Improvement,Housing & Utilities,849500
5700,vitamin c mg sanmol tablet hansaplast paracetamol mg,Health,Health & Personal Care,96200
5701,croissant butter,Coffee Shops,Food & Beverage,60000
5702,ponds face wash vaseline body lotion revlon lipstick,Beauty,Health & Personal Care,244000
5703,anti gores hp,Electronics & Software,Lifestyle & Entertainment,42000
5704,lychee tea matcha latte oat milk extra shot,Coffee Shops,Food & Beverage,257000
5705,storage box l food container set obeng set lampu led pisau dapur keran air artificial plant,Home Improvement,Housing & Utilities,798000
5706,pop mie ayam mie sedaap soto roma kelapa roti tawar sari roti frisian flag uht,Groceries,Food & Beverage,64500
5707,ultra milk coklat yakult gula pasir walls cornetto,Groceries,Food & Beverage,47000
5708,frisian flag uht good day cappuccino,Groceries,Food & Beverage,9000
5709,pepsodent nu green tea beras ramos indomie goreng roti tawar sari roti teh pucuk fiesta nugget kopi kapal api mix sunlight lime roma kelapa,Groceries,Food & Beverage,522300
5710,nasi putih capcay seafood es teh manis ayam bakar madu gurame bakar dimsum ayam,Restaurants,Food & Beverage,375500
5711,sunlight lime tepung segitiga biru ultra milk coklat saus sambal abc frisian flag uht silverqueen mie sedaap soto,Groceries,Food & Beverage,102500
5712,polo shirt topi baseball,Apparel,Lifestyle & Entertainment,215500
5713,sanmol tablet promag tablet enervon c botol paracetamol mg,Health,Health & Personal Care,105500
5714,walls cornetto ultra milk coklat indomie goreng yakult sosis so nice pop mie ayam gula pasir bimoli l telur ayam good day cappuccino beras ramos kopi kapal api mix garam refina roma kelapa sunlight lime,Groceries,Food & Beverage,390800
5715,good day cappuccino bimoli l,Groceries,Food & Beverage,45000
5716,piattos sapi panggang filma minyak l sosis so nice kecap bango pop mie ayam mie sedaap soto telur ayam aqua indomie goreng roti tawar sari roti,Groceries,Food & Beverage,283000
5717,lap microfiber kain pel wipol attack easy spon cuci piring sabun cuci tangan,Household,Housing & Utilities,265500
5718,silverqueen bimoli l frisian flag uht teh pucuk indomie ayam bawang gula pasir pepsodent kecap bango pop mie ayam,Groceries,Food & Beverage,162300
5719,revvo,Gas & Fuel,Transportation,24000
5720,chicken popcorn ice cream cone paket burger combo spaghetti chicken paket hemat spicy chicken wings paket ayam nasi chicken nugget burger cheese nasi putih,Fast Food,Food & Beverage,526000
5721,paracetamol mg antangin cair,Health,Health & Personal Care,18500
5722,travel antarkota,Transportation,Transportation,301000
5723,almond croissant chocolate ice caffe latte,Coffee Shops,Food & Beverage,191000
5724,revvo,Gas & Fuel,Transportation,42000
5725,sanmol tablet termometer digital minyak kayu putih,Health,Health & Personal Care,314000
5726,extra shot chocolate ice almond croissant kopi susu gula aren es kopi pandan cheesecake slice,Coffee Shops,Food & Beverage,475500
5727,dexlite kopi kaleng,Gas & Fuel,Transportation,70000
5728,promag tablet antangin cair komix jahe paracetamol mg,Health,Health & Personal Care,30000
5729,le minerale roma kelapa silverqueen sosis so nice,Groceries,Food & Beverage,122000
5730,minyak kayu putih panadol biru strip antangin cair,Health,Health & Personal Care,76000
5731,chicken popcorn spaghetti chicken pudding chocolate sambal extra,Fast Food,Food & Beverage,226000
5732,pudding chocolate spicy chicken wings sambal extra burger cheese spaghetti chicken chicken nugget lemon tea pb ice cream cone paket burger combo chicken popcorn,Fast Food,Food & Beverage,515500
5733,hansaplast betadine sanmol tablet,Health,Health & Personal Care,61000
5734,walls cornetto lifebuoy sabun batang le minerale roti tawar sari roti pop mie ayam sunlight lime frisian flag uht,Groceries,Food & Beverage,173000
5735,gantungan baju set cat tembok,Home Improvement,Housing & Utilities,391000
5736,lampu led keran air cat tembok storage box l kabel roll stop bantal sofa,Home Improvement,Housing & Utilities,692000
5737,teh pucuk pop mie ayam indomie ayam bawang silverqueen gula pasir,Groceries,Food & Beverage,279400
5738,ultra milk coklat tepung segitiga biru lifebuoy sabun batang indomie ayam bawang pepsodent bimoli l beras ramos,Groceries,Food & Beverage,668500
5739,beras ramos piattos sapi panggang lifebuoy sabun batang good day cappuccino teh pucuk silverqueen garam refina filma minyak l bimoli l pop mie ayam roma kelapa oreo vanilla,Groceries,Food & Beverage,280000
5740,bimoli l indomie ayam bawang nu green tea tepung segitiga biru,Groceries,Food & Beverage,165500
5741,wipol molto pewangi sunlight lime attack easy,Household,Housing & Utilities,430400
5742,filma minyak l sosis so nice saus sambal abc tissue nice s oreo vanilla piattos sapi panggang yakult,Groceries,Food & Beverage,177500
5743,kaos kaki celana chino dress wanita,Apparel,Lifestyle & Entertainment,831000
5744,caffe latte spanish latte cappuccino,Coffee Shops,Food & Beverage,198500
5745,service charge rice bowl chicken spicy chicken wings ayam goreng crispy paket hemat chicken popcorn,Fast Food,Food & Beverage,169500
5746,cola medium,Fast Food,Food & Beverage,20000
5747,molto pewangi tissue paseo s karbol wangi baygon aerosol wipol rinso deterjen,Household,Housing & Utilities,251500
5748,chicken nugget spicy chicken wings nasi putih ayam goreng crispy ice cream cone,Fast Food,Food & Beverage,240000
5749,shell super,Gas & Fuel,Transportation,257500
5750,roma kelapa frisian flag uht,Groceries,Food & Beverage,45000
5751,sos pembersih lantai lap microfiber sikat wc sunlight lime tissue paseo s wipol,Household,Housing & Utilities,352000
5752,usb hub port,Electronics & Software,Lifestyle & Entertainment,173000
5753,pertamax,Gas & Fuel,Transportation,39000
5754,anti gores hp oppo a,Electronics & Software,Lifestyle & Entertainment,2756000
5755,paracetamol mg betadine oralit sachet,Health,Health & Personal Care,41000
5756,charger fast,Electronics & Software,Lifestyle & Entertainment,82000
5757,pisau dapur obeng set kabel roll stop rak susun tingkat keran air gantungan baju set storage box l talenan lampu led cat tembok bantal sofa artificial plant,Home Improvement,Housing & Utilities,1949500
5758,es teh manis soto ayam mie goreng jawa jeruk hangat gurame bakar dimsum ayam ayam bakar madu capcay seafood sop iga kwetiau siram sapi,Restaurants,Food & Beverage,446400
5759,shell super,Gas & Fuel,Transportation,315000
5760,burger cheese spicy chicken wings,Fast Food,Food & Beverage,166000
5761,oralit sachet hansaplast obh combi minyak kayu putih,Health,Health & Personal Care,79000
5762,beras ramos good day cappuccino roma kelapa telur ayam,Groceries,Food & Beverage,282600
5763,roma kelapa lifebuoy sabun batang,Groceries,Food & Beverage,56000
5764,komix jahe,Health,Health & Personal Care,3000
5765,shell v power,Gas & Fuel,Transportation,186000
5766,lychee tea,Coffee Shops,Food & Beverage,30000
5767,cinnamon roll chocolate ice iced americano es kopi pandan cappuccino,Coffee Shops,Food & Beverage,239000
5768,bp,Gas & Fuel,Transportation,574000
5769,minyak kayu putih vitamin c mg termometer digital oralit sachet bodrex flu batuk,Health,Health & Personal Care,241000
5770,cat tembok storage box l organizer drawer artificial plant,Home Improvement,Housing & Utilities,498000
5771,caffe latte tax resto,Coffee Shops,Food & Beverage,32000
5772,spanish latte banana bread almond croissant cappuccino chocolate ice brownies caffe latte lychee tea cheesecake slice tax resto oat milk,Coffee Shops,Food & Beverage,546000
5773,service charge air mineral,Restaurants,Food & Beverage,59900
5774,le minerale fiesta nugget good day cappuccino pepsodent aqua pop mie ayam frisian flag uht,Groceries,Food & Beverage,300000
5775,pb spaghetti chicken burger cheese paket hemat pudding chocolate rice bowl chicken,Fast Food,Food & Beverage,447300
5776,sambal extra nasi putih,Fast Food,Food & Beverage,54500
5777,kain pel attack easy molto pewangi sunlight lime super pell stella pengharum,Household,Housing & Utilities,390500
5778,pertamax,Gas & Fuel,Transportation,338000
5779,sunlight lime roma kelapa,Groceries,Food & Beverage,117000
5780,pudding chocolate cola medium sambal extra nasi putih,Fast Food,Food & Beverage,180000
5781,chitato sapi panggang silverqueen lifebuoy sabun batang le minerale tepung segitiga biru indomie ayam bawang sosis so nice filma minyak l bimoli l garam refina,Groceries,Food & Beverage,178000
5782,matcha latte iced americano banana bread es kopi pandan,Coffee Shops,Food & Beverage,119000
5783,yakult roma kelapa garam refina piattos sapi panggang ultra milk coklat nu green tea saus sambal abc,Groceries,Food & Beverage,292000
5784,sport bra,Apparel,Lifestyle & Entertainment,130000
5785,tiket kereta ekonomi,Transportation,Transportation,157000
5786,garam refina mie sedaap soto fiesta nugget le minerale sunlight lime,Groceries,Food & Beverage,190000
5787,kabel roll stop,Home Improvement,Housing & Utilities,163000
5788,shell v power,Gas & Fuel,Transportation,33000
5789,revvo,Gas & Fuel,Transportation,336000
5790,mie sedaap soto frisian flag uht roti tawar sari roti ultra milk coklat,Groceries,Food & Beverage,126000
5791,keyboard usb flashdisk samsung a case hp,Electronics & Software,Lifestyle & Entertainment,2820000
5792,chitato sapi panggang frisian flag uht nu green tea mie sedaap soto sosis so nice indomie ayam bawang,Groceries,Food & Beverage,48000
5793,wardah lightening toner azarine sunscreen,Beauty,Health & Personal Care,99000
5794,bakso urat bebek goreng air mineral sate ayam tsk mie ayam jamur kwetiau siram sapi,Restaurants,Food & Beverage,206100
5795,take away bag paket burger combo ayam goreng crispy chicken popcorn ice cream cone,Fast Food,Food & Beverage,130300
5796,banana bread lychee tea spanish latte caffe latte cappuccino cheesecake slice croissant butter brownies,Coffee Shops,Food & Beverage,344500
5797,tiket pesawat domestik,Transportation,Transportation,864000
5798,polo shirt sepatu sneakers,Apparel,Lifestyle & Entertainment,884000
5799,pudding chocolate chicken popcorn,Fast Food,Food & Beverage,42500
5800,french fries paket ayam nasi,Fast Food,Food & Beverage,55000
5801,almond croissant es kopi pandan service charge spanish latte,Coffee Shops,Food & Beverage,149400
5802,herborist body butter maybelline fit me,Beauty,Health & Personal Care,260000
5803,chicken popcorn cola medium burger cheese ice cream cone take away bag,Fast Food,Food & Beverage,116000
5804,promag tablet oralit sachet termometer digital sanmol tablet antangin cair minyak kayu putih hansaplast obh combi panadol biru strip enervon c botol,Health,Health & Personal Care,483000
5805,shell v power,Gas & Fuel,Transportation,480000
5806,banana bread chocolate ice cappuccino matcha latte cheesecake slice,Coffee Shops,Food & Beverage,482000
5807,beras ramos sosis so nice mie sedaap soto gula pasir ultra milk coklat silverqueen aqua,Groceries,Food & Beverage,497500
5808,hand cream,Beauty,Health & Personal Care,19000
5809,bantal sofa obeng set cat tembok jam dinding organizer drawer food container set keran air gantungan baju set pot tanaman,Home Improvement,Housing & Utilities,1268000
5810,bimoli l indomie goreng le minerale silverqueen walls cornetto,Groceries,Food & Beverage,258000
5811,cumi saus padang sop iga es cendol soto ayam,Restaurants,Food & Beverage,448500
5812,oat milk es kopi pandan kopi susu gula aren,Coffee Shops,Food & Beverage,87500
5813,caffe latte es kopi pandan cappuccino matcha latte,Coffee Shops,Food & Beverage,199000
5814,lifebuoy sabun batang telur ayam frisian flag uht,Groceries,Food & Beverage,58000
5815,karbol wangi kain pel attack easy,Household,Housing & Utilities,215500
5816,gurame bakar soto ayam sop iga service charge ayam bakar madu bakso urat,Restaurants,Food & Beverage,488000
5817,pisau dapur rak susun tingkat storage box l jam dinding pot tanaman artificial plant,Home Improvement,Housing & Utilities,697000
5818,masker medis minyak kayu putih vitamin c mg antangin cair,Health,Health & Personal Care,137000
5819,shell super,Gas & Fuel,Transportation,652000
5820,jam dinding obeng set keran air pisau dapur food container set kabel roll stop,Home Improvement,Housing & Utilities,909000
5821,chitato sapi panggang lifebuoy sabun batang frisian flag uht garam refina teh pucuk mie sedaap soto piattos sapi panggang,Groceries,Food & Beverage,134500
5822,pertalite,Gas & Fuel,Transportation,290000
5823,lifebuoy sabun batang sosis so nice silverqueen kecap bango,Groceries,Food & Beverage,118000
5824,hansaplast antangin cair panadol biru strip minyak kayu putih promag tablet,Health,Health & Personal Care,112000
5825,sop iga mie goreng jawa,Restaurants,Food & Beverage,310000
5826,kopi susu gula aren cinnamon roll extra shot cheesecake slice spanish latte tax resto caffe latte,Coffee Shops,Food & Beverage,384800
5827,sepatu sneakers topi baseball,Apparel,Lifestyle & Entertainment,862000
5828,roti tawar sari roti ultra milk coklat good day cappuccino piattos sapi panggang tepung segitiga biru telur ayam,Groceries,Food & Beverage,243500
5829,kabel roll stop sekrup set storage box l artificial plant,Home Improvement,Housing & Utilities,423500
5830,paket ayam nasi chicken nugget rice bowl chicken french fries nasi putih burger cheese take away bag ayam goreng crispy,Fast Food,Food & Beverage,300000
5831,bp,Gas & Fuel,Transportation,196000
5832,kecap bango oreo vanilla fiesta nugget mie sedaap soto roma kelapa,Groceries,Food & Beverage,105000
5833,saus sambal abc indomie goreng piattos sapi panggang,Groceries,Food & Beverage,32000
5834,bodrex flu batuk panadol biru strip,Health,Health & Personal Care,27000
5835,iced americano chocolate ice,Coffee Shops,Food & Beverage,130000
5836,lychee tea caffe latte croissant butter iced americano,Coffee Shops,Food & Beverage,117800
5837,komix jahe masker medis tolak angin box vitamin c mg minyak kayu putih obh combi promag tablet,Health,Health & Personal Care,261500
5838,paket hemat sambal extra paket ayam nasi spaghetti chicken paket burger combo,Fast Food,Food & Beverage,188000
5839,organizer drawer pot tanaman gantungan baju set kabel roll stop sekrup set pisau dapur,Home Improvement,Housing & Utilities,572000
5840,sikat wc attack easy super pell rinso deterjen,Household,Housing & Utilities,189700
5841,lemon tea french fries take away bag,Fast Food,Food & Beverage,50000
5842,cheesecake slice es kopi pandan extra shot iced americano matcha latte kopi susu gula aren brownies chocolate ice lychee tea cinnamon roll,Coffee Shops,Food & Beverage,609500
5843,komix jahe panadol biru strip bodrex flu batuk enervon c botol obh combi oralit sachet masker medis vitamin c mg betadine tolak angin box,Health,Health & Personal Care,450800
5844,es kopi pandan banana bread cappuccino extra shot,Coffee Shops,Food & Beverage,141000
5845,nasi goreng spesial cumi saus padang ayam bakar madu soto ayam es teh manis mie ayam jamur es cendol,Restaurants,Food & Beverage,415000
5846,aqua chitato sapi panggang,Groceries,Food & Beverage,103000
5847,frisian flag uht roti tawar sari roti oreo vanilla,Groceries,Food & Beverage,59000
5848,spaghetti chicken nasi putih burger cheese,Fast Food,Food & Beverage,69500
5849,cat tembok jam dinding bantal sofa,Home Improvement,Housing & Utilities,321000
5850,shell super,Gas & Fuel,Transportation,542000
5851,ponds face wash makarizo hair mask somethinc serum azarine sunscreen hand cream body mist revlon lipstick pixy bedak two way cake garnier micellar water scarlett body scrub,Beauty,Health & Personal Care,922500
5852,aqua kecap bango pepsodent frisian flag uht lifebuoy sabun batang ultra milk coklat garam refina tissue nice s pop mie ayam silverqueen roti tawar sari roti gula pasir,Groceries,Food & Beverage,449500
5853,emina lip cream pixy bedak two way cake hand cream,Beauty,Health & Personal Care,139000
5854,oreo vanilla garam refina kopi kapal api mix,Groceries,Food & Beverage,33000
5855,aqua telur ayam saus sambal abc sosis so nice lifebuoy sabun batang gula pasir tissue nice s filma minyak l nu green tea piattos sapi panggang,Groceries,Food & Beverage,180000
5856,spicy chicken wings burger cheese,Fast Food,Food & Beverage,110000
5857,take away bag lemon tea,Fast Food,Food & Beverage,24000
5858,frisian flag uht beras ramos le minerale,Groceries,Food & Beverage,100500
5859,hand cream,Beauty,Health & Personal Care,106000
5860,fiesta nugget kecap bango walls cornetto pepsodent kopi kapal api mix gula pasir tissue nice s,Groceries,Food & Beverage,208500
5861,dexlite,Gas & Fuel,Transportation,420000
5862,pertalite,Gas & Fuel,Transportation,320000
5863,spanish latte,Coffee Shops,Food & Beverage,99000
5864,wardah lightening toner azarine sunscreen vaseline body lotion hand cream skintific moisturizer,Beauty,Health & Personal Care,306300
5865,pepsodent aqua walls cornetto,Groceries,Food & Beverage,30000
5866,storage box l artificial plant obeng set jam dinding pisau dapur talenan,Home Improvement,Housing & Utilities,548700
5867,kopi kapal api mix pop mie ayam kecap bango lifebuoy sabun batang telur ayam,Groceries,Food & Beverage,95000
5868,travel antarkota,Transportation,Transportation,189000
5869,kain pel spon cuci piring sabun cuci tangan,Household,Housing & Utilities,129400
5870,gurame bakar sate ayam tsk,Restaurants,Food & Beverage,128500
5871,chitato sapi panggang silverqueen tepung segitiga biru good day cappuccino bimoli l indomie goreng mie sedaap soto walls cornetto nu green tea tissue nice s kopi kapal api mix ultra milk coklat,Groceries,Food & Beverage,305800
5872,pertamax turbo,Gas & Fuel,Transportation,528000
5873,pertamax turbo,Gas & Fuel,Transportation,405000
5874,oreo vanilla mie sedaap soto garam refina lifebuoy sabun batang sunlight lime beras ramos saus sambal abc aqua,Groceries,Food & Beverage,209900
5875,pertamax turbo,Gas & Fuel,Transportation,15000
5876,kain pel sabun cuci tangan tissue paseo s baygon aerosol lap microfiber stella pengharum karbol wangi,Household,Housing & Utilities,585000
5877,kain pel spon cuci piring tissue paseo s sikat wc stella pengharum sos pembersih lantai rinso deterjen,Household,Housing & Utilities,503000
5878,pop mie ayam walls cornetto chitato sapi panggang bimoli l roma kelapa,Groceries,Food & Beverage,104000
5879,maybelline fit me,Beauty,Health & Personal Care,124000
5880,ellips hair vitamin hand cream somethinc serum,Beauty,Health & Personal Care,268000
5881,sabun cuci tangan super pell plastik sampah x sikat wc wipol baygon aerosol sos pembersih lantai molto pewangi karbol wangi spon cuci piring,Household,Housing & Utilities,720000
5882,gula pasir kecap bango chitato sapi panggang mie sedaap soto tissue nice s,Groceries,Food & Beverage,118000
5883,dimsum ayam,Restaurants,Food & Beverage,24000
5884,molto pewangi sunlight lime rinso deterjen spon cuci piring sikat wc karbol wangi super pell sos pembersih lantai wipol tissue paseo s baygon aerosol kain pel,Household,Housing & Utilities,720000
5885,saus sambal abc telur ayam sunlight lime bimoli l filma minyak l teh pucuk tepung segitiga biru fiesta nugget,Groceries,Food & Beverage,232500
5886,gurame bakar es teh manis es cendol,Restaurants,Food & Beverage,164000
5887,sabun cuci tangan sikat wc kain pel karbol wangi baygon aerosol plastik sampah x lap microfiber molto pewangi,Household,Housing & Utilities,460500
5888,spicy chicken wings ayam goreng crispy,Fast Food,Food & Beverage,121000
5889,gantungan baju set keran air food container set,Home Improvement,Housing & Utilities,403000
5890,tissue nice s sosis so nice oreo vanilla pop mie ayam garam refina saus sambal abc,Groceries,Food & Beverage,150000
5891,good day cappuccino roti tawar sari roti walls cornetto oreo vanilla aqua beras ramos sosis so nice tepung segitiga biru frisian flag uht,Groceries,Food & Beverage,652900
5892,revvo,Gas & Fuel,Transportation,28000
5893,es teh manis,Restaurants,Food & Beverage,90000
5894,sambal extra spicy chicken wings spaghetti chicken ice cream cone french fries pudding chocolate cola medium take away bag,Fast Food,Food & Beverage,208700
5895,tax resto es teh manis service charge jeruk hangat,Restaurants,Food & Beverage,93500
5896,case hp,Electronics & Software,Lifestyle & Entertainment,84500
5897,revvo,Gas & Fuel,Transportation,240000
5898,croissant butter almond croissant matcha latte caffe latte es kopi pandan iced americano,Coffee Shops,Food & Beverage,468000
5899,legging sport,Apparel,Lifestyle & Entertainment,226000
5900,piattos sapi panggang silverqueen sosis so nice good day cappuccino teh pucuk roma kelapa oreo vanilla gula pasir,Groceries,Food & Beverage,98600
5901,redmi note anti gores hp keyboard usb flashdisk,Electronics & Software,Lifestyle & Entertainment,4065500
5902,masker medis panadol biru strip minyak kayu putih oralit sachet,Health,Health & Personal Care,185500
5903,tiket kereta eksekutif,Transportation,Transportation,302000
5904,celana chino dress wanita,Apparel,Lifestyle & Entertainment,522000
5905,nasi goreng spesial,Restaurants,Food & Beverage,86000
5906,jam dinding gantungan baju set organizer drawer artificial plant sekrup set keran air lampu led,Home Improvement,Housing & Utilities,757800
5907,bagasi tambahan tiket pesawat domestik airport train tiket kereta ekonomi tiket ferry,Transportation,Transportation,1697500
5908,organizer drawer sekrup set lampu led storage box l kabel roll stop jam dinding pisau dapur food container set,Home Improvement,Housing & Utilities,958000
5909,bio solar,Gas & Fuel,Transportation,21000
5910,pertamax,Gas & Fuel,Transportation,210000
5911,scarlett body scrub somethinc serum hand cream,Beauty,Health & Personal Care,294000
5912,headset bluetooth,Electronics & Software,Lifestyle & Entertainment,221000
5913,frisian flag uht indomie ayam bawang walls cornetto garam refina saus sambal abc nu green tea pop mie ayam aqua teh pucuk sunlight lime,Groceries,Food & Beverage,167900
5914,pertamax turbo,Gas & Fuel,Transportation,555000
5915,pertalite,Gas & Fuel,Transportation,360000
5916,pertamax,Gas & Fuel,Transportation,286000
5917,gula pasir good day cappuccino bimoli l tissue nice s pop mie ayam beras ramos kopi kapal api mix,Groceries,Food & Beverage,247000
5918,good day cappuccino piattos sapi panggang beras ramos indomie goreng,Groceries,Food & Beverage,143000
5919,shell super kopi kaleng,Gas & Fuel,Transportation,504000
5920,lifebuoy sabun batang indomie ayam bawang tissue nice s oreo vanilla silverqueen chitato sapi panggang gula pasir,Groceries,Food & Beverage,317000
5921,oreo vanilla le minerale kecap bango frisian flag uht ultra milk coklat indomie goreng telur ayam lifebuoy sabun batang pepsodent,Groceries,Food & Beverage,228200
5922,indomie goreng sosis so nice pop mie ayam sunlight lime garam refina saus sambal abc le minerale,Groceries,Food & Beverage,85300
5923,mie sedaap soto pop mie ayam sunlight lime roti tawar sari roti,Groceries,Food & Beverage,142000
5924,bodrex flu batuk betadine tolak angin box,Health,Health & Personal Care,87000
5925,cumi saus padang service charge sop iga,Restaurants,Food & Beverage,902500
5926,storage box l cat tembok keran air pisau dapur pot tanaman food container set,Home Improvement,Housing & Utilities,824000
5927,makarizo hair mask somethinc serum emina lip cream scarlett body scrub,Beauty,Health & Personal Care,408000
5928,aqua silverqueen beras ramos nu green tea garam refina sosis so nice indomie ayam bawang tissue nice s pepsodent indomie goreng roma kelapa filma minyak l lifebuoy sabun batang saus sambal abc roti tawar sari roti,Groceries,Food & Beverage,546200
5929,es cendol jeruk hangat nasi goreng spesial capcay seafood bebek goreng bakso urat nasi putih,Restaurants,Food & Beverage,466500
5930,nasi goreng spesial service charge mie goreng jawa,Restaurants,Food & Beverage,111700
5931,filma minyak l indomie ayam bawang kopi kapal api mix roma kelapa garam refina walls cornetto piattos sapi panggang yakult,Groceries,Food & Beverage,157500
5932,paket burger combo pudding chocolate cola medium lemon tea,Fast Food,Food & Beverage,184000
5933,saus sambal abc mie sedaap soto fiesta nugget frisian flag uht le minerale oreo vanilla,Groceries,Food & Beverage,174000
5934,sate ayam tsk kwetiau siram sapi dimsum ayam nasi goreng spesial,Restaurants,Food & Beverage,181000
5935,oat milk cheesecake slice spanish latte cinnamon roll tax resto lychee tea banana bread,Coffee Shops,Food & Beverage,567000
5936,spanish latte almond croissant,Coffee Shops,Food & Beverage,206000
5937,ayam bakar madu gurame bakar sop iga es cendol service charge mie ayam jamur sate ayam tsk,Restaurants,Food & Beverage,893500
5938,tepung segitiga biru filma minyak l telur ayam good day cappuccino beras ramos,Groceries,Food & Beverage,307800
5939,pudding chocolate paket ayam nasi take away bag,Fast Food,Food & Beverage,46000
5940,lifebuoy sabun batang bimoli l filma minyak l fiesta nugget saus sambal abc good day cappuccino roma kelapa,Groceries,Food & Beverage,439500
5941,attack easy baygon aerosol sabun cuci tangan rinso deterjen spon cuci piring,Household,Housing & Utilities,404500
5942,sos pembersih lantai sunlight lime stella pengharum kain pel,Household,Housing & Utilities,572000
5943,revvo,Gas & Fuel,Transportation,247000
5944,caffe latte almond croissant banana bread service charge cheesecake slice,Coffee Shops,Food & Beverage,373000
5945,indomie ayam bawang telur ayam gula pasir filma minyak l,Groceries,Food & Beverage,149500
5946,croissant butter cappuccino matcha latte oat milk banana bread,Coffee Shops,Food & Beverage,240000
5947,kwetiau siram sapi capcay seafood nasi putih es cendol,Restaurants,Food & Beverage,247900
5948,oreo vanilla saus sambal abc piattos sapi panggang nu green tea yakult kopi kapal api mix beras ramos,Groceries,Food & Beverage,289500
5949,teh pucuk kopi kapal api mix yakult fiesta nugget,Groceries,Food & Beverage,83000
5950,bp,Gas & Fuel,Transportation,297000
5951,revlon lipstick azarine sunscreen maybelline fit me,Beauty,Health & Personal Care,347000
5952,roti tawar sari roti indomie ayam bawang filma minyak l,Groceries,Food & Beverage,58000
5953,molto pewangi sikat wc wipol kain pel tissue paseo s lap microfiber spon cuci piring karbol wangi,Household,Housing & Utilities,260500
5954,pertamax turbo,Gas & Fuel,Transportation,652500
5955,ayam goreng crispy chicken nugget,Fast Food,Food & Beverage,100000
5956,cheesecake slice extra shot kopi susu gula aren es kopi pandan,Coffee Shops,Food & Beverage,146400
5957,bagasi tambahan,Transportation,Transportation,422100
5958,bimoli l teh pucuk lifebuoy sabun batang fiesta nugget tissue nice s silverqueen nu green tea frisian flag uht telur ayam,Groceries,Food & Beverage,611500
5959,capcay seafood service charge,Restaurants,Food & Beverage,168000
5960,pot tanaman jam dinding organizer drawer rak susun tingkat obeng set gantungan baju set,Home Improvement,Housing & Utilities,1263200
5961,soto ayam,Restaurants,Food & Beverage,21000
5962,spaghetti chicken french fries take away bag burger cheese,Fast Food,Food & Beverage,93500
5963,mie goreng jawa mie ayam jamur,Restaurants,Food & Beverage,54100
5964,almond croissant kopi susu gula aren cinnamon roll matcha latte chocolate ice,Coffee Shops,Food & Beverage,232500
5965,shell super,Gas & Fuel,Transportation,348000
5966,soto ayam es cendol tax resto,Restaurants,Food & Beverage,114500
5967,super pell plastik sampah x baygon aerosol sikat wc,Household,Housing & Utilities,310000
5968,bp,Gas & Fuel,Transportation,14000
5969,kopi susu gula aren cappuccino iced americano banana bread matcha latte cinnamon roll,Coffee Shops,Food & Beverage,511000
5970,bebek goreng soto ayam mie goreng jawa,Restaurants,Food & Beverage,158200
5971,extra shot almond croissant spanish latte cheesecake slice,Coffee Shops,Food & Beverage,294000
5972,organizer drawer sekrup set rak susun tingkat talenan pot tanaman,Home Improvement,Housing & Utilities,489500
5973,oralit sachet panadol biru strip masker medis bodrex flu batuk paracetamol mg betadine komix jahe,Health,Health & Personal Care,174400
5974,parkir mobil shuttle bandung jkt tiket kereta eksekutif,Transportation,Transportation,941000
5975,tepung segitiga biru silverqueen sosis so nice bimoli l mie sedaap soto,Groceries,Food & Beverage,190000
5976,usb hub port,Electronics & Software,Lifestyle & Entertainment,143000
5977,bio solar,Gas & Fuel,Transportation,280000
5978,jeruk hangat mie goreng jawa soto ayam,Restaurants,Food & Beverage,71000
5979,hansaplast bodrex flu batuk,Health,Health & Personal Care,100000
5980,pertamax turbo,Gas & Fuel,Transportation,405000
5981,topi baseball kaos kaki,Apparel,Lifestyle & Entertainment,118000
5982,ultra milk coklat piattos sapi panggang sunlight lime teh pucuk indomie goreng walls cornetto saus sambal abc,Groceries,Food & Beverage,139000
5983,pixy bedak two way cake,Beauty,Health & Personal Care,75000
5984,iced americano croissant butter lychee tea cappuccino almond croissant,Coffee Shops,Food & Beverage,251400
5985,ultra milk coklat beras ramos aqua piattos sapi panggang garam refina,Groceries,Food & Beverage,184000
5986,roti tawar sari roti oreo vanilla kecap bango,Groceries,Food & Beverage,276000
5987,capcay seafood mie goreng jawa gurame bakar,Restaurants,Food & Beverage,357400
5988,sop iga es teh manis,Restaurants,Food & Beverage,100000
5989,organizer drawer sekrup set pisau dapur kabel roll stop lampu led keran air gantungan baju set obeng set,Home Improvement,Housing & Utilities,755900
5990,revlon lipstick wardah lightening toner makarizo hair mask hand cream,Beauty,Health & Personal Care,205000
5991,lifebuoy sabun batang good day cappuccino fiesta nugget filma minyak l pepsodent,Groceries,Food & Beverage,162000
5992,tissue nice s garam refina filma minyak l indomie goreng,Groceries,Food & Beverage,238500
5993,cola medium french fries chicken nugget lemon tea tax resto,Fast Food,Food & Beverage,327800
5994,bakso urat nasi putih bebek goreng,Restaurants,Food & Beverage,84500
5995,attack easy sunlight lime wipol sabun cuci tangan rinso deterjen stella pengharum kain pel lap microfiber sos pembersih lantai,Household,Housing & Utilities,496500
5996,kabel data type c keyboard usb,Electronics & Software,Lifestyle & Entertainment,313000
5997,piattos sapi panggang kecap bango,Groceries,Food & Beverage,34000
5998,beras ramos walls cornetto fiesta nugget teh pucuk oreo vanilla,Groceries,Food & Beverage,263000
5999,saus sambal abc mie sedaap soto ultra milk coklat pop mie ayam tepung segitiga biru nu green tea kecap bango,Groceries,Food & Beverage,236000
6000,bebek goreng air mineral,Restaurants,Food & Beverage,71500
